"run","setpoint_C","Tref_C","node","channel","flag","counts","R_mean","resid_mK","bias_SM_mK","win_min","sprt_sd_mK","sprt_drift_mK","settled"
"B_20260705-091555_-37to-15",-37,-37.1790670765838,"N92","NTC1","ok",3717220.17567568,166037.220674227,-7.47501860273303,-115.4,30,7.5,-1.6,TRUE
"B_20260705-091555_-37to-15",-37,-37.1790670765838,"N92","NTC2","ok",3714303.85135135,165842.060975603,14.3480934121527,-10,30,7.5,-1.6,TRUE
"B_20260705-091555_-37to-15",-37,-37.1790670765838,"N92","TestSB","ok",3724633.12162162,166533.981406265,-62.8955065889585,-13.2,30,7.5,-1.6,TRUE
"B_20260705-091555_-37to-15",-37,-37.1790670765838,"N93","NTC1","ok",3724742.25675676,166541.302223697,-63.7108720885209,-27.1,30,7.5,-1.6,TRUE
"B_20260705-091555_-37to-15",-37,-37.1790670765838,"N93","NTC2","ok",3714998.58108108,165888.538261773,9.14833436247875,-8.4,30,7.5,-1.6,TRUE
"B_20260705-091555_-37to-15",-37,-37.1790670765838,"N93","TestSB","ok",3717066.97297297,166026.964586437,-6.32887306979057,-6.8,30,7.5,-1.6,TRUE
"B_20260705-091555_-37to-15",-37,-37.1790670765838,"N94","NTC1","ok",3726167.78378378,166636.946716896,-74.359748172057,-7.9,30,7.5,-1.6,TRUE
"B_20260705-091555_-37to-15",-37,-37.1790670765838,"N94","NTC2","ok",3722741.2972973,166407.111363685,-48.7588705743605,-9,30,7.5,-1.6,TRUE
"B_20260705-091555_-37to-15",-37,-37.1790670765838,"N94","TestSB","ok",3727455.58108108,166723.381854544,-83.977439114264,-7.6,30,7.5,-1.6,TRUE
"B_20260705-091555_-37to-15",-37,-37.1790670765838,"N96","NTC1","ok",3721610.5,166331.308299168,-40.3067202773713,-7.8,30,7.5,-1.6,TRUE
"B_20260705-091555_-37to-15",-37,-37.1790670765838,"N96","NTC2","ok",3726515.68918919,166660.294688274,-76.9582369577932,-6.5,30,7.5,-1.6,TRUE
"B_20260705-091555_-37to-15",-37,-37.1790670765838,"N96","TestSB","ok",3715687.72972973,165934.650733915,3.9909872779873,-111,30,7.5,-1.6,TRUE
"B_20260705-091555_-37to-15",-37,-37.1789501408591,"N88","NTC1","ok",3729784.71666667,166879.786146347,-101.483519833344,-9.3,30,7.5,-1.6,TRUE
"B_20260705-091555_-37to-15",-37,-37.1789501408591,"N88","NTC2","ok",3714814.2,165876.202358265,10.4113501205134,-8.6,30,7.5,-1.6,TRUE
"B_20260705-091555_-37to-15",-37,-37.1789501408591,"N88","TestSB","ok",3719156.76666667,166166.90127222,-22.0773380068167,-144.4,30,7.5,-1.6,TRUE
"B_20260705-091555_-37to-15",-37,-37.1789501408591,"N89","NTC1","ok",3715110.36666667,165896.017505164,8.19479117442512,-7.2,30,7.5,-1.6,TRUE
"B_20260705-091555_-37to-15",-37,-37.1789501408591,"N89","NTC2","ok",3722075.01666667,166362.444416042,-43.8958948499462,-8.6,30,7.5,-1.6,TRUE
"B_20260705-091555_-37to-15",-37,-37.1789501408591,"N89","TestSB","ok",3721413.46666667,166318.102512473,-38.9507546523973,-66.6,30,7.5,-1.6,TRUE
"B_20260705-091555_-37to-15",-37,-37.1789501408591,"N90","NTC1","ok",3712121.86666667,165696.142924415,30.5666083099325,-9,30,7.5,-1.6,TRUE
"B_20260705-091555_-37to-15",-37,-37.1789501408591,"N90","NTC2","ok",3725384.11666667,166584.362721457,-68.6229214981253,-6.4,30,7.5,-1.6,TRUE
"B_20260705-091555_-37to-15",-37,-37.1789501408591,"N90","TestSB","ok",3725014.93333333,166559.594387891,-65.864947390331,-7.3,30,7.5,-1.6,TRUE
"B_20260705-091555_-37to-15",-37,-37.1789501408591,"N91","NTC1","ok",3717287.06666667,166041.698794549,-8.09237173620403,-97.7,30,7.5,-1.6,TRUE
"B_20260705-091555_-37to-15",-37,-37.1789501408591,"N91","NTC2","ok",3716102.51666667,165962.409162921,0.770238527032063,-10.9,30,7.5,-1.6,TRUE
"B_20260705-091555_-37to-15",-37,-37.1789501408591,"N91","TestSB","ok",3715980.63333333,165954.252149039,1.68225651655263,-10.6,30,7.5,-1.6,TRUE
"B_20260705-091555_-37to-15",-37,-37.1754099318233,"N29","NTC1","ok",3723231.1,166439.952462765,-56.0765184699505,-71.9,30,7.5,-1.6,TRUE
"B_20260705-091555_-37to-15",-37,-37.1754099318233,"N29","NTC2","ok",3727433.21666667,166721.880531377,-87.4675779463701,-12.3,30,7.5,-1.6,TRUE
"B_20260705-091555_-37to-15",-37,-37.1754099318233,"N29","TestSB","ok",3714784.33333333,165874.204204616,7.09467455379809,-9,30,7.5,-1.6,TRUE
"B_20260705-091555_-37to-15",-37,-37.1754099318233,"N97","NTC1","ok",3711314.6,165642.179406819,33.0716314494168,-9.2,30,7.5,-1.6,TRUE
"B_20260705-091555_-37to-15",-37,-37.1754099318233,"N97","NTC2","ok",3721192.6,166303.300172179,-40.8398371895657,-9,30,7.5,-1.6,TRUE
"B_20260705-091555_-37to-15",-37,-37.1754099318233,"N97","TestSB","ok",3721537.88333333,166326.441223061,-43.4210330424492,-51.8,30,7.5,-1.6,TRUE
"B_20260705-091555_-37to-15",-37,-37.1754099318233,"N98","NTC1","ok",3683090.83333333,163762.815434709,244.980787385941,283.1,30,7.5,-1.6,TRUE
"B_20260705-091555_-37to-15",-37,-37.1754099318233,"N98","NTC2","ok",3599738.21666667,158294.337586426,877.280471823354,936.2,30,7.5,-1.6,TRUE
"B_20260705-091555_-37to-15",-37,-37.1754099318233,"N98","TestSB","FAULTY",3535161.6,154139.777012999,1374.08801280262,1377.4,30,7.5,-1.6,TRUE
"B_20260705-091555_-37to-15",-37,-37.1754099318233,"N99","NTC1","ok",3727764.98333333,166744.152954038,-89.9449722877819,-45.7,30,7.5,-1.6,TRUE
"B_20260705-091555_-37to-15",-37,-37.1754099318233,"N99","NTC2","ok",3721164.28333333,166301.402471089,-40.6281463972107,-7.8,30,7.5,-1.6,TRUE
"B_20260705-091555_-37to-15",-37,-37.1754099318233,"N99","TestSB","ok",3705446.95,165250.29417311,77.0380255987106,57.3,30,7.5,-1.6,TRUE
"A_20260703-234444_multiday_-35to0",-35,-35.1841463292833,"N29","NTC1","ok",3462400.66176471,149542.086323574,-49.7440962572853,-62.5,30,6.2,-15,TRUE
"A_20260703-234444_multiday_-35to0",-35,-35.1841463292833,"N29","NTC2","ok",3466425.14705882,149794.120415315,-81.3483645682425,-7.4,30,6.2,-15,TRUE
"A_20260703-234444_multiday_-35to0",-35,-35.1841463292833,"N29","TestSB","ok",3454476.19117647,149046.583556007,12.5632058392853,-4.8,30,6.2,-15,TRUE
"A_20260703-234444_multiday_-35to0",-35,-35.1841463292833,"N97","NTC1","ok",3451166.79411765,148839.954130448,38.6139555438092,-4.3,30,6.2,-15,TRUE
"A_20260703-234444_multiday_-35to0",-35,-35.1841463292833,"N97","NTC2","ok",3460553.17647059,149426.475360148,-35.227053765766,-4.8,30,6.2,-15,TRUE
"A_20260703-234444_multiday_-35to0",-35,-35.1841463292833,"N97","TestSB","ok",3461028.07352941,149456.187927256,-38.9591933972611,-40.6,30,6.2,-15,TRUE
"A_20260703-234444_multiday_-35to0",-35,-35.1841463292833,"N98","NTC1","ok",3422789.94117647,147075.430090752,262.725431825572,299.2,30,6.2,-15,TRUE
"A_20260703-234444_multiday_-35to0",-35,-35.1841463292833,"N98","NTC2","FAULTY",3328900.25,141328.236322632,1013.93010086844,1071.7,30,6.2,-15,TRUE
"A_20260703-234444_multiday_-35to0",-35,-35.1841463292833,"N98","TestSB","FAULTY",3255128.45588235,136908.161693156,1615.13937118633,1615.8,30,6.2,-15,TRUE
"A_20260703-234444_multiday_-35to0",-35,-35.1841463292833,"N99","NTC1","ok",3466853.33823529,149820.951462749,-84.709413367932,-36.4,30,6.2,-15,TRUE
"A_20260703-234444_multiday_-35to0",-35,-35.1841463292833,"N99","NTC2","ok",3460511.75,149423.883631419,-34.9014725164238,-3.9,30,6.2,-15,TRUE
"A_20260703-234444_multiday_-35to0",-35,-35.1841463292833,"N99","TestSB","ok",3447198.83823529,148592.439609318,69.872209613294,49.1,30,6.2,-15,TRUE
"A_20260703-234444_multiday_-35to0",-35,-35.1777144595882,"N88","NTC1","ok",3467412,149855.962461591,-95.5260059118359,-4.3,30,6.2,-15,TRUE
"A_20260703-234444_multiday_-35to0",-35,-35.1777144595882,"N88","NTC2","ok",3453263.89230769,148970.870460753,15.6721857080129,-5.2,30,6.2,-15,TRUE
"A_20260703-234444_multiday_-35to0",-35,-35.1777144595882,"N88","TestSB","ok",3457407.30769231,149229.742292686,-16.9268387565182,-124.3,30,6.2,-15,TRUE
"A_20260703-234444_multiday_-35to0",-35,-35.1777144595882,"N89","NTC1","ok",3453633.90769231,148993.976934533,12.7598940621851,-4,30,6.2,-15,TRUE
"A_20260703-234444_multiday_-35to0",-35,-35.1777144595882,"N89","NTC2","ok",3460420.47692308,149418.173490522,-40.6159939230122,-6,30,6.2,-15,TRUE
"A_20260703-234444_multiday_-35to0",-35,-35.1777144595882,"N89","TestSB","ok",3459978.61538462,149390.532073615,-37.1430531390615,-59.3,30,6.2,-15,TRUE
"A_20260703-234444_multiday_-35to0",-35,-35.1777144595882,"N90","NTC1","ok",3450746.07692308,148813.698428171,35.4951425235299,-5,30,6.2,-15,TRUE
"A_20260703-234444_multiday_-35to0",-35,-35.1777144595882,"N90","NTC2","ok",3463334.75384615,149600.560544625,-63.513713669181,-3.5,30,6.2,-15,TRUE
"A_20260703-234444_multiday_-35to0",-35,-35.1777144595882,"N90","TestSB","ok",3463116.13846154,149586.873937755,-61.7965096067508,-5.3,30,6.2,-15,TRUE
"A_20260703-234444_multiday_-35to0",-35,-35.1777144595882,"N91","NTC1","ok",3455748.87692308,149126.093667024,-3.88219468644024,-87.8,30,6.2,-15,TRUE
"A_20260703-234444_multiday_-35to0",-35,-35.1777144595882,"N91","NTC2","ok",3454617.84615385,149055.432049747,5.01666043385285,-8.6,30,6.2,-15,TRUE
"A_20260703-234444_multiday_-35to0",-35,-35.1777144595882,"N91","TestSB","ok",3454539.09230769,149050.51264198,5.6363663674972,-8.9,30,6.2,-15,TRUE
"A_20260703-234444_multiday_-35to0",-35,-35.1775719412889,"N92","NTC1","ok",3455313.9,149098.915851092,-0.602596630699281,-100.7,30,6.2,-15,TRUE
"A_20260703-234444_multiday_-35to0",-35,-35.1775719412889,"N92","NTC2","ok",3452618.38333333,148930.565451633,20.6108275121721,-4.8,30,6.2,-15,TRUE
"A_20260703-234444_multiday_-35to0",-35,-35.1775719412889,"N92","TestSB","ok",3462338.25,149538.179848442,-55.8281593140464,-7.4,30,6.2,-15,TRUE
"A_20260703-234444_multiday_-35to0",-35,-35.1775719412889,"N93","NTC1","ok",3462803.33333333,149567.291850139,-59.4818378923492,-21.1,30,6.2,-15,TRUE
"A_20260703-234444_multiday_-35to0",-35,-35.1775719412889,"N93","NTC2","ok",3453692.68333333,148997.6475205,12.1547889545468,-5.6,30,6.2,-15,TRUE
"A_20260703-234444_multiday_-35to0",-35,-35.1775719412889,"N93","TestSB","ok",3455331.45,149100.012334229,-0.740674590247181,-3.7,30,6.2,-15,TRUE
"A_20260703-234444_multiday_-35to0",-35,-35.1775719412889,"N94","NTC1","ok",3463843.28333333,149632.400480947,-67.6503869825638,-3.2,30,6.2,-15,TRUE
"A_20260703-234444_multiday_-35to0",-35,-35.1775719412889,"N94","NTC2","ok",3460679.95,149434.406756721,-42.7977701923794,-4.9,30,6.2,-15,TRUE
"A_20260703-234444_multiday_-35to0",-35,-35.1775719412889,"N94","TestSB","ok",3465265.88333333,149721.494324409,-78.8217338831316,-4.8,30,6.2,-15,TRUE
"A_20260703-234444_multiday_-35to0",-35,-35.1775719412889,"N96","NTC1","ok",3459501.88333333,149360.712824146,-33.5382016707229,-3.5,30,6.2,-15,TRUE
"A_20260703-234444_multiday_-35to0",-35,-35.1775719412889,"N96","NTC2","ok",3464325.75,149662.612462687,-71.4394508606233,-3.3,30,6.2,-15,TRUE
"A_20260703-234444_multiday_-35to0",-35,-35.1775719412889,"N96","TestSB","ok",3454145.05,149025.9000535,8.59467773381084,-92.3,30,6.2,-15,TRUE
"B_20260705-091555_-37to-15",-35,-35.1710167410473,"N92","NTC1","ok",3455123.71641791,149087.03394365,-5.66145936490869,-105.8,30,5.8,4.4,TRUE
"B_20260705-091555_-37to-15",-35,-35.1710167410473,"N92","NTC2","ok",3452364.44776119,148914.71178712,16.0546809487485,-9.4,30,5.8,4.4,TRUE
"B_20260705-091555_-37to-15",-35,-35.1710167410473,"N92","TestSB","ok",3462141.02985075,149525.835867137,-60.8338995106905,-12.4,30,5.8,4.4,TRUE
"B_20260705-091555_-37to-15",-35,-35.1710167410473,"N93","NTC1","ok",3462222.94029851,149530.962553803,-61.4774365402511,-23.1,30,5.8,4.4,TRUE
"B_20260705-091555_-37to-15",-35,-35.1710167410473,"N93","NTC2","ok",3453089.56716418,148959.985088445,10.346610586943,-7.4,30,5.8,4.4,TRUE
"B_20260705-091555_-37to-15",-35,-35.1710167410473,"N93","TestSB","ok",3454764.6119403,149064.600133463,-2.83591616416601,-5.8,30,5.8,4.4,TRUE
"B_20260705-091555_-37to-15",-35,-35.1710167410473,"N94","NTC1","ok",3463458.7761194,149608.325412458,-71.1855816834017,-6.7,30,5.8,4.4,TRUE
"B_20260705-091555_-37to-15",-35,-35.1710167410473,"N94","NTC2","ok",3460313.07462687,149411.454461643,-46.4695815385241,-8.5,30,5.8,4.4,TRUE
"B_20260705-091555_-37to-15",-35,-35.1710167410473,"N94","TestSB","ok",3464800,149692.313605579,-81.7188196640402,-7.7,30,5.8,4.4,TRUE
"B_20260705-091555_-37to-15",-35,-35.1710167410473,"N96","NTC1","ok",3459097.58208955,149335.426959465,-36.9150891879926,-6.9,30,5.8,4.4,TRUE
"B_20260705-091555_-37to-15",-35,-35.1710167410473,"N96","NTC2","ok",3463826.82089552,149631.369672597,-74.0762924439693,-6,30,5.8,4.4,TRUE
"B_20260705-091555_-37to-15",-35,-35.1710167410473,"N96","TestSB","ok",3453539.74626866,148988.096594585,6.80327368650779,-94,30,5.8,4.4,TRUE
"B_20260705-091555_-37to-15",-35,-35.1675108167914,"N88","NTC1","ok",3466921.16923077,149825.20211982,-101.877332207359,-10.7,30,5.8,4.4,TRUE
"B_20260705-091555_-37to-15",-35,-35.1675108167914,"N88","NTC2","ok",3452499.78461538,148923.160985835,11.4833331046427,-9.4,30,5.8,4.4,TRUE
"B_20260705-091555_-37to-15",-35,-35.1675108167914,"N88","TestSB","ok",3456708.6,149186.069017707,-21.6352312700465,-129,30,5.8,4.4,TRUE
"B_20260705-091555_-37to-15",-35,-35.1675108167914,"N89","NTC1","ok",3452939.72307692,148950.628778011,8.02017457103688,-8.8,30,5.8,4.4,TRUE
"B_20260705-091555_-37to-15",-35,-35.1675108167914,"N89","NTC2","ok",3459674.33846154,149371.499343602,-44.9549584433626,-10.4,30,5.8,4.4,TRUE
"B_20260705-091555_-37to-15",-35,-35.1675108167914,"N89","TestSB","ok",3459286.21538462,149347.224159288,-41.9039396302665,-64,30,5.8,4.4,TRUE
"B_20260705-091555_-37to-15",-35,-35.1675108167914,"N90","NTC1","ok",3450112.03076923,148774.1349097,30.2850199047313,-10.2,30,5.8,4.4,TRUE
"B_20260705-091555_-37to-15",-35,-35.1675108167914,"N90","NTC2","ok",3462590.69230769,149553.98109868,-67.8725051484506,-7.9,30,5.8,4.4,TRUE
"B_20260705-091555_-37to-15",-35,-35.1675108167914,"N90","TestSB","ok",3462301.44615385,149535.876252963,-65.6001391685166,-9.1,30,5.8,4.4,TRUE
"B_20260705-091555_-37to-15",-35,-35.1675108167914,"N91","NTC1","ok",3454950.01538462,149076.182311606,-7.80067720845778,-91.7,30,5.8,4.4,TRUE
"B_20260705-091555_-37to-15",-35,-35.1675108167914,"N91","NTC2","ok",3453793.98461538,149003.973998133,1.2963977308047,-12.4,30,5.8,4.4,TRUE
"B_20260705-091555_-37to-15",-35,-35.1675108167914,"N91","TestSB","ok",3453729.12307692,148999.923239822,1.80687253409673,-12.8,30,5.8,4.4,TRUE
"B_20260705-091555_-37to-15",-35,-35.1667758052788,"N29","NTC1","ok",3460660.81666667,149433.209691577,-53.4435366956814,-66.2,30,5.8,4.4,TRUE
"B_20260705-091555_-37to-15",-35,-35.1667758052788,"N29","NTC2","ok",3464671.2,149684.246808079,-84.9483565607443,-11,30,5.8,4.4,TRUE
"B_20260705-091555_-37to-15",-35,-35.1667758052788,"N29","TestSB","ok",3452686.3,148934.805790806,9.280049779818,-8.1,30,5.8,4.4,TRUE
"B_20260705-091555_-37to-15",-35,-35.1667758052788,"N97","NTC1","ok",3449498.63333333,148735.866024317,34.3815295891829,-8.5,30,5.8,4.4,TRUE
"B_20260705-091555_-37to-15",-35,-35.1667758052788,"N97","NTC2","ok",3458803.66666667,149317.046524611,-38.8453166928855,-8.5,30,5.8,4.4,TRUE
"B_20260705-091555_-37to-15",-35,-35.1667758052788,"N97","TestSB","ok",3459257.78333333,149345.445970771,-42.4154384348583,-44.1,30,5.8,4.4,TRUE
"B_20260705-091555_-37to-15",-35,-35.1667758052788,"N98","NTC1","ok",3437787.21666667,148006.374113619,126.746222145698,163.4,30,5.8,4.4,TRUE
"B_20260705-091555_-37to-15",-35,-35.1667758052788,"N98","NTC2","ok",3360895.96666667,143271.240993476,738.854321004084,796.7,30,5.8,4.4,TRUE
"B_20260705-091555_-37to-15",-35,-35.1667758052788,"N98","TestSB","FAULTY",3306275.18333333,139963.82684451,1179.88843123715,1181,30,5.8,4.4,TRUE
"B_20260705-091555_-37to-15",-35,-35.1667758052788,"N99","NTC1","ok",3465140.38333333,149713.63325332,-88.6324786850139,-40.3,30,5.8,4.4,TRUE
"B_20260705-091555_-37to-15",-35,-35.1667758052788,"N99","NTC2","ok",3458753.41666667,149313.904206936,-38.4502465720971,-7.5,30,5.8,4.4,TRUE
"B_20260705-091555_-37to-15",-35,-35.1667758052788,"N99","TestSB","ok",3445189.03333333,148467.168321989,68.344065824931,47.6,30,5.8,4.4,TRUE
"A_20260703-234444_multiday_-35to0",-30,-30.1679201480037,"N88","NTC1","ok",2871358.13333333,115182.13761055,-93.9811001690387,-4.5,30,10.6,-25.3,FALSE
"A_20260703-234444_multiday_-35to0",-30,-30.1679201480037,"N88","NTC2","ok",2858871.9,114508.968907509,19.331742651012,-5.6,30,10.6,-25.3,FALSE
"A_20260703-234444_multiday_-35to0",-30,-30.1679201480037,"N88","TestSB","ok",2862600.58333333,114709.781016132,-14.5478948306064,-90.2,30,10.6,-25.3,FALSE
"A_20260703-234444_multiday_-35to0",-30,-30.1679201480037,"N89","NTC1","ok",2859324.46666667,114533.332746498,15.2177202507957,-4.2,30,10.6,-25.3,FALSE
"A_20260703-234444_multiday_-35to0",-30,-30.1679201480037,"N89","NTC2","ok",2865401.38333333,114860.739604773,-39.9731581259815,-6.5,30,10.6,-25.3,FALSE
"A_20260703-234444_multiday_-35to0",-30,-30.1679201480037,"N89","TestSB","ok",2865224.21666667,114851.187591327,-38.3654586602304,-47.4,30,10.6,-25.3,FALSE
"A_20260703-234444_multiday_-35to0",-30,-30.1679201480037,"N90","NTC1","ok",2856941.73333333,114405.088541924,36.8836830412178,-5.3,30,10.6,-25.3,FALSE
"A_20260703-234444_multiday_-35to0",-30,-30.1679201480037,"N90","NTC2","ok",2867553.95,114976.828685676,-59.5002279163239,-4.1,30,10.6,-25.3,FALSE
"A_20260703-234444_multiday_-35to0",-30,-30.1679201480037,"N90","TestSB","ok",2867490.55,114973.408629107,-58.9252620255039,-6.3,30,10.6,-25.3,FALSE
"A_20260703-234444_multiday_-35to0",-30,-30.1679201480037,"N91","NTC1","ok",2861062.18333333,114626.907047785,-0.573974423822676,-71.1,30,10.6,-25.3,FALSE
"A_20260703-234444_multiday_-35to0",-30,-30.1679201480037,"N91","NTC2","ok",2860008.05,114570.138354545,9.0046556923582,-9,30,10.6,-25.3,FALSE
"A_20260703-234444_multiday_-35to0",-30,-30.1679201480037,"N91","TestSB","ok",2859968.71666667,114568.020398452,9.36212243578183,-10.4,30,10.6,-25.3,FALSE
"A_20260703-234444_multiday_-35to0",-30,-30.1671248773982,"N29","NTC1","ok",2866029.01666667,114894.581992822,-46.4632441500292,-51.6,30,7.1,6.5,TRUE
"A_20260703-234444_multiday_-35to0",-30,-30.1671248773982,"N29","NTC2","ok",2869605.43333333,115087.522325286,-78.8945891529487,-7.5,30,7.1,6.5,TRUE
"A_20260703-234444_multiday_-35to0",-30,-30.1671248773982,"N29","TestSB","ok",2859272.58333333,114530.539482615,14.8940643944435,-5.3,30,7.1,6.5,TRUE
"A_20260703-234444_multiday_-35to0",-30,-30.1671248773982,"N97","NTC1","ok",2856737.36666667,114394.092479586,37.9473784003928,-5.8,30,7.1,6.5,TRUE
"A_20260703-234444_multiday_-35to0",-30,-30.1671248773982,"N97","NTC2","ok",2864633.1,114819.320242157,-33.7960589229418,-6.6,30,7.1,6.5,TRUE
"A_20260703-234444_multiday_-35to0",-30,-30.1671248773982,"N97","TestSB","ok",2865111.53333333,114845.112435267,-38.1381422781395,-27.8,30,7.1,6.5,TRUE
"A_20260703-234444_multiday_-35to0",-30,-30.1671248773982,"N98","NTC1","ok",2914395.46666667,117518.009169273,-482.328088031576,-448.6,30,7.1,6.5,TRUE
"A_20260703-234444_multiday_-35to0",-30,-30.1671248773982,"N98","NTC2","ok",2831530.18333333,113041.939288507,268.067451827736,324.1,30,7.1,6.5,TRUE
"A_20260703-234444_multiday_-35to0",-30,-30.1671248773982,"N98","TestSB","ok",2770776.73333333,109816.381420474,829.622118999087,826.3,30,7.1,6.5,TRUE
"A_20260703-234444_multiday_-35to0",-30,-30.1671248773982,"N99","NTC1","ok",2870188.41666667,115118.988840117,-84.1780573340678,-27.3,30,7.1,6.5,TRUE
"A_20260703-234444_multiday_-35to0",-30,-30.1671248773982,"N99","NTC2","ok",2864420.26666667,114807.847417913,-31.8642745303599,-4.9,30,7.1,6.5,TRUE
"A_20260703-234444_multiday_-35to0",-30,-30.1671248773982,"N99","TestSB","ok",2855225.66666667,114312.771406387,51.7014862918508,28.5,30,7.1,6.5,TRUE
"A_20260703-234444_multiday_-35to0",-30,-30.1658543743353,"N92","NTC1","ok",2860720.67123288,114608.513873255,0.46316969451965,-81.1,30,7.1,6.5,TRUE
"A_20260703-234444_multiday_-35to0",-30,-30.1658543743353,"N92","NTC2","ok",2858625.16438356,114495.687060925,19.5091216744245,-7.9,30,7.1,6.5,TRUE
"A_20260703-234444_multiday_-35to0",-30,-30.1658543743353,"N92","TestSB","ok",2867132.15068493,114954.076079247,-57.7405687282848,-11.9,30,7.1,6.5,TRUE
"A_20260703-234444_multiday_-35to0",-30,-30.1658543743353,"N93","NTC1","ok",2867362.7260274,114966.513437492,-59.8317864718396,-17.5,30,7.1,6.5,TRUE
"A_20260703-234444_multiday_-35to0",-30,-30.1658543743353,"N93","NTC2","ok",2859645.57534247,114550.621179355,10.2332518789083,-7.4,30,7.1,6.5,TRUE
"A_20260703-234444_multiday_-35to0",-30,-30.1658543743353,"N93","TestSB","ok",2860603.56164384,114602.206927707,1.52727532015007,-6.9,30,7.1,6.5,TRUE
"A_20260703-234444_multiday_-35to0",-30,-30.1658543743353,"N94","NTC1","ok",2867975.63013699,114999.577174452,-65.3898999947771,-5,30,7.1,6.5,TRUE
"A_20260703-234444_multiday_-35to0",-30,-30.1658543743353,"N94","NTC2","ok",2865313.61643836,114856.007565718,-41.2425008582815,-7.2,30,7.1,6.5,TRUE
"A_20260703-234444_multiday_-35to0",-30,-30.1658543743353,"N94","TestSB","ok",2869176.50684932,115064.37384839,-76.2772596937324,-7.2,30,7.1,6.5,TRUE
"A_20260703-234444_multiday_-35to0",-30,-30.1658543743353,"N96","NTC1","ok",2864056.38356164,114788.2335869,-29.8317197542062,-5.4,30,7.1,6.5,TRUE
"A_20260703-234444_multiday_-35to0",-30,-30.1658543743353,"N96","NTC2","ok",2868228.47945205,115013.218810992,-67.6825818656752,-4.9,30,7.1,6.5,TRUE
"A_20260703-234444_multiday_-35to0",-30,-30.1658543743353,"N96","TestSB","ok",2859615.05479452,114548.977901131,10.5106548664153,-64.4,30,7.1,6.5,TRUE
"A_20260703-234444_multiday_-35to0",-30,-30.1627827296672,"N92","NTC1","ok",2860105.6,114575.391151669,2.98070667170691,-78.6,30,10.6,-25.3,FALSE
"A_20260703-234444_multiday_-35to0",-30,-30.1627827296672,"N92","NTC2","ok",2857967.51666667,114460.289554008,22.4171276190077,-5,30,10.6,-25.3,FALSE
"A_20260703-234444_multiday_-35to0",-30,-30.1627827296672,"N92","TestSB","ok",2866404.2,114914.814559702,-54.2091280785257,-8.4,30,10.6,-25.3,FALSE
"A_20260703-234444_multiday_-35to0",-30,-30.1627827296672,"N93","NTC1","ok",2866848.86666667,114938.796532302,-58.2427652596493,-15.9,30,10.6,-25.3,FALSE
"A_20260703-234444_multiday_-35to0",-30,-30.1627827296672,"N93","NTC2","ok",2859212.71666667,114527.316460142,11.0961077711806,-6.5,30,10.6,-25.3,FALSE
"A_20260703-234444_multiday_-35to0",-30,-30.1627827296672,"N93","TestSB","ok",2860102.41666667,114575.219736045,3.00963629831585,-5.5,30,10.6,-25.3,FALSE
"A_20260703-234444_multiday_-35to0",-30,-30.1627827296672,"N94","NTC1","ok",2867474.58333333,114972.547329719,-63.9178792391704,-3.5,30,10.6,-25.3,FALSE
"A_20260703-234444_multiday_-35to0",-30,-30.1627827296672,"N94","NTC2","ok",2864773.08333333,114826.866392853,-39.408703982474,-5.4,30,10.6,-25.3,FALSE
"A_20260703-234444_multiday_-35to0",-30,-30.1627827296672,"N94","TestSB","ok",2868676.1,115037.37071379,-74.8125743841683,-5.8,30,10.6,-25.3,FALSE
"A_20260703-234444_multiday_-35to0",-30,-30.1627827296672,"N96","NTC1","ok",2863501.9,114758.349417203,-27.86952735363,-3.4,30,10.6,-25.3,FALSE
"A_20260703-234444_multiday_-35to0",-30,-30.1627827296672,"N96","NTC2","ok",2867724.3,114986.018323531,-66.1824762238155,-3.4,30,10.6,-25.3,FALSE
"A_20260703-234444_multiday_-35to0",-30,-30.1627827296672,"N96","TestSB","ok",2859028.85,114517.417979867,12.7675228579847,-62.1,30,10.6,-25.3,FALSE
"A_20260703-234444_multiday_-35to0",-30,-30.1561263582159,"N29","NTC1","ok",2864777.68493151,114827.114457797,-46.1068389709389,-51.3,30,10.6,-25.3,FALSE
"A_20260703-234444_multiday_-35to0",-30,-30.1561263582159,"N29","NTC2","ok",2868358.04109589,115020.209196831,-78.585320029287,-7.2,30,10.6,-25.3,FALSE
"A_20260703-234444_multiday_-35to0",-30,-30.1561263582159,"N29","TestSB","ok",2858062.79452055,114465.417482257,14.8943750590043,-5.3,30,10.6,-25.3,FALSE
"A_20260703-234444_multiday_-35to0",-30,-30.1561263582159,"N97","NTC1","ok",2855408.1369863,114322.585727992,39.042460028174,-4.7,30,10.6,-25.3,FALSE
"A_20260703-234444_multiday_-35to0",-30,-30.1561263582159,"N97","NTC2","ok",2863312.54794521,114748.145107082,-32.8067003069172,-5.6,30,10.6,-25.3,FALSE
"A_20260703-234444_multiday_-35to0",-30,-30.1561263582159,"N97","TestSB","ok",2863786.89041096,114773.708620011,-37.1132609372005,-26.7,30,10.6,-25.3,FALSE
"A_20260703-234444_multiday_-35to0",-30,-30.1561263582159,"N98","NTC1","ok",2898614.60273973,116658.672854106,-351.756274160987,-318.1,30,10.6,-25.3,FALSE
"A_20260703-234444_multiday_-35to0",-30,-30.1561263582159,"N98","NTC2","ok",2813936.4109589,112103.015633148,418.672084289444,474.6,30,10.6,-25.3,FALSE
"A_20260703-234444_multiday_-35to0",-30,-30.1561263582159,"N98","TestSB","FAULTY",2749041.82191781,108673.72264245,1021.97317778441,1018.5,30,10.6,-25.3,FALSE
"A_20260703-234444_multiday_-35to0",-30,-30.1561263582159,"N99","NTC1","ok",2868983.56164384,115053.961684085,-84.25624838328,-27.4,30,10.6,-25.3,FALSE
"A_20260703-234444_multiday_-35to0",-30,-30.1561263582159,"N99","NTC2","ok",2863181.24657534,114741.069460722,-31.6145119268008,-4.7,30,10.6,-25.3,FALSE
"A_20260703-234444_multiday_-35to0",-30,-30.1561263582159,"N99","TestSB","ok",2854160.63013699,114255.496102836,50.3966700399197,27.2,30,10.6,-25.3,FALSE
"A_20260703-234444_multiday_-35to0",-30,-30.154550804203,"N88","NTC1","ok",2870296.61666667,115124.82941951,-97.732631577081,-8.2,30,7.1,6.5,TRUE
"A_20260703-234444_multiday_-35to0",-30,-30.154550804203,"N88","NTC2","ok",2857682.7,114444.961200297,16.7752377935315,-8.1,30,7.1,6.5,TRUE
"A_20260703-234444_multiday_-35to0",-30,-30.154550804203,"N88","TestSB","ok",2861453.18333333,114647.967400522,-17.49550701998,-93.1,30,7.1,6.5,TRUE
"A_20260703-234444_multiday_-35to0",-30,-30.154550804203,"N89","NTC1","ok",2858133,114469.196071029,12.6804431224699,-6.7,30,7.1,6.5,TRUE
"A_20260703-234444_multiday_-35to0",-30,-30.154550804203,"N89","NTC2","ok",2864246.86666667,114798.500690212,-42.8643948472356,-9.4,30,7.1,6.5,TRUE
"A_20260703-234444_multiday_-35to0",-30,-30.154550804203,"N89","TestSB","ok",2864054.46666667,114788.130268011,-41.1178888553749,-50.1,30,7.1,6.5,TRUE
"A_20260703-234444_multiday_-35to0",-30,-30.154550804203,"N90","NTC1","ok",2855780.38333333,114342.608650758,34.0796747638095,-8.1,30,7.1,6.5,TRUE
"A_20260703-234444_multiday_-35to0",-30,-30.154550804203,"N90","NTC2","ok",2866356.18333333,114912.225055821,-62.0054570550437,-6.6,30,7.1,6.5,TRUE
"A_20260703-234444_multiday_-35to0",-30,-30.154550804203,"N90","TestSB","ok",2866387.36666667,114913.90674688,-62.2883459681915,-9.7,30,7.1,6.5,TRUE
"A_20260703-234444_multiday_-35to0",-30,-30.154550804203,"N91","NTC1","ok",2859790.08333333,114558.401899301,-2.38372709764434,-72.9,30,7.1,6.5,TRUE
"A_20260703-234444_multiday_-35to0",-30,-30.154550804203,"N91","NTC2","ok",2858714.08333333,114500.473501735,7.39714280172876,-10.6,30,7.1,6.5,TRUE
"A_20260703-234444_multiday_-35to0",-30,-30.154550804203,"N91","TestSB","ok",2858624.65,114495.65937234,8.21022813148176,-11.6,30,7.1,6.5,TRUE
"A_20260703-234444_multiday_-35to0",-30,-30.1532320485876,"N88","NTC1","ok",2869751.09459459,115095.383974977,-94.1075996314318,-4.6,30,3.2,-0.7,TRUE
"A_20260703-234444_multiday_-35to0",-30,-30.1532320485876,"N88","NTC2","ok",2857285.17567568,114423.568866252,19.0717954959574,-5.8,30,3.2,-0.7,TRUE
"A_20260703-234444_multiday_-35to0",-30,-30.1532320485876,"N88","TestSB","ok",2861003.62162162,114623.752920996,-14.7300138602056,-90.3,30,3.2,-0.7,TRUE
"A_20260703-234444_multiday_-35to0",-30,-30.1532320485876,"N89","NTC1","ok",2857717.74324324,114446.847112006,15.137798392626,-4.3,30,3.2,-0.7,TRUE
"A_20260703-234444_multiday_-35to0",-30,-30.1532320485876,"N89","NTC2","ok",2863858.7027027,114777.579020177,-40.6595050015461,-7.2,30,3.2,-0.7,TRUE
"A_20260703-234444_multiday_-35to0",-30,-30.1532320485876,"N89","TestSB","ok",2863607.7027027,114764.051398918,-38.3807909940721,-47.4,30,3.2,-0.7,TRUE
"A_20260703-234444_multiday_-35to0",-30,-30.1532320485876,"N90","NTC1","ok",2855340.18918919,114318.931047496,36.76647544901,-5.4,30,3.2,-0.7,TRUE
"A_20260703-234444_multiday_-35to0",-30,-30.1532320485876,"N90","NTC2","ok",2865970.44594595,114891.423605925,-59.8246755506047,-4.4,30,3.2,-0.7,TRUE
"A_20260703-234444_multiday_-35to0",-30,-30.1532320485876,"N90","TestSB","ok",2865911.64864865,114888.253045851,-59.2912136565396,-6.7,30,3.2,-0.7,TRUE
"A_20260703-234444_multiday_-35to0",-30,-30.1532320485876,"N91","NTC1","ok",2859472.06756757,114541.279386312,-0.812020038470251,-71.3,30,3.2,-0.7,TRUE
"A_20260703-234444_multiday_-35to0",-30,-30.1532320485876,"N91","NTC2","ok",2858414.17567568,114484.330105809,8.80508605501618,-9.2,30,3.2,-0.7,TRUE
"A_20260703-234444_multiday_-35to0",-30,-30.1532320485876,"N91","TestSB","ok",2858397.5,114483.43252359,8.95670465794396,-10.9,30,3.2,-0.7,TRUE
"A_20260703-234444_multiday_-35to0",-30,-30.1531171153109,"N92","NTC1","ok",2859023.81666667,114517.147016026,3.14766455909421,-78.4,30,3.2,-0.7,TRUE
"A_20260703-234444_multiday_-35to0",-30,-30.1531171153109,"N92","NTC2","ok",2856886.01666667,114402.090622032,22.5874512432256,-4.9,30,3.2,-0.7,TRUE
"A_20260703-234444_multiday_-35to0",-30,-30.1531171153109,"N92","TestSB","ok",2865325.2,114856.632099185,-54.0848747531868,-8.3,30,3.2,-0.7,TRUE
"A_20260703-234444_multiday_-35to0",-30,-30.1531171153109,"N93","NTC1","ok",2865765.05,114880.348119142,-58.0760338631308,-15.7,30,3.2,-0.7,TRUE
"A_20260703-234444_multiday_-35to0",-30,-30.1531171153109,"N93","NTC2","ok",2858148.93333333,114470.05364139,11.1018743077977,-6.5,30,3.2,-0.7,TRUE
"A_20260703-234444_multiday_-35to0",-30,-30.1531171153109,"N93","TestSB","ok",2859115.08333333,114522.0603054,2.31800522715275,-6.2,30,3.2,-0.7,TRUE
"A_20260703-234444_multiday_-35to0",-30,-30.1531171153109,"N94","NTC1","ok",2866395.66666667,114914.354361059,-63.797330368601,-3.4,30,3.2,-0.7,TRUE
"A_20260703-234444_multiday_-35to0",-30,-30.1531171153109,"N94","NTC2","ok",2863711.5,114769.645445298,-39.4380719253888,-5.4,30,3.2,-0.7,TRUE
"A_20260703-234444_multiday_-35to0",-30,-30.1531171153109,"N94","TestSB","ok",2867636.36666667,114981.274657487,-75.0506707120735,-6,30,3.2,-0.7,TRUE
"A_20260703-234444_multiday_-35to0",-30,-30.1531171153109,"N96","NTC1","ok",2862449.9,114701.662313708,-27.9824766518573,-3.5,30,3.2,-0.7,TRUE
"A_20260703-234444_multiday_-35to0",-30,-30.1531171153109,"N96","NTC2","ok",2866642.03333333,114927.641179802,-66.032226600214,-3.3,30,3.2,-0.7,TRUE
"A_20260703-234444_multiday_-35to0",-30,-30.1531171153109,"N96","TestSB","ok",2858002.1,114462.150842332,12.4370372067517,-62.4,30,3.2,-0.7,TRUE
"A_20260703-234444_multiday_-35to0",-30,-30.1525024583059,"N29","NTC1","ok",2864328.18333333,114802.883829279,-45.6508622074736,-50.8,30,3.2,-0.7,TRUE
"A_20260703-234444_multiday_-35to0",-30,-30.1525024583059,"N29","NTC2","ok",2867918.51666667,114996.49592381,-78.2239236818825,-6.9,30,3.2,-0.7,TRUE
"A_20260703-234444_multiday_-35to0",-30,-30.1525024583059,"N29","TestSB","ok",2857659.56666667,114443.71624935,14.9372685106997,-5.2,30,3.2,-0.7,TRUE
"A_20260703-234444_multiday_-35to0",-30,-30.1525024583059,"N97","NTC1","ok",2855016.58333333,114301.526210736,38.9818621274642,-4.7,30,3.2,-0.7,TRUE
"A_20260703-234444_multiday_-35to0",-30,-30.1525024583059,"N97","NTC2","ok",2862906.45,114726.26178326,-32.7431748293279,-5.6,30,3.2,-0.7,TRUE
"A_20260703-234444_multiday_-35to0",-30,-30.1525024583059,"N97","TestSB","ok",2863384.33333333,114752.013615378,-37.082377544742,-26.7,30,3.2,-0.7,TRUE
"A_20260703-234444_multiday_-35to0",-30,-30.1525024583059,"N98","NTC1","ok",2925875.23333333,118145.199236178,-599.550974720977,-565.7,30,3.2,-0.7,TRUE
"A_20260703-234444_multiday_-35to0",-30,-30.1525024583059,"N98","NTC2","ok",2861568.58333333,114654.183545889,-20.5921733786383,35.5,30,3.2,-0.7,TRUE
"A_20260703-234444_multiday_-35to0",-30,-30.1525024583059,"N98","TestSB","ok",2819681.53333333,112409.179482512,362.187680661414,359.2,30,3.2,-0.7,TRUE
"A_20260703-234444_multiday_-35to0",-30,-30.1525024583059,"N99","NTC1","ok",2868494.53333333,115027.573752844,-83.4467346803294,-26.5,30,3.2,-0.7,TRUE
"A_20260703-234444_multiday_-35to0",-30,-30.1525024583059,"N99","NTC2","ok",2862741.93333333,114717.397113446,-31.2492206288582,-4.3,30,3.2,-0.7,TRUE
"A_20260703-234444_multiday_-35to0",-30,-30.1525024583059,"N99","TestSB","ok",2852949.56666667,114190.385617828,57.79912872854,34.6,30,3.2,-0.7,TRUE
"A_20260703-234444_multiday_-35to0",-25,-25.1586790717987,"N29","NTC1","ok",2356016.9,88983.7363054504,-42.2951505302933,-40.3,30,4.6,0.6,TRUE
"A_20260703-234444_multiday_-35to0",-25,-25.1586790717987,"N29","NTC2","ok",2359110.78333333,89131.8757701338,-75.3975971220484,-6,30,4.6,0.6,TRUE
"A_20260703-234444_multiday_-35to0",-25,-25.1586790717987,"N29","TestSB","ok",2350455.91666667,88717.7299387064,17.2997436297351,-4.9,30,4.6,0.6,TRUE
"A_20260703-234444_multiday_-35to0",-25,-25.1586790717987,"N97","NTC1","ok",2348360.13333333,88617.5663895707,39.7916068421011,-3.9,30,4.6,0.6,TRUE
"A_20260703-234444_multiday_-35to0",-25,-25.1586790717987,"N97","NTC2","ok",2354869.93333333,88928.8443568611,-30.0136833494662,-5.4,30,4.6,0.6,TRUE
"A_20260703-234444_multiday_-35to0",-25,-25.1586790717987,"N97","TestSB","ok",2355373.66666667,88952.9504509902,-35.4081964607929,-18.4,30,4.6,0.6,TRUE
"A_20260703-234444_multiday_-35to0",-25,-25.1586790717987,"N98","NTC1","FAULTY",2562061.43333333,99082.045104409,-2168.5301435156,-2136.4,30,4.6,0.6,TRUE
"A_20260703-234444_multiday_-35to0",-25,-25.1586790717987,"N98","NTC2","FAULTY",2488709.73333333,95432.1048587491,-1429.10211957658,-1373.8,30,4.6,0.6,TRUE
"A_20260703-234444_multiday_-35to0",-25,-25.1586790717987,"N98","TestSB","ok",2436804.65,92886.3805690332,-894.462973219277,-900.1,30,4.6,0.6,TRUE
"A_20260703-234444_multiday_-35to0",-25,-25.1586790717987,"N99","NTC1","ok",2359773.28333333,89163.610722591,-82.4809391154133,-19.1,30,4.6,0.6,TRUE
"A_20260703-234444_multiday_-35to0",-25,-25.1586790717987,"N99","NTC2","ok",2354702.05,88920.8109335553,-28.2155844761007,-4.5,30,4.6,0.6,TRUE
"A_20260703-234444_multiday_-35to0",-25,-25.1586790717987,"N99","TestSB","ok",2348232.56666667,88611.4711460788,41.1612172060245,16.2,30,4.6,0.6,TRUE
"A_20260703-234444_multiday_-35to0",-25,-25.1580325277519,"N88","NTC1","ok",2360655.96666667,89205.9002728522,-92.5622765687102,-3.9,30,4.6,0.6,TRUE
"A_20260703-234444_multiday_-35to0",-25,-25.1580325277519,"N88","NTC2","ok",2349890.13333333,88690.684825564,22.7234250531332,-5.4,30,4.6,0.6,TRUE
"A_20260703-234444_multiday_-35to0",-25,-25.1580325277519,"N88","TestSB","ok",2353173,88847.6580988877,-12.4801917984279,-63.8,30,4.6,0.6,TRUE
"A_20260703-234444_multiday_-35to0",-25,-25.1580325277519,"N89","NTC1","ok",2350381.73333333,88714.1836898931,17.4490309835882,-3.3,30,4.6,0.6,TRUE
"A_20260703-234444_multiday_-35to0",-25,-25.1580325277519,"N89","NTC2","ok",2355719.76666667,88969.5146190575,-39.7605604204578,-6.5,30,4.6,0.6,TRUE
"A_20260703-234444_multiday_-35to0",-25,-25.1580325277519,"N89","TestSB","ok",2355621.78333333,88964.8250550932,-38.711465408678,-35.8,30,4.6,0.6,TRUE
"A_20260703-234444_multiday_-35to0",-25,-25.1580325277519,"N90","NTC1","ok",2348432.65,88621.031375977,38.3665219837646,-4.5,30,4.6,0.6,TRUE
"A_20260703-234444_multiday_-35to0",-25,-25.1580325277519,"N90","NTC2","ok",2357237.88333333,89042.1862718658,-56.0099443540274,-4.1,30,4.6,0.6,TRUE
"A_20260703-234444_multiday_-35to0",-25,-25.1580325277519,"N90","TestSB","ok",2357412.48333333,89050.5459112032,-57.8782114389433,-7.7,30,4.6,0.6,TRUE
"A_20260703-234444_multiday_-35to0",-25,-25.1580325277519,"N91","NTC1","ok",2351748.96666667,88779.5522886907,2.78503474288883,-55.5,30,4.6,0.6,TRUE
"A_20260703-234444_multiday_-35to0",-25,-25.1580325277519,"N91","NTC2","ok",2350754.03333333,88731.981664228,13.4552564432262,-8,30,4.6,0.6,TRUE
"A_20260703-234444_multiday_-35to0",-25,-25.1580325277519,"N91","TestSB","ok",2350707.75,88729.7689861991,13.9517214607032,-10.2,30,4.6,0.6,TRUE
"A_20260703-234444_multiday_-35to0",-25,-25.1579506112763,"N29","NTC1","ok",2356014.58108108,88983.6253113712,-42.998785878936,-41,30,4.4,1.4,TRUE
"A_20260703-234444_multiday_-35to0",-25,-25.1579506112763,"N29","NTC2","ok",2359126.56756757,89132.6318081047,-76.2948404175319,-6.9,30,4.4,1.4,TRUE
"A_20260703-234444_multiday_-35to0",-25,-25.1579506112763,"N29","TestSB","ok",2350463.72972973,88718.1034366603,16.4874666318582,-5.7,30,4.4,1.4,TRUE
"A_20260703-234444_multiday_-35to0",-25,-25.1579506112763,"N97","NTC1","ok",2348457.56756757,88622.2219986366,38.0170947392031,-5.7,30,4.4,1.4,TRUE
"A_20260703-234444_multiday_-35to0",-25,-25.1579506112763,"N97","NTC2","ok",2354970.06756757,88933.6360484093,-31.8145686662632,-7.2,30,4.4,1.4,TRUE
"A_20260703-234444_multiday_-35to0",-25,-25.1579506112763,"N97","TestSB","ok",2355432.39189189,88955.7609184467,-36.7654832608793,-19.8,30,4.4,1.4,TRUE
"A_20260703-234444_multiday_-35to0",-25,-25.1579506112763,"N98","NTC1","FAULTY",2512744.24324324,96621.23591208,-1674.14450161563,-1642.2,30,4.4,1.4,TRUE
"A_20260703-234444_multiday_-35to0",-25,-25.1579506112763,"N98","NTC2","ok",2414725.28378378,91812.6321707274,-664.770457534175,-609.6,30,4.4,1.4,TRUE
"A_20260703-234444_multiday_-35to0",-25,-25.1579506112763,"N98","TestSB","ok",2337142.32432432,88082.2429518473,159.753422055118,153.5,30,4.4,1.4,TRUE
"A_20260703-234444_multiday_-35to0",-25,-25.1579506112763,"N99","NTC1","ok",2359813.24324324,89165.5250274266,-83.6365886317338,-20.3,30,4.4,1.4,TRUE
"A_20260703-234444_multiday_-35to0",-25,-25.1579506112763,"N99","NTC2","ok",2354711.45945946,88921.261179631,-29.0448271217798,-5.4,30,4.4,1.4,TRUE
"A_20260703-234444_multiday_-35to0",-25,-25.1579506112763,"N99","TestSB","ok",2348317.25675676,88615.5176907205,39.5234803054763,14.6,30,4.4,1.4,TRUE
"A_20260703-234444_multiday_-35to0",-25,-25.1577827827367,"N92","NTC1","ok",2351375.69863014,88761.7040120731,6.53795966266202,-58.3,30,4.6,0.6,TRUE
"A_20260703-234444_multiday_-35to0",-25,-25.1577827827367,"N92","NTC2","ok",2349723.30136986,88682.7107225995,24.2638467165612,-4.3,30,4.6,0.6,TRUE
"A_20260703-234444_multiday_-35to0",-25,-25.1577827827367,"N92","TestSB","ok",2356870.87671233,89024.6155133405,-52.3322231777605,-8.4,30,4.6,0.6,TRUE
"A_20260703-234444_multiday_-35to0",-25,-25.1577827827367,"N93","NTC1","ok",2357381.23287671,89049.0496523486,-57.793577072605,-11.9,30,4.6,0.6,TRUE
"A_20260703-234444_multiday_-35to0",-25,-25.1577827827367,"N93","NTC2","ok",2351041.5890411,88745.7294269081,10.1211952018296,-6.2,30,4.6,0.6,TRUE
"A_20260703-234444_multiday_-35to0",-25,-25.1577827827367,"N93","TestSB","ok",2351359.10958904,88760.9108214548,6.71586210674135,-6.1,30,4.6,0.6,TRUE
"A_20260703-234444_multiday_-35to0",-25,-25.1577827827367,"N94","NTC1","ok",2357599.98630137,89059.5236981183,-60.1341534172697,-2.7,30,4.6,0.6,TRUE
"A_20260703-234444_multiday_-35to0",-25,-25.1577827827367,"N94","NTC2","ok",2355307.7260274,88949.7947134183,-35.5983805927487,-4.6,30,4.6,0.6,TRUE
"A_20260703-234444_multiday_-35to0",-25,-25.1577827827367,"N94","TestSB","ok",2358596.76712329,89107.2567483799,-70.7969050032524,-5.6,30,4.6,0.6,TRUE
"A_20260703-234444_multiday_-35to0",-25,-25.1577827827367,"N96","NTC1","ok",2354084.97260274,88891.2856528008,-22.5017549825317,-2.7,30,4.6,0.6,TRUE
"A_20260703-234444_multiday_-35to0",-25,-25.1577827827367,"N96","NTC2","ok",2357688.94520548,89063.7832527778,-61.0859244368704,-2.7,30,4.6,0.6,TRUE
"A_20260703-234444_multiday_-35to0",-25,-25.1577827827367,"N96","TestSB","ok",2350493.46575342,88719.5249522943,16.0006401300983,-43.7,30,4.6,0.6,TRUE
"A_20260703-234444_multiday_-35to0",-25,-25.1575218500646,"N88","NTC1","ok",2360893.7,89217.291577176,-95.6135001273353,-6.9,30,4.4,1.4,TRUE
"A_20260703-234444_multiday_-35to0",-25,-25.1575218500646,"N88","NTC2","ok",2350011.81666667,88696.5011400747,20.9071121428863,-7.3,30,4.4,1.4,TRUE
"A_20260703-234444_multiday_-35to0",-25,-25.1575218500646,"N88","TestSB","ok",2353318.88333333,88854.6363567256,-14.5542381122183,-65.9,30,4.4,1.4,TRUE
"A_20260703-234444_multiday_-35to0",-25,-25.1575218500646,"N89","NTC1","ok",2350531.85,88721.3599060398,15.3279395455925,-5.4,30,4.4,1.4,TRUE
"A_20260703-234444_multiday_-35to0",-25,-25.1575218500646,"N89","NTC2","ok",2355829.35,88974.759492197,-41.4444874150988,-8.2,30,4.4,1.4,TRUE
"A_20260703-234444_multiday_-35to0",-25,-25.1575218500646,"N89","TestSB","ok",2355777.65,88972.2850126041,-40.8909695348356,-38,30,4.4,1.4,TRUE
"A_20260703-234444_multiday_-35to0",-25,-25.1575218500646,"N90","NTC1","ok",2348578.43333333,88627.9973576205,36.2907746433692,-6.5,30,4.4,1.4,TRUE
"A_20260703-234444_multiday_-35to0",-25,-25.1575218500646,"N90","NTC2","ok",2357354.65,89047.7768836299,-57.7700703276989,-5.8,30,4.4,1.4,TRUE
"A_20260703-234444_multiday_-35to0",-25,-25.1575218500646,"N90","TestSB","ok",2357499.46666667,89054.7106928724,-59.3195888862894,-9.1,30,4.4,1.4,TRUE
"A_20260703-234444_multiday_-35to0",-25,-25.1575218500646,"N91","NTC1","ok",2351788.58333333,88781.4466977045,1.84956793436442,-56.5,30,4.4,1.4,TRUE
"A_20260703-234444_multiday_-35to0",-25,-25.1575218500646,"N91","NTC2","ok",2350815,88734.8963472175,12.2906239111913,-9.2,30,4.4,1.4,TRUE
"A_20260703-234444_multiday_-35to0",-25,-25.1575218500646,"N91","TestSB","ok",2350757.23333333,88732.1346482271,12.9102538005341,-11.3,30,4.4,1.4,TRUE
"A_20260703-234444_multiday_-35to0",-25,-25.1574176527699,"N92","NTC1","ok",2351617.45,88773.263482876,3.58039038438918,-61.3,30,4.4,1.4,TRUE
"A_20260703-234444_multiday_-35to0",-25,-25.1574176527699,"N92","NTC2","ok",2350026.36666667,88697.1966230219,20.6468005498728,-8,30,4.4,1.4,TRUE
"A_20260703-234444_multiday_-35to0",-25,-25.1574176527699,"N92","TestSB","ok",2357221.55,89041.4042683287,-56.4500420465883,-12.5,30,4.4,1.4,TRUE
"A_20260703-234444_multiday_-35to0",-25,-25.1574176527699,"N93","NTC1","ok",2357505.58333333,89055.0035633495,-59.4892318386364,-13.6,30,4.4,1.4,TRUE
"A_20260703-234444_multiday_-35to0",-25,-25.1574176527699,"N93","NTC2","ok",2351122.16666667,88749.5819267422,8.89185088856337,-7.4,30,4.4,1.4,TRUE
"A_20260703-234444_multiday_-35to0",-25,-25.1574176527699,"N93","TestSB","ok",2351469.23333333,88766.176348667,5.16977535484742,-7.7,30,4.4,1.4,TRUE
"A_20260703-234444_multiday_-35to0",-25,-25.1574176527699,"N94","NTC1","ok",2357747.86666667,89066.6045936975,-62.0814375541947,-4.7,30,4.4,1.4,TRUE
"A_20260703-234444_multiday_-35to0",-25,-25.1574176527699,"N94","NTC2","ok",2355504.6,88959.2167000414,-38.0716230820148,-7.1,30,4.4,1.4,TRUE
"A_20260703-234444_multiday_-35to0",-25,-25.1574176527699,"N94","TestSB","ok",2358749.53333333,89114.573250036,-72.7958539890885,-7.6,30,4.4,1.4,TRUE
"A_20260703-234444_multiday_-35to0",-25,-25.1574176527699,"N96","NTC1","ok",2354259.08333333,88899.6159042705,-24.7321092064787,-4.9,30,4.4,1.4,TRUE
"A_20260703-234444_multiday_-35to0",-25,-25.1574176527699,"N96","NTC2","ok",2357877.93333333,89072.8327196075,-63.472933062581,-5.1,30,4.4,1.4,TRUE
"A_20260703-234444_multiday_-35to0",-25,-25.1574176527699,"N96","TestSB","ok",2350644.68333333,88726.7539808526,14.0133542393421,-45.7,30,4.4,1.4,TRUE
"A_20260703-234444_multiday_-35to0",-25,-25.1551530464161,"N29","NTC1","ok",2355809.45,88973.8070294976,-43.6002361217476,-41.6,30,5.2,-0.6,TRUE
"A_20260703-234444_multiday_-35to0",-25,-25.1551530464161,"N29","NTC2","ok",2358910.01666667,89122.2596246493,-76.7767131113004,-7.4,30,5.2,-0.6,TRUE
"A_20260703-234444_multiday_-35to0",-25,-25.1551530464161,"N29","TestSB","ok",2350254.85,88708.1183165534,15.9307925957961,-6.3,30,5.2,-0.6,TRUE
"A_20260703-234444_multiday_-35to0",-25,-25.1551530464161,"N97","NTC1","ok",2348171.71666667,88608.563743585,38.2885265398301,-5.4,30,5.2,-0.6,TRUE
"A_20260703-234444_multiday_-35to0",-25,-25.1551530464161,"N97","NTC2","ok",2354647.13333333,88918.1831701506,-31.1534055377507,-6.5,30,5.2,-0.6,TRUE
"A_20260703-234444_multiday_-35to0",-25,-25.1551530464161,"N97","TestSB","ok",2355175.35,88943.459703486,-36.8105567442427,-19.8,30,5.2,-0.6,TRUE
"A_20260703-234444_multiday_-35to0",-25,-25.1551530464161,"N98","NTC1","FAULTY",2513896.98333333,96678.4348183614,-1688.60932635202,-1656.7,30,5.2,-0.6,TRUE
"A_20260703-234444_multiday_-35to0",-25,-25.1551530464161,"N98","NTC2","ok",2417050.35,91925.4479853981,-691.918605811949,-636.8,30,5.2,-0.6,TRUE
"A_20260703-234444_multiday_-35to0",-25,-25.1551530464161,"N98","TestSB","ok",2345266.8,88469.8139733203,69.4953997619194,63.2,30,5.2,-0.6,TRUE
"A_20260703-234444_multiday_-35to0",-25,-25.1551530464161,"N99","NTC1","ok",2359560.9,89153.4366556792,-83.7363867369589,-20.4,30,5.2,-0.6,TRUE
"A_20260703-234444_multiday_-35to0",-25,-25.1551530464161,"N99","NTC2","ok",2354487.31666667,88910.5361262958,-29.4415641806012,-5.8,30,5.2,-0.6,TRUE
"A_20260703-234444_multiday_-35to0",-25,-25.1551530464161,"N99","TestSB","ok",2348114.43333333,88605.82679246,38.9035802542281,13.9,30,5.2,-0.6,TRUE
"A_20260703-234444_multiday_-35to0",-25,-25.1543963087479,"N92","NTC1","ok",2351224.95945946,88754.4966589495,4.76806733092872,-60.1,30,5.2,-0.6,TRUE
"A_20260703-234444_multiday_-35to0",-25,-25.1543963087479,"N92","NTC2","ok",2349563.48648649,88675.0722993973,22.5923484634052,-6,30,5.2,-0.6,TRUE
"A_20260703-234444_multiday_-35to0",-25,-25.1543963087479,"N92","TestSB","ok",2356695.86486486,89016.2371855004,-53.8456449830562,-9.9,30,5.2,-0.6,TRUE
"A_20260703-234444_multiday_-35to0",-25,-25.1543963087479,"N93","NTC1","ok",2357153.06756757,89038.1255139012,-58.7385679203294,-12.8,30,5.2,-0.6,TRUE
"A_20260703-234444_multiday_-35to0",-25,-25.1543963087479,"N93","NTC2","ok",2350827.82432432,88735.5094552446,9.02752524163475,-7.3,30,5.2,-0.6,TRUE
"A_20260703-234444_multiday_-35to0",-25,-25.1543963087479,"N93","TestSB","ok",2351186.40540541,88752.6532978898,5.18154965513418,-7.7,30,5.2,-0.6,TRUE
"A_20260703-234444_multiday_-35to0",-25,-25.1543963087479,"N94","NTC1","ok",2357375.62162162,89048.7809889144,-61.1200103099918,-3.7,30,5.2,-0.6,TRUE
"A_20260703-234444_multiday_-35to0",-25,-25.1543963087479,"N94","NTC2","ok",2355103.67567568,88940.0297240963,-36.7997344758066,-5.8,30,5.2,-0.6,TRUE
"A_20260703-234444_multiday_-35to0",-25,-25.1543963087479,"N94","TestSB","ok",2358391.18918919,89097.4113111856,-71.9845972708697,-6.8,30,5.2,-0.6,TRUE
"A_20260703-234444_multiday_-35to0",-25,-25.1543963087479,"N96","NTC1","ok",2353872.97297297,88881.1430678124,-23.6169424504453,-3.8,30,5.2,-0.6,TRUE
"A_20260703-234444_multiday_-35to0",-25,-25.1543963087479,"N96","NTC2","ok",2357459.5,89052.7970696252,-62.0175006813497,-3.6,30,5.2,-0.6,TRUE
"A_20260703-234444_multiday_-35to0",-25,-25.1543963087479,"N96","TestSB","ok",2350253.18918919,88708.0389263724,15.1918730391003,-44.5,30,5.2,-0.6,TRUE
"A_20260703-234444_multiday_-35to0",-25,-25.1533770434643,"N88","NTC1","ok",2360410.45,89194.1366652444,-94.5938022984301,-5.9,30,5.2,-0.6,TRUE
"A_20260703-234444_multiday_-35to0",-25,-25.1533770434643,"N88","NTC2","ok",2349635.66666667,88678.5221488321,20.7985039583214,-7.4,30,5.2,-0.6,TRUE
"A_20260703-234444_multiday_-35to0",-25,-25.1533770434643,"N88","TestSB","ok",2352944.5,88836.7283773572,-14.68676911038,-66,30,5.2,-0.6,TRUE
"A_20260703-234444_multiday_-35to0",-25,-25.1533770434643,"N89","NTC1","ok",2350134,88702.341515456,15.451365253444,-5.3,30,5.2,-0.6,TRUE
"A_20260703-234444_multiday_-35to0",-25,-25.1533770434643,"N89","NTC2","ok",2355436.91666667,88955.9774663348,-41.387501524877,-8.1,30,5.2,-0.6,TRUE
"A_20260703-234444_multiday_-35to0",-25,-25.1533770434643,"N89","TestSB","ok",2355428.13333333,88955.5571114089,-41.2934511400742,-38.4,30,5.2,-0.6,TRUE
"A_20260703-234444_multiday_-35to0",-25,-25.1533770434643,"N90","NTC1","ok",2348172.4,88608.596392911,36.505186687112,-6.3,30,5.2,-0.6,TRUE
"A_20260703-234444_multiday_-35to0",-25,-25.1533770434643,"N90","NTC2","ok",2356932.05,89027.5441356153,-57.3926365065169,-5.5,30,5.2,-0.6,TRUE
"A_20260703-234444_multiday_-35to0",-25,-25.1533770434643,"N90","TestSB","ok",2357124.33333333,89036.7498113294,-59.450347779471,-9.3,30,5.2,-0.6,TRUE
"A_20260703-234444_multiday_-35to0",-25,-25.1533770434643,"N91","NTC1","ok",2351480.8,88766.729412304,1.00512901453342,-57.3,30,5.2,-0.6,TRUE
"A_20260703-234444_multiday_-35to0",-25,-25.1533770434643,"N91","NTC2","ok",2350484.15,88719.0796163633,11.6948367145717,-9.8,30,5.2,-0.6,TRUE
"A_20260703-234444_multiday_-35to0",-25,-25.1533770434643,"N91","TestSB","ok",2350418.95,88715.9627823237,12.3942872470089,-11.8,30,5.2,-0.6,TRUE
"A_20260703-234444_multiday_-35to0",-20,-20.1705250242591,"N92","NTC1","ok",1925517.15,69337.6249459981,7.00805355702272,-43.6,30,6.3,8.4,TRUE
"A_20260703-234444_multiday_-35to0",-20,-20.1705250242591,"N92","NTC2","ok",1924292.66666667,69284.3542477966,22.7556968537428,-6.2,30,6.3,8.4,TRUE
"A_20260703-234444_multiday_-35to0",-20,-20.1705250242591,"N92","TestSB","ok",1930221.8,69542.430358529,-53.4099289931262,-10.4,30,6.3,8.4,TRUE
"A_20260703-234444_multiday_-35to0",-20,-20.1705250242591,"N93","NTC1","ok",1930697.9,69563.1678274397,-59.5164325248234,-10.5,30,6.3,8.4,TRUE
"A_20260703-234444_multiday_-35to0",-20,-20.1705250242591,"N93","NTC2","ok",1925523.63333333,69337.9070385944,6.92469861035505,-7,30,6.3,8.4,TRUE
"A_20260703-234444_multiday_-35to0",-20,-20.1705250242591,"N93","TestSB","ok",1925374.8,69331.4313365514,8.83828567079803,-7.3,30,6.3,8.4,TRUE
"A_20260703-234444_multiday_-35to0",-20,-20.1705250242591,"N94","NTC1","ok",1930640.03333333,69560.647217228,-58.7743042155253,-3.4,30,6.3,8.4,TRUE
"A_20260703-234444_multiday_-35to0",-20,-20.1705250242591,"N94","NTC2","ok",1928713,69476.7257321178,-34.0486279696179,-5.4,30,6.3,8.4,TRUE
"A_20260703-234444_multiday_-35to0",-20,-20.1705250242591,"N94","TestSB","ok",1931442.56666667,69595.6075300622,-69.0647804853555,-6.7,30,6.3,8.4,TRUE
"A_20260703-234444_multiday_-35to0",-20,-20.1705250242591,"N96","NTC1","ok",1927577.83333333,69427.3060841447,-19.4725627808978,-3.5,30,6.3,8.4,TRUE
"A_20260703-234444_multiday_-35to0",-20,-20.1705250242591,"N96","NTC2","ok",1930679.13333333,69562.3503680188,-59.2757560902797,-4.3,30,6.3,8.4,TRUE
"A_20260703-234444_multiday_-35to0",-20,-20.1705250242591,"N96","TestSB","ok",1924712.41666667,69302.6137280474,17.3563880461742,-34.5,30,6.3,8.4,TRUE
"A_20260703-234444_multiday_-35to0",-20,-20.1665186834499,"N29","NTC1","ok",1928843.76666667,69482.4194580834,-39.7335588989733,-31.4,30,6.3,8.4,TRUE
"A_20260703-234444_multiday_-35to0",-20,-20.1665186834499,"N29","NTC2","ok",1931546.13333333,69600.1195896083,-74.3988132680329,-6.3,30,6.3,8.4,TRUE
"A_20260703-234444_multiday_-35to0",-20,-20.1665186834499,"N29","TestSB","ok",1924334.43333333,69286.1710588661,18.2120557138035,-5.2,30,6.3,8.4,TRUE
"A_20260703-234444_multiday_-35to0",-20,-20.1665186834499,"N97","NTC1","ok",1922762.7,69217.8134357296,38.4388685158115,-4.3,30,6.3,8.4,TRUE
"A_20260703-234444_multiday_-35to0",-20,-20.1665186834499,"N97","NTC2","ok",1928027.05,69446.8613463301,-29.2480111848477,-6.5,30,6.3,8.4,TRUE
"A_20260703-234444_multiday_-35to0",-20,-20.1665186834499,"N97","TestSB","ok",1928540.61666667,69469.2202164605,-35.8420027870352,-16.1,30,6.3,8.4,TRUE
"A_20260703-234444_multiday_-35to0",-20,-20.1665186834499,"N98","NTC1","FAULTY",2279279.08333333,85342.4151044551,-4200.89120470288,-4169.9,30,6.3,8.4,TRUE
"A_20260703-234444_multiday_-35to0",-20,-20.1665186834499,"N98","NTC2","FAULTY",2164564.8,80014.7804198372,-2906.96411986661,-2852,30,6.3,8.4,TRUE
"A_20260703-234444_multiday_-35to0",-20,-20.1665186834499,"N98","TestSB","FAULTY",2074299.93333333,75917.115804065,-1844.5329844302,-1852.2,30,6.3,8.4,TRUE
"A_20260703-234444_multiday_-35to0",-20,-20.1665186834499,"N99","NTC1","ok",1932281.13333333,69632.1440326486,-83.8193734262802,-15.7,30,6.3,8.4,TRUE
"A_20260703-234444_multiday_-35to0",-20,-20.1665186834499,"N99","NTC2","ok",1927822.51666667,69437.9573827246,-26.6214280819668,-5.3,30,6.3,8.4,TRUE
"A_20260703-234444_multiday_-35to0",-20,-20.1665186834499,"N99","TestSB","ok",1923416.98333333,69246.2666185075,30.0169472669154,4.4,30,6.3,8.4,TRUE
"A_20260703-234444_multiday_-35to0",-20,-20.1665168581065,"N92","NTC1","ok",1925099.83870968,69319.4683862781,8.36572831904903,-42.2,30,5.2,-5.3,TRUE
"A_20260703-234444_multiday_-35to0",-20,-20.1665168581065,"N92","NTC2","ok",1923842.17741935,69264.7594287128,24.5434669964055,-4.4,30,5.2,-5.3,TRUE
"A_20260703-234444_multiday_-35to0",-20,-20.1665168581065,"N92","TestSB","ok",1929739.25806452,69521.414479059,-51.2275323734315,-8.2,30,5.2,-5.3,TRUE
"A_20260703-234444_multiday_-35to0",-20,-20.1665168581065,"N93","NTC1","ok",1930253.83870968,69543.8258002732,-57.8290707660614,-8.8,30,5.2,-5.3,TRUE
"A_20260703-234444_multiday_-35to0",-20,-20.1665168581065,"N93","NTC2","ok",1925112.40322581,69320.0150247349,8.20415633658911,-5.7,30,5.2,-5.3,TRUE
"A_20260703-234444_multiday_-35to0",-20,-20.1665168581065,"N93","TestSB","ok",1924986.75806452,69314.5487070303,9.81992047501024,-6.3,30,5.2,-5.3,TRUE
"A_20260703-234444_multiday_-35to0",-20,-20.1665168581065,"N94","NTC1","ok",1930212.14516129,69542.0098452091,-57.2942467335196,-1.9,30,5.2,-5.3,TRUE
"A_20260703-234444_multiday_-35to0",-20,-20.1665168581065,"N94","NTC2","ok",1928335.75806452,69460.3011019942,-33.2137217358621,-4.5,30,5.2,-5.3,TRUE
"A_20260703-234444_multiday_-35to0",-20,-20.1665168581065,"N94","TestSB","ok",1931063.82258065,69579.1077554698,-68.217001315233,-5.9,30,5.2,-5.3,TRUE
"A_20260703-234444_multiday_-35to0",-20,-20.1665168581065,"N96","NTC1","ok",1927188.85483871,69410.3746406085,-18.4842217858687,-2.5,30,5.2,-5.3,TRUE
"A_20260703-234444_multiday_-35to0",-20,-20.1665168581065,"N96","NTC2","ok",1930287.66129032,69545.2989487812,-58.2629220327107,-3.3,30,5.2,-5.3,TRUE
"A_20260703-234444_multiday_-35to0",-20,-20.1665168581065,"N96","TestSB","ok",1924345.12903226,69286.6363144399,18.0726390835133,-33.8,30,5.2,-5.3,TRUE
"A_20260703-234444_multiday_-35to0",-20,-20.1652254290626,"N88","NTC1","ok",1932778.7,69653.8262388944,-91.4880865036416,-2.9,30,5.2,-5.3,TRUE
"A_20260703-234444_multiday_-35to0",-20,-20.1652254290626,"N88","NTC2","ok",1923627.26666667,69255.4121817098,26.017498450603,-4.7,30,5.2,-5.3,TRUE
"A_20260703-234444_multiday_-35to0",-20,-20.1652254290626,"N88","TestSB","ok",1926503.06666667,69380.5271457741,-10.9642699810699,-44.2,30,5.2,-5.3,TRUE
"A_20260703-234444_multiday_-35to0",-20,-20.1652254290626,"N89","NTC1","ok",1924234.66666667,69281.8313290822,18.2022510664304,-2.8,30,5.2,-5.3,TRUE
"A_20260703-234444_multiday_-35to0",-20,-20.1652254290626,"N89","NTC2","ok",1928765.2,69478.9985587955,-40.0183027219718,-6.1,30,5.2,-5.3,TRUE
"A_20260703-234444_multiday_-35to0",-20,-20.1652254290626,"N89","TestSB","ok",1928756.5,69478.6197525661,-39.9066239714152,-26.7,30,5.2,-5.3,TRUE
"A_20260703-234444_multiday_-35to0",-20,-20.1652254290626,"N90","NTC1","ok",1922653.9,69213.0823801298,38.5463450019365,-4.1,30,5.2,-5.3,TRUE
"A_20260703-234444_multiday_-35to0",-20,-20.1652254290626,"N90","NTC2","ok",1929795.11666667,69523.8471452283,-53.2356490899808,-3.8,30,5.2,-5.3,TRUE
"A_20260703-234444_multiday_-35to0",-20,-20.1652254290626,"N90","TestSB","ok",1930067.96666667,69535.7303029137,-56.7361428964936,-7.7,30,5.2,-5.3,TRUE
"A_20260703-234444_multiday_-35to0",-20,-20.1652254290626,"N91","NTC1","ok",1925232,69325.218339373,5.37483531600813,-42.4,30,5.2,-5.3,TRUE
"A_20260703-234444_multiday_-35to0",-20,-20.1652254290626,"N91","NTC2","ok",1924348.35,69286.7764245404,16.7397751036624,-7.5,30,5.2,-5.3,TRUE
"A_20260703-234444_multiday_-35to0",-20,-20.1652254290626,"N91","TestSB","ok",1924283.43333333,69283.9526086184,17.5748838070895,-10.1,30,5.2,-5.3,TRUE
"A_20260703-234444_multiday_-35to0",-20,-20.164794075104,"N29","NTC1","ok",1928825.22972973,69481.61232945,-41.2202237760262,-32.9,30,4.4,-0.2,TRUE
"A_20260703-234444_multiday_-35to0",-20,-20.164794075104,"N29","NTC2","ok",1931499.94594595,69598.1073443247,-75.5313220935712,-7.4,30,4.4,-0.2,TRUE
"A_20260703-234444_multiday_-35to0",-20,-20.164794075104,"N29","TestSB","ok",1924297.39189189,69284.559789866,16.9639602789395,-6.4,30,4.4,-0.2,TRUE
"A_20260703-234444_multiday_-35to0",-20,-20.164794075104,"N97","NTC1","ok",1922803.87837838,69219.6040640141,36.1841340243068,-6.6,30,4.4,-0.2,TRUE
"A_20260703-234444_multiday_-35to0",-20,-20.164794075104,"N97","NTC2","ok",1928034.59459459,69447.1897932201,-31.06950098773,-8.3,30,4.4,-0.2,TRUE
"A_20260703-234444_multiday_-35to0",-20,-20.164794075104,"N97","TestSB","ok",1928363.45945946,69461.5071395903,-35.2921682983443,-15.5,30,4.4,-0.2,TRUE
"A_20260703-234444_multiday_-35to0",-20,-20.164794075104,"N98","NTC1","FAULTY",2333104.22972973,87889.8743063422,-4789.83309413515,-4758.6,30,4.4,-0.2,TRUE
"A_20260703-234444_multiday_-35to0",-20,-20.164794075104,"N98","NTC2","FAULTY",2241604.67567568,83577.6182740121,-3784.22637687492,-3729.2,30,4.4,-0.2,TRUE
"A_20260703-234444_multiday_-35to0",-20,-20.164794075104,"N98","TestSB","FAULTY",2177060.54054054,80588.5191740256,-3052.58577665204,-3059.8,30,4.4,-0.2,TRUE
"A_20260703-234444_multiday_-35to0",-20,-20.164794075104,"N99","NTC1","ok",1932187.22972973,69628.0523057027,-84.3405972532487,-16.3,30,4.4,-0.2,TRUE
"A_20260703-234444_multiday_-35to0",-20,-20.164794075104,"N99","NTC2","ok",1927782.28378378,69436.2059682645,-27.8293418102074,-6.5,30,4.4,-0.2,TRUE
"A_20260703-234444_multiday_-35to0",-20,-20.164794075104,"N99","TestSB","ok",1923202.87837838,69236.9552741585,31.047998787681,5.4,30,4.4,-0.2,TRUE
"A_20260703-234444_multiday_-35to0",-20,-20.1646616679634,"N88","NTC1","ok",1932955.10810811,69661.5140450229,-94.3118456185772,-5.7,30,6.3,8.4,TRUE
"A_20260703-234444_multiday_-35to0",-20,-20.1646616679634,"N88","NTC2","ok",1923751.5,69260.8154863365,23.855074027253,-6.8,30,6.3,8.4,TRUE
"A_20260703-234444_multiday_-35to0",-20,-20.1646616679634,"N88","TestSB","ok",1926619.72972973,69385.6043487863,-13.027188493183,-46.3,30,6.3,8.4,TRUE
"A_20260703-234444_multiday_-35to0",-20,-20.1646616679634,"N89","NTC1","ok",1924372.2972973,69287.8181201916,15.8679549774234,-5.1,30,6.3,8.4,TRUE
"A_20260703-234444_multiday_-35to0",-20,-20.1646616679634,"N89","NTC2","ok",1928793.83783784,69480.2454823817,-40.9496740575293,-7,30,6.3,8.4,TRUE
"A_20260703-234444_multiday_-35to0",-20,-20.1646616679634,"N89","TestSB","ok",1928790.83783784,69480.1148586538,-40.9111647303035,-27.7,30,6.3,8.4,TRUE
"A_20260703-234444_multiday_-35to0",-20,-20.1646616679634,"N90","NTC1","ok",1922696.64864865,69214.9412476754,37.4322133814786,-5.2,30,6.3,8.4,TRUE
"A_20260703-234444_multiday_-35to0",-20,-20.1646616679634,"N90","NTC2","ok",1929804.22972973,69524.2440258383,-53.9163325091607,-4.5,30,6.3,8.4,TRUE
"A_20260703-234444_multiday_-35to0",-20,-20.1646616679634,"N90","TestSB","ok",1930133.40540541,69538.5803938853,-58.1393731764734,-9.1,30,6.3,8.4,TRUE
"A_20260703-234444_multiday_-35to0",-20,-20.1646616679634,"N91","NTC1","ok",1925279.16216216,69327.2702675879,4.20464165956957,-43.6,30,6.3,8.4,TRUE
"A_20260703-234444_multiday_-35to0",-20,-20.1646616679634,"N91","NTC2","ok",1924416.04054054,69289.720943684,15.3052493221679,-9,30,6.3,8.4,TRUE
"A_20260703-234444_multiday_-35to0",-20,-20.1646616679634,"N91","TestSB","ok",1924489.06756757,69292.8976468122,14.3658686592829,-13.3,30,6.3,8.4,TRUE
"A_20260703-234444_multiday_-35to0",-20,-20.1636916848885,"N29","NTC1","ok",1928563,69470.1947638758,-38.9563571642668,-30.6,30,5.2,-5.3,TRUE
"A_20260703-234444_multiday_-35to0",-20,-20.1636916848885,"N29","NTC2","ok",1931205.77464789,69585.2916595034,-72.8622713534719,-4.8,30,5.2,-5.3,TRUE
"A_20260703-234444_multiday_-35to0",-20,-20.1636916848885,"N29","TestSB","ok",1924016.91549296,69272.3597406906,19.4699859029583,-3.9,30,5.2,-5.3,TRUE
"A_20260703-234444_multiday_-35to0",-20,-20.1636916848885,"N97","NTC1","ok",1922466.29577465,69204.9248656807,39.428059949671,-3.4,30,5.2,-5.3,TRUE
"A_20260703-234444_multiday_-35to0",-20,-20.1636916848885,"N97","NTC2","ok",1927679.30985915,69431.7233855315,-27.6092337705052,-4.8,30,5.2,-5.3,TRUE
"A_20260703-234444_multiday_-35to0",-20,-20.1636916848885,"N97","TestSB","ok",1928042.69014085,69447.5422258731,-32.2758471329223,-12.5,30,5.2,-5.3,TRUE
"A_20260703-234444_multiday_-35to0",-20,-20.1636916848885,"N98","NTC1","FAULTY",2305169.36619718,86563.8999566183,-4487.68895204938,-4456.6,30,5.2,-5.3,TRUE
"A_20260703-234444_multiday_-35to0",-20,-20.1636916848885,"N98","NTC2","FAULTY",2205492.25352113,81899.9140932766,-3378.34446952306,-3323.3,30,5.2,-5.3,TRUE
"A_20260703-234444_multiday_-35to0",-20,-20.1636916848885,"N98","TestSB","FAULTY",2128688.23943662,78376.3304520757,-2492.43118410351,-2499.9,30,5.2,-5.3,TRUE
"A_20260703-234444_multiday_-35to0",-20,-20.1636916848885,"N99","NTC1","ok",1931904.04225352,69615.7132847925,-81.813579880361,-13.7,30,5.2,-5.3,TRUE
"A_20260703-234444_multiday_-35to0",-20,-20.1636916848885,"N99","NTC2","ok",1927489.12676056,69423.4447418227,-25.1665312038369,-3.9,30,5.2,-5.3,TRUE
"A_20260703-234444_multiday_-35to0",-20,-20.1636916848885,"N99","TestSB","ok",1923012.1971831,69228.6629833647,32.4000317730508,6.7,30,5.2,-5.3,TRUE
"A_20260703-234444_multiday_-35to0",-20,-20.1630472889715,"N88","NTC1","ok",1932895.81666667,69658.9301111484,-95.1666520802057,-6.6,30,4.4,-0.2,TRUE
"A_20260703-234444_multiday_-35to0",-20,-20.1630472889715,"N88","NTC2","ok",1923641.2,69256.0181796682,23.6600561961673,-7,30,4.4,-0.2,TRUE
"A_20260703-234444_multiday_-35to0",-20,-20.1630472889715,"N88","TestSB","ok",1926543.8,69382.2998551339,-13.6658559727714,-46.9,30,4.4,-0.2,TRUE
"A_20260703-234444_multiday_-35to0",-20,-20.1630472889715,"N89","NTC1","ok",1924229.1,69281.5891885486,16.0957252704073,-4.9,30,4.4,-0.2,TRUE
"A_20260703-234444_multiday_-35to0",-20,-20.1630472889715,"N89","NTC2","ok",1928754.31666667,69478.5246882795,-42.0567373291583,-8.1,30,4.4,-0.2,TRUE
"A_20260703-234444_multiday_-35to0",-20,-20.1630472889715,"N89","TestSB","ok",1928721.61666667,69477.1009063996,-41.6369746185516,-28.4,30,4.4,-0.2,TRUE
"A_20260703-234444_multiday_-35to0",-20,-20.1630472889715,"N90","NTC1","ok",1922667.71666667,69213.6831774348,36.1903200016691,-6.5,30,4.4,-0.2,TRUE
"A_20260703-234444_multiday_-35to0",-20,-20.1630472889715,"N90","NTC2","ok",1929787.1,69523.4980141364,-55.3109334078776,-5.9,30,4.4,-0.2,TRUE
"A_20260703-234444_multiday_-35to0",-20,-20.1630472889715,"N90","TestSB","ok",1930073.31666667,69535.9633130211,-58.98291550481,-10,30,4.4,-0.2,TRUE
"A_20260703-234444_multiday_-35to0",-20,-20.1630472889715,"N91","NTC1","ok",1925163.36666667,69322.2322822732,4.07923866136528,-43.7,30,4.4,-0.2,TRUE
"A_20260703-234444_multiday_-35to0",-20,-20.1630472889715,"N91","NTC2","ok",1924264.98333333,69283.1500576455,15.6340952014951,-8.7,30,4.4,-0.2,TRUE
"A_20260703-234444_multiday_-35to0",-20,-20.1630472889715,"N91","TestSB","ok",1924166.65,69278.8727397313,16.8991480035068,-10.8,30,4.4,-0.2,TRUE
"B_20260705-091555_-37to-15",-20,-20.1616630307094,"N29","NTC1","ok",1928536.43333333,69469.0380789341,-40.6439498138553,-32.3,30,5.7,-5.9,TRUE
"B_20260705-091555_-37to-15",-20,-20.1616630307094,"N29","NTC2","ok",1931207.08333333,69585.3486710768,-74.9077048006228,-6.8,30,5.7,-5.9,TRUE
"B_20260705-091555_-37to-15",-20,-20.1616630307094,"N29","TestSB","ok",1924026.05,69272.7570581299,17.3238057194709,-6,30,5.7,-5.9,TRUE
"B_20260705-091555_-37to-15",-20,-20.1616630307094,"N97","NTC1","ok",1922524.95,69207.4752667596,36.644191853199,-6.1,30,5.7,-5.9,TRUE
"B_20260705-091555_-37to-15",-20,-20.1616630307094,"N97","NTC2","ok",1927752,69434.8876672048,-30.5714571969276,-7.8,30,5.7,-5.9,TRUE
"B_20260705-091555_-37to-15",-20,-20.1616630307094,"N97","TestSB","ok",1928127.31666667,69451.226405954,-35.3911768059021,-15.6,30,5.7,-5.9,TRUE
"B_20260705-091555_-37to-15",-20,-20.1616630307094,"N98","NTC1","FAULTY",2300172.75,86327.6079062072,-4435.13454984985,-4404,30,5.7,-5.9,TRUE
"B_20260705-091555_-37to-15",-20,-20.1616630307094,"N98","NTC2","FAULTY",2192651.3,81306.6045564756,-3234.2141345347,-3179.2,30,5.7,-5.9,TRUE
"B_20260705-091555_-37to-15",-20,-20.1616630307094,"N98","TestSB","FAULTY",2110702.01666667,77559.7998245194,-2282.81397420044,-2290.4,30,5.7,-5.9,TRUE
"B_20260705-091555_-37to-15",-20,-20.1616630307094,"N99","NTC1","ok",1931908.08333333,69615.8893570618,-83.8940291263697,-15.8,30,5.7,-5.9,TRUE
"B_20260705-091555_-37to-15",-20,-20.1616630307094,"N99","NTC2","ok",1927499.5,69423.8962787012,-27.3284245721044,-6,30,5.7,-5.9,TRUE
"B_20260705-091555_-37to-15",-20,-20.1616630307094,"N99","TestSB","ok",1922888.61666667,69223.2889308773,31.9622111144753,6.3,30,5.7,-5.9,TRUE
"A_20260703-234444_multiday_-35to0",-20,-20.1611752900378,"N92","NTC1","ok",1924978.9,69314.2068390551,4.57940834698078,-46,30,4.4,-0.2,TRUE
"A_20260703-234444_multiday_-35to0",-20,-20.1611752900378,"N92","NTC2","ok",1923757.98333333,69261.0974712057,20.2852697132094,-8.6,30,4.4,-0.2,TRUE
"A_20260703-234444_multiday_-35to0",-20,-20.1611752900378,"N92","TestSB","ok",1929752.31666667,69521.9831841698,-56.7366491397969,-13.8,30,4.4,-0.2,TRUE
"A_20260703-234444_multiday_-35to0",-20,-20.1611752900378,"N93","NTC1","ok",1930073.43333333,69535.9683942414,-60.8564110957879,-11.8,30,4.4,-0.2,TRUE
"A_20260703-234444_multiday_-35to0",-20,-20.1611752900378,"N93","NTC2","ok",1924878.71666667,69309.8483773759,5.867815472552,-8,30,4.4,-0.2,TRUE
"A_20260703-234444_multiday_-35to0",-20,-20.1611752900378,"N93","TestSB","ok",1924772.71666667,69305.2369652855,7.23109598373739,-8.9,30,4.4,-0.2,TRUE
"A_20260703-234444_multiday_-35to0",-20,-20.1611752900378,"N94","NTC1","ok",1930048.11666667,69534.8657724435,-60.5316344888287,-5.2,30,4.4,-0.2,TRUE
"A_20260703-234444_multiday_-35to0",-20,-20.1611752900378,"N94","NTC2","ok",1928160.93333333,69452.6899120724,-36.3105712875758,-7.6,30,4.4,-0.2,TRUE
"A_20260703-234444_multiday_-35to0",-20,-20.1611752900378,"N94","TestSB","ok",1930909.78333333,69572.3975086676,-71.5833505698846,-9.2,30,4.4,-0.2,TRUE
"A_20260703-234444_multiday_-35to0",-20,-20.1611752900378,"N96","NTC1","ok",1927040.86666667,69403.9333903936,-21.9246047360038,-5.9,30,4.4,-0.2,TRUE
"A_20260703-234444_multiday_-35to0",-20,-20.1611752900378,"N96","NTC2","ok",1930129.48333333,69538.4095724905,-61.5754382487275,-6.6,30,4.4,-0.2,TRUE
"A_20260703-234444_multiday_-35to0",-20,-20.1611752900378,"N96","TestSB","ok",1924182.91666667,69279.5803033295,14.8178751504098,-37.1,30,4.4,-0.2,TRUE
"B_20260705-091555_-37to-15",-20,-20.1570053713372,"N92","NTC1","ok",1924610.41666667,69298.1764892231,5.14867566463195,-45.4,30,5.7,-5.9,TRUE
"B_20260705-091555_-37to-15",-20,-20.1570053713372,"N92","NTC2","ok",1923399.51666667,69245.5069835578,20.7284309523779,-8.2,30,5.7,-5.9,TRUE
"B_20260705-091555_-37to-15",-20,-20.1570053713372,"N92","TestSB","ok",1929401.78333333,69506.7179348465,-56.4086747289103,-13.4,30,5.7,-5.9,TRUE
"B_20260705-091555_-37to-15",-20,-20.1570053713372,"N93","NTC1","ok",1929699.75,69519.6939036002,-60.2321035620683,-11.2,30,5.7,-5.9,TRUE
"B_20260705-091555_-37to-15",-20,-20.1570053713372,"N93","NTC2","ok",1924553.95,69295.7200991148,5.8749870104613,-8,30,5.7,-5.9,TRUE
"B_20260705-091555_-37to-15",-20,-20.1570053713372,"N93","TestSB","ok",1924470.45,69292.0877708582,6.94905531475243,-9.2,30,5.7,-5.9,TRUE
"B_20260705-091555_-37to-15",-20,-20.1570053713372,"N94","NTC1","ok",1929722.28333333,69520.6752280359,-60.5212228793413,-5.2,30,5.7,-5.9,TRUE
"B_20260705-091555_-37to-15",-20,-20.1570053713372,"N94","NTC2","ok",1927854.23333333,69439.3380807283,-36.5420574018991,-7.9,30,5.7,-5.9,TRUE
"B_20260705-091555_-37to-15",-20,-20.1570053713372,"N94","TestSB","ok",1930499.05,69554.5062659342,-70.4857874801483,-8.1,30,5.7,-5.9,TRUE
"B_20260705-091555_-37to-15",-20,-20.1570053713372,"N96","NTC1","ok",1926697.55,69388.9911758902,-21.6834531862524,-5.7,30,5.7,-5.9,TRUE
"B_20260705-091555_-37to-15",-20,-20.1570053713372,"N96","NTC2","ok",1929743.55,69521.6013936538,-60.7940870372907,-5.9,30,5.7,-5.9,TRUE
"B_20260705-091555_-37to-15",-20,-20.1570053713372,"N96","TestSB","ok",1923739.13333333,69260.2776139807,16.3579102122675,-35.5,30,5.7,-5.9,TRUE
"B_20260705-091555_-37to-15",-20,-20.156361127892,"N88","NTC1","ok",1932499.90540541,69641.6770627778,-96.7803044073463,-8.2,30,5.7,-5.9,TRUE
"B_20260705-091555_-37to-15",-20,-20.156361127892,"N88","NTC2","ok",1923178.14864865,69235.8798152481,22.9333565676342,-7.8,30,5.7,-5.9,TRUE
"B_20260705-091555_-37to-15",-20,-20.156361127892,"N88","TestSB","ok",1926052.75675676,69360.9307582007,-14.0411506776417,-47.3,30,5.7,-5.9,TRUE
"B_20260705-091555_-37to-15",-20,-20.156361127892,"N89","NTC1","ok",1923777.71621622,69261.9557319012,15.2171899307945,-5.8,30,5.7,-5.9,TRUE
"B_20260705-091555_-37to-15",-20,-20.156361127892,"N89","NTC2","ok",1928229.17567568,69455.6608843974,-42.0009755998905,-8.1,30,5.7,-5.9,TRUE
"B_20260705-091555_-37to-15",-20,-20.156361127892,"N89","TestSB","ok",1928179.10810811,69453.4811577783,-41.3581031635175,-28.1,30,5.7,-5.9,TRUE
"B_20260705-091555_-37to-15",-20,-20.156361127892,"N90","NTC1","ok",1922182.06756757,69192.5665224538,35.7574435528392,-6.9,30,5.7,-5.9,TRUE
"B_20260705-091555_-37to-15",-20,-20.156361127892,"N90","NTC2","ok",1929271.40540541,69501.040449119,-55.3797700425918,-5.9,30,5.7,-5.9,TRUE
"B_20260705-091555_-37to-15",-20,-20.156361127892,"N90","TestSB","ok",1929509.63513514,69511.4146105936,-58.4369073711315,-9.4,30,5.7,-5.9,TRUE
"B_20260705-091555_-37to-15",-20,-20.156361127892,"N91","NTC1","ok",1924677.12162162,69301.0782998694,3.64645492554416,-44.2,30,5.7,-5.9,TRUE
"B_20260705-091555_-37to-15",-20,-20.156361127892,"N91","NTC2","ok",1923805.33783784,69263.1571110276,14.8617661287318,-9.4,30,5.7,-5.9,TRUE
"B_20260705-091555_-37to-15",-20,-20.156361127892,"N91","TestSB","ok",1923702.22972973,69258.6725474766,16.1885436743177,-11.5,30,5.7,-5.9,TRUE
"A_20260703-234444_multiday_-35to0",-17,-17.1637216412544,"N88","NTC1","ok",1711563.19178082,60238.9847167251,-93.6684588316083,-4.8,30,7.7,9.8,TRUE
"A_20260703-234444_multiday_-35to0",-17,-17.1637216412544,"N88","NTC2","ok",1703276.31506849,59894.8489269561,25.724004051888,-6.1,30,7.7,9.8,TRUE
"A_20260703-234444_multiday_-35to0",-17,-17.1637216412544,"N88","TestSB","ok",1705891.34246575,60003.3801888323,-12.0118907337528,-37,30,7.7,9.8,TRUE
"A_20260703-234444_multiday_-35to0",-17,-17.1637216412544,"N89","NTC1","ok",1703956.26027397,59923.0628667246,15.9067720611645,-4.8,30,7.7,9.8,TRUE
"A_20260703-234444_multiday_-35to0",-17,-17.1637216412544,"N89","NTC2","ok",1707924.02739726,60087.7839791367,-41.3060019881684,-6.5,30,7.7,9.8,TRUE
"A_20260703-234444_multiday_-35to0",-17,-17.1637216412544,"N89","TestSB","ok",1707911.78082192,60087.275352305,-41.1296102715752,-22.6,30,7.7,9.8,TRUE
"A_20260703-234444_multiday_-35to0",-17,-17.1637216412544,"N90","NTC1","ok",1702494.84931507,59862.4274551966,37.011667268537,-5.2,30,7.7,9.8,TRUE
"A_20260703-234444_multiday_-35to0",-17,-17.1637216412544,"N90","NTC2","ok",1708743.2739726,60121.8120563099,-53.1031412133629,-4.7,30,7.7,9.8,TRUE
"A_20260703-234444_multiday_-35to0",-17,-17.1637216412544,"N90","TestSB","ok",1709058.49315068,60134.9065129145,-57.6408467004157,-8.8,30,7.7,9.8,TRUE
"A_20260703-234444_multiday_-35to0",-17,-17.1637216412544,"N91","NTC1","ok",1704711.06849315,59954.3879522982,5.01305322516288,-37.4,30,7.7,9.8,TRUE
"A_20260703-234444_multiday_-35to0",-17,-17.1637216412544,"N91","NTC2","ok",1703895.28767123,59920.5326777995,16.7869573385317,-8.9,30,7.7,9.8,TRUE
"A_20260703-234444_multiday_-35to0",-17,-17.1637216412544,"N91","TestSB","ok",1703890.39726027,59920.3297411198,16.8575554010957,-12.4,30,7.7,9.8,TRUE
"A_20260703-234444_multiday_-35to0",-17,-17.1633319089259,"N92","NTC1","ok",1704547.33333333,59947.5924007273,6.98602408624183,-36.4,30,7.7,9.8,TRUE
"A_20260703-234444_multiday_-35to0",-17,-17.1633319089259,"N92","NTC2","ok",1703540.28333333,59905.8016587321,21.5225799182939,-7.2,30,7.7,9.8,TRUE
"A_20260703-234444_multiday_-35to0",-17,-17.1633319089259,"N92","TestSB","ok",1708785.03333333,60123.5467233924,-54.0940623220401,-11.2,30,7.7,9.8,TRUE
"A_20260703-234444_multiday_-35to0",-17,-17.1633319089259,"N93","NTC1","ok",1709303,60145.0641237928,-61.549799239689,-10.7,30,7.7,9.8,TRUE
"A_20260703-234444_multiday_-35to0",-17,-17.1633319089259,"N93","NTC2","ok",1704759.43333333,59956.3952983745,3.92545651862619,-8,30,7.7,9.8,TRUE
"A_20260703-234444_multiday_-35to0",-17,-17.1633319089259,"N93","TestSB","ok",1704421.25,59942.3596849152,8.80555884915779,-8.8,30,7.7,9.8,TRUE
"A_20260703-234444_multiday_-35to0",-17,-17.1633319089259,"N94","NTC1","ok",1709117.88333333,60137.3737262589,-58.8854344053154,-4.4,30,7.7,9.8,TRUE
"A_20260703-234444_multiday_-35to0",-17,-17.1633319089259,"N94","NTC2","ok",1707426.68333333,60067.1292605589,-34.5313367123801,-6.9,30,7.7,9.8,TRUE
"A_20260703-234444_multiday_-35to0",-17,-17.1633319089259,"N94","TestSB","ok",1709852.8,60167.9065242781,-69.461380800508,-8.2,30,7.7,9.8,TRUE
"A_20260703-234444_multiday_-35to0",-17,-17.1633319089259,"N96","NTC1","ok",1706387.66666667,60023.9858627317,-19.5575080985044,-5.5,30,7.7,9.8,TRUE
"A_20260703-234444_multiday_-35to0",-17,-17.1633319089259,"N96","NTC2","ok",1709131.45,60137.9373230971,-59.0807074259523,-5.7,30,7.7,9.8,TRUE
"A_20260703-234444_multiday_-35to0",-17,-17.1633319089259,"N96","TestSB","ok",1703845.46666667,59918.4652725565,17.1164510560651,-32.3,30,7.7,9.8,TRUE
"A_20260703-234444_multiday_-35to0",-17,-17.1579484321505,"N29","NTC1","ok",1707438.93333333,60067.637977461,-40.0913026519696,-28.5,30,7.7,9.8,TRUE
"A_20260703-234444_multiday_-35to0",-17,-17.1579484321505,"N29","NTC2","ok",1709841.6,60167.4411742396,-74.683714762525,-7.1,30,7.7,9.8,TRUE
"A_20260703-234444_multiday_-35to0",-17,-17.1579484321505,"N29","TestSB","ok",1703427.68333333,59901.1295163487,17.7649735177319,-5.9,30,7.7,9.8,TRUE
"A_20260703-234444_multiday_-35to0",-17,-17.1579484321505,"N97","NTC1","ok",1702150.96666667,59848.1621386198,36.2071517317339,-5.6,30,7.7,9.8,TRUE
"A_20260703-234444_multiday_-35to0",-17,-17.1579484321505,"N97","NTC2","ok",1706629.36666667,60034.021198073,-28.4250348418276,-6.4,30,7.7,9.8,TRUE
"A_20260703-234444_multiday_-35to0",-17,-17.1579484321505,"N97","TestSB","ok",1706884.2,60044.6023819465,-32.0978857881151,-11.7,30,7.7,9.8,TRUE
"A_20260703-234444_multiday_-35to0",-17,-17.1579484321505,"N98","NTC1","FAULTY",2189226.88333333,81148.6677437416,-6198.82109199022,-6168.1,30,7.7,9.8,TRUE
"A_20260703-234444_multiday_-35to0",-17,-17.1579484321505,"N98","NTC2","FAULTY",2066260.46666667,75556.0970801342,-4756.44381000995,-4701.4,30,7.7,9.8,TRUE
"A_20260703-234444_multiday_-35to0",-17,-17.1579484321505,"N98","TestSB","FAULTY",1967804.5,71186.0195517057,-3543.7627998547,-3552,30,7.7,9.8,TRUE
"A_20260703-234444_multiday_-35to0",-17,-17.1579484321505,"N99","NTC1","ok",1710486.05,60194.2192910688,-83.9542536524185,-13.7,30,7.7,9.8,TRUE
"A_20260703-234444_multiday_-35to0",-17,-17.1579484321505,"N99","NTC2","ok",1706535.06666667,60030.1058200728,-27.0657783701971,-6.8,30,7.7,9.8,TRUE
"A_20260703-234444_multiday_-35to0",-17,-17.1579484321505,"N99","TestSB","ok",1702778.01666667,59874.1748913822,27.1477518272185,1.8,30,7.7,9.8,TRUE
"A_20260703-234444_multiday_-35to0",-15,-15.1688374844946,"N92","NTC1","ok",1571674.71666667,54509.374658748,6.0145091069117,-33.3,30,5.6,4.2,TRUE
"A_20260703-234444_multiday_-35to0",-15,-15.1688374844946,"N92","NTC2","ok",1570822.13333333,54474.96619993,19.3271819280554,-9.1,30,5.6,4.2,TRUE
"A_20260703-234444_multiday_-35to0",-15,-15.1688374844946,"N92","TestSB","ok",1575721.21666667,54672.7662245171,-57.073683473071,-14.1,30,5.6,4.2,TRUE
"A_20260703-234444_multiday_-35to0",-15,-15.1688374844946,"N93","NTC1","ok",1576120,54688.8759549492,-63.2824791802236,-11.3,30,5.6,4.2,TRUE
"A_20260703-234444_multiday_-35to0",-15,-15.1688374844946,"N93","NTC2","ok",1571971.38333333,54521.3489311338,1.38385653063011,-9.1,30,5.6,4.2,TRUE
"A_20260703-234444_multiday_-35to0",-15,-15.1688374844946,"N93","TestSB","ok",1571485.6,54501.7417827839,8.96686524456669,-9.3,30,5.6,4.2,TRUE
"A_20260703-234444_multiday_-35to0",-15,-15.1688374844946,"N94","NTC1","ok",1575900.05,54679.9904249868,-59.8581910357083,-5.8,30,5.6,4.2,TRUE
"A_20260703-234444_multiday_-35to0",-15,-15.1688374844946,"N94","NTC2","ok",1574329.6,54616.5592958605,-35.3951090420637,-8.3,30,5.6,4.2,TRUE
"A_20260703-234444_multiday_-35to0",-15,-15.1688374844946,"N94","TestSB","ok",1576529.16666667,54705.4065350676,-69.6513442787463,-8.9,30,5.6,4.2,TRUE
"A_20260703-234444_multiday_-35to0",-15,-15.1688374844946,"N96","NTC1","ok",1573306.05,54575.2288601826,-19.4383348932874,-6.5,30,5.6,4.2,TRUE
"A_20260703-234444_multiday_-35to0",-15,-15.1688374844946,"N96","NTC2","ok",1575870.36666667,54678.7913102563,-59.396030824665,-6.9,30,5.6,4.2,TRUE
"A_20260703-234444_multiday_-35to0",-15,-15.1688374844946,"N96","TestSB","ok",1571019.1,54482.9148147724,16.2510172753869,-32.1,30,5.6,4.2,TRUE
"A_20260703-234444_multiday_-35to0",-15,-15.1655767267772,"N92","NTC1","ok",1571344.96666667,54496.0659217842,7.90180081802738,-31.4,30,5.5,-7.1,TRUE
"A_20260703-234444_multiday_-35to0",-15,-15.1655767267772,"N92","NTC2","ok",1570479.03333333,54461.121134839,21.4257532888187,-7,30,5.5,-7.1,TRUE
"A_20260703-234444_multiday_-35to0",-15,-15.1655767267772,"N92","TestSB","ok",1575320.33333333,54656.5730097117,-54.0914049145922,-11.1,30,5.5,-7.1,TRUE
"A_20260703-234444_multiday_-35to0",-15,-15.1655767267772,"N93","NTC1","ok",1575807.96666667,54676.2705677178,-61.6852123828462,-9.7,30,5.5,-7.1,TRUE
"A_20260703-234444_multiday_-35to0",-15,-15.1655767267772,"N93","NTC2","ok",1571685.56666667,54509.8125811747,2.58437935029043,-7.9,30,5.5,-7.1,TRUE
"A_20260703-234444_multiday_-35to0",-15,-15.1655767267772,"N93","TestSB","ok",1571226.93333333,54491.3023090351,9.74479073577506,-8.6,30,5.5,-7.1,TRUE
"A_20260703-234444_multiday_-35to0",-15,-15.1655767267772,"N94","NTC1","ok",1575598.58333333,54667.8124503487,-58.4248122667272,-4.3,30,5.5,-7.1,TRUE
"A_20260703-234444_multiday_-35to0",-15,-15.1655767267772,"N94","NTC2","ok",1574037.78333333,54604.7749866637,-34.1075821796348,-7,30,5.5,-7.1,TRUE
"A_20260703-234444_multiday_-35to0",-15,-15.1655767267772,"N94","TestSB","ok",1576253.18333333,54694.2564871561,-68.6164730011765,-7.9,30,5.5,-7.1,TRUE
"A_20260703-234444_multiday_-35to0",-15,-15.1655767267772,"N96","NTC1","ok",1573059.76666667,54565.2853785725,-18.858112903521,-5.9,30,5.5,-7.1,TRUE
"A_20260703-234444_multiday_-35to0",-15,-15.1655767267772,"N96","NTC2","ok",1575596.4,54667.7242557342,-58.3908123952792,-5.9,30,5.5,-7.1,TRUE
"A_20260703-234444_multiday_-35to0",-15,-15.1655767267772,"N96","TestSB","ok",1570668.78333333,54468.7779670524,18.461657857225,-29.9,30,5.5,-7.1,TRUE
"A_20260703-234444_multiday_-35to0",-15,-15.1652267794469,"N29","NTC1","ok",1574354.51666667,54617.5655282996,-39.3941297080236,-25.9,30,5.6,4.2,TRUE
"A_20260703-234444_multiday_-35to0",-15,-15.1652267794469,"N29","NTC2","ok",1576609.96666667,54708.6710705255,-74.5195474329083,-7.1,30,5.6,4.2,TRUE
"A_20260703-234444_multiday_-35to0",-15,-15.1652267794469,"N29","TestSB","ok",1570698.55,54469.9791453623,17.6467554636925,-6.1,30,5.6,4.2,TRUE
"A_20260703-234444_multiday_-35to0",-15,-15.1652267794469,"N97","NTC1","ok",1569619.91666667,54426.4576645679,34.5004911873499,-6.6,30,5.6,4.2,TRUE
"A_20260703-234444_multiday_-35to0",-15,-15.1652267794469,"N97","NTC2","ok",1573769.71666667,54593.950395281,-30.2786898959884,-8.6,30,5.6,4.2,TRUE
"A_20260703-234444_multiday_-35to0",-15,-15.1652267794469,"N97","TestSB","ok",1574063.88333333,54605.8289427542,-34.864360289669,-14.4,30,5.6,4.2,TRUE
"A_20260703-234444_multiday_-35to0",-15,-15.1652267794469,"N98","NTC1","FAULTY",2186508.33333333,81023.3717993659,-8160.45702099063,-8129.8,30,5.6,4.2,TRUE
"A_20260703-234444_multiday_-35to0",-15,-15.1652267794469,"N98","NTC2","FAULTY",2065875.38333333,75538.8206048701,-6744.5269218756,-6689.5,30,5.6,4.2,TRUE
"A_20260703-234444_multiday_-35to0",-15,-15.1652267794469,"N98","TestSB","FAULTY",1978837.18333333,71671.0595652575,-5675.12890860376,-5683.3,30,5.6,4.2,TRUE
"A_20260703-234444_multiday_-35to0",-15,-15.1652267794469,"N99","NTC1","ok",1577273.23333333,54735.4708911091,-84.8396549570456,-13.3,30,5.6,4.2,TRUE
"A_20260703-234444_multiday_-35to0",-15,-15.1652267794469,"N99","NTC2","ok",1573522.68333333,54583.9756699954,-26.4271199812587,-6.6,30,5.6,4.2,TRUE
"A_20260703-234444_multiday_-35to0",-15,-15.1652267794469,"N99","TestSB","ok",1570213.91666667,54450.4235978314,25.2177937287339,0.4,30,5.6,4.2,TRUE
"B_20260705-091555_-37to-15",-15,-15.1648276738182,"N88","NTC1","ok",1578101.7,54768.9509560038,-98.1233571188653,-9,30,4.7,-1.2,TRUE
"B_20260705-091555_-37to-15",-15,-15.1648276738182,"N88","NTC2","ok",1570288.48333333,54453.4323254699,23.6536443685083,-8.8,30,4.7,-1.2,TRUE
"B_20260705-091555_-37to-15",-15,-15.1648276738182,"N88","TestSB","ok",1572741.05,54552.4182198509,-14.6356610681408,-35.1,30,4.7,-1.2,TRUE
"B_20260705-091555_-37to-15",-15,-15.1648276738182,"N89","NTC1","ok",1570928.78333333,54479.2700337263,13.651697716071,-6.7,30,4.7,-1.2,TRUE
"B_20260705-091555_-37to-15",-15,-15.1648276738182,"N89","NTC2","ok",1574694.33333333,54631.2891758312,-45.0885347373031,-9.6,30,4.7,-1.2,TRUE
"B_20260705-091555_-37to-15",-15,-15.1648276738182,"N89","TestSB","ok",1574611.15,54627.929689992,-43.7924074967526,-22.1,30,4.7,-1.2,TRUE
"B_20260705-091555_-37to-15",-15,-15.1648276738182,"N90","NTC1","ok",1569677.75,54428.7909177632,33.1974481449748,-8.5,30,4.7,-1.2,TRUE
"B_20260705-091555_-37to-15",-15,-15.1648276738182,"N90","NTC2","ok",1575372.76666667,54658.6909161524,-55.6571007344786,-7.8,30,4.7,-1.2,TRUE
"B_20260705-091555_-37to-15",-15,-15.1648276738182,"N90","TestSB","ok",1575611.13333333,54668.3194018503,-59.3692987096546,-10.5,30,4.7,-1.2,TRUE
"B_20260705-091555_-37to-15",-15,-15.1648276738182,"N91","NTC1","ok",1571579.26666667,54505.5221949045,3.49475323817217,-35.8,30,4.7,-1.2,TRUE
"B_20260705-091555_-37to-15",-15,-15.1648276738182,"N91","NTC2","ok",1570768.86666667,54472.8166728694,16.1493382900773,-10.3,30,4.7,-1.2,TRUE
"B_20260705-091555_-37to-15",-15,-15.1648276738182,"N91","TestSB","ok",1570717.51666667,54470.744513703,16.9513951592677,-13.2,30,4.7,-1.2,TRUE
"B_20260705-091555_-37to-15",-15,-15.1633191430606,"N92","NTC1","ok",1571363,54496.7937249556,5.36265386575074,-34,30,4.7,-1.2,TRUE
"B_20260705-091555_-37to-15",-15,-15.1633191430606,"N92","NTC2","ok",1570492.11666667,54461.6490665622,18.9637828669387,-9.5,30,4.7,-1.2,TRUE
"B_20260705-091555_-37to-15",-15,-15.1633191430606,"N92","TestSB","ok",1575386.85,54659.2597792641,-57.3849731981628,-14.4,30,4.7,-1.2,TRUE
"B_20260705-091555_-37to-15",-15,-15.1633191430606,"N93","NTC1","ok",1575795.9,54675.7831202198,-63.7549121918202,-11.8,30,4.7,-1.2,TRUE
"B_20260705-091555_-37to-15",-15,-15.1633191430606,"N93","NTC2","ok",1571641.71666667,54508.0427348716,1.01131544989208,-9.4,30,4.7,-1.2,TRUE
"B_20260705-091555_-37to-15",-15,-15.1633191430606,"N93","TestSB","ok",1571165.98333333,54488.8425226766,8.43894222891173,-9.9,30,4.7,-1.2,TRUE
"B_20260705-091555_-37to-15",-15,-15.1633191430606,"N94","NTC1","ok",1575596.1,54667.7121373933,-60.6437243702604,-6.6,30,4.7,-1.2,TRUE
"B_20260705-091555_-37to-15",-15,-15.1633191430606,"N94","NTC2","ok",1574024.41666667,54604.2352233763,-36.1568119524751,-9,30,4.7,-1.2,TRUE
"B_20260705-091555_-37to-15",-15,-15.1633191430606,"N94","TestSB","ok",1576186.65,54691.568559013,-69.8383680856924,-9.1,30,4.7,-1.2,TRUE
"B_20260705-091555_-37to-15",-15,-15.1633191430606,"N96","NTC1","ok",1572968.31666667,54561.5932919831,-19.6893135196721,-6.7,30,4.7,-1.2,TRUE
"B_20260705-091555_-37to-15",-15,-15.1633191430606,"N96","NTC2","ok",1575526,54664.8805058606,-59.5520702843206,-7,30,4.7,-1.2,TRUE
"B_20260705-091555_-37to-15",-15,-15.1633191430606,"N96","TestSB","ok",1570679.8,54469.2225232181,16.0319929048622,-32.3,30,4.7,-1.2,TRUE
"A_20260703-234444_multiday_-35to0",-15,-15.1625917094763,"N88","NTC1","ok",1577848.90410959,54758.7343340141,-96.428452840243,-7.3,30,5.6,4.2,TRUE
"A_20260703-234444_multiday_-35to0",-15,-15.1625917094763,"N88","NTC2","ok",1570084.01369863,54445.1821897998,24.6124813318289,-7.8,30,5.6,4.2,TRUE
"A_20260703-234444_multiday_-35to0",-15,-15.1625917094763,"N88","TestSB","ok",1572543.5890411,54544.4467984772,-13.7910356699962,-34.3,30,5.6,4.2,TRUE
"A_20260703-234444_multiday_-35to0",-15,-15.1625917094763,"N89","NTC1","ok",1570764.26027397,54472.630787274,13.9853220543529,-6.4,30,5.6,4.2,TRUE
"A_20260703-234444_multiday_-35to0",-15,-15.1625917094763,"N89","NTC2","ok",1574486.10958904,54622.8798517923,-44.0799197863697,-8.6,30,5.6,4.2,TRUE
"A_20260703-234444_multiday_-35to0",-15,-15.1625917094763,"N89","TestSB","ok",1574413.93150685,54619.9649529814,-42.9551304186901,-21.3,30,5.6,4.2,TRUE
"A_20260703-234444_multiday_-35to0",-15,-15.1625917094763,"N90","NTC1","ok",1569473.24657534,54420.540468554,34.1580266418902,-7.5,30,5.6,4.2,TRUE
"A_20260703-234444_multiday_-35to0",-15,-15.1625917094763,"N90","NTC2","ok",1575136.75342466,54649.1579650758,-54.2169782806212,-6.4,30,5.6,4.2,TRUE
"A_20260703-234444_multiday_-35to0",-15,-15.1625917094763,"N90","TestSB","ok",1575392.64383562,54659.4938081057,-58.2026426619535,-9.3,30,5.6,4.2,TRUE
"A_20260703-234444_multiday_-35to0",-15,-15.1625917094763,"N91","NTC1","ok",1571355.91780822,54496.5078960728,4.74579762267524,-34.5,30,5.6,4.2,TRUE
"A_20260703-234444_multiday_-35to0",-15,-15.1625917094763,"N91","NTC2","ok",1570542.75342466,54463.6923477103,17.4453218769628,-9,30,5.6,4.2,TRUE
"A_20260703-234444_multiday_-35to0",-15,-15.1625917094763,"N91","TestSB","ok",1570519.39726027,54462.7498832261,17.8101795464869,-12.4,30,5.6,4.2,TRUE
"A_20260703-234444_multiday_-35to0",-15,-15.1612293552965,"N88","NTC1","ok",1577621.81666667,54749.557165467,-94.259170177839,-5.1,30,5.5,-7.1,TRUE
"A_20260703-234444_multiday_-35to0",-15,-15.1612293552965,"N88","NTC2","ok",1569906.01666667,54438.0004820652,26.031629432179,-6.4,30,5.5,-7.1,TRUE
"A_20260703-234444_multiday_-35to0",-15,-15.1612293552965,"N88","TestSB","ok",1572329.23333333,54535.7937140329,-11.8087977302146,-32.3,30,5.5,-7.1,TRUE
"A_20260703-234444_multiday_-35to0",-15,-15.1612293552965,"N89","NTC1","ok",1570595.25,54465.8106984782,15.2629132391091,-5.1,30,5.5,-7.1,TRUE
"A_20260703-234444_multiday_-35to0",-15,-15.1612293552965,"N89","NTC2","ok",1574367.68333333,54618.0972518995,-43.5967483192492,-8.1,30,5.5,-7.1,TRUE
"A_20260703-234444_multiday_-35to0",-15,-15.1612293552965,"N89","TestSB","ok",1574280.36666667,54614.5710766927,-42.235940120225,-20.6,30,5.5,-7.1,TRUE
"A_20260703-234444_multiday_-35to0",-15,-15.1612293552965,"N90","NTC1","ok",1569277.98333333,54412.6631316274,35.8481637112611,-5.8,30,5.5,-7.1,TRUE
"A_20260703-234444_multiday_-35to0",-15,-15.1612293552965,"N90","NTC2","ok",1574994.26666667,54643.4029248147,-53.3597320928614,-5.5,30,5.5,-7.1,TRUE
"A_20260703-234444_multiday_-35to0",-15,-15.1612293552965,"N90","TestSB","ok",1575283,54655.0650421206,-57.8572980587531,-9,30,5.5,-7.1,TRUE
"A_20260703-234444_multiday_-35to0",-15,-15.1612293552965,"N91","NTC1","ok",1571280.16666667,54493.4506959886,4.56620939202068,-34.7,30,5.5,-7.1,TRUE
"A_20260703-234444_multiday_-35to0",-15,-15.1612293552965,"N91","NTC2","ok",1570449.65,54459.9354794116,17.5374117651579,-8.9,30,5.5,-7.1,TRUE
"A_20260703-234444_multiday_-35to0",-15,-15.1612293552965,"N91","TestSB","ok",1570392.13333333,54457.6146286802,18.4359682926463,-11.7,30,5.5,-7.1,TRUE
"A_20260703-234444_multiday_-35to0",-15,-15.1604621817871,"N29","NTC1","ok",1574018.47297297,54603.9952098209,-38.921124889379,-25.4,30,5.5,-7.1,TRUE
"A_20260703-234444_multiday_-35to0",-15,-15.1604621817871,"N29","NTC2","ok",1576262.44594595,54694.6306970833,-73.8752007211421,-6.5,30,5.5,-7.1,TRUE
"A_20260703-234444_multiday_-35to0",-15,-15.1604621817871,"N29","TestSB","ok",1570383.2972973,54457.2580889129,17.8068389715857,-5.9,30,5.5,-7.1,TRUE
"A_20260703-234444_multiday_-35to0",-15,-15.1604621817871,"N97","NTC1","ok",1569275.17567568,54412.5498670477,35.124884169198,-5.9,30,5.5,-7.1,TRUE
"A_20260703-234444_multiday_-35to0",-15,-15.1604621817871,"N97","NTC2","ok",1573392.36486486,54578.7138707435,-29.1596460782504,-7.4,30,5.5,-7.1,TRUE
"A_20260703-234444_multiday_-35to0",-15,-15.1604621817871,"N97","TestSB","ok",1573662.2972973,54589.6129470746,-33.3685528134371,-12.9,30,5.5,-7.1,TRUE
"A_20260703-234444_multiday_-35to0",-15,-15.1604621817871,"N98","NTC1","FAULTY",2140079.75675676,78895.1600389132,-7628.86704124133,-7598.3,30,5.5,-7.1,TRUE
"A_20260703-234444_multiday_-35to0",-15,-15.1604621817871,"N98","NTC2","FAULTY",2006358.86486486,72886.1113404537,-6022.65325138699,-5967.6,30,5.5,-7.1,TRUE
"A_20260703-234444_multiday_-35to0",-15,-15.1604621817871,"N98","TestSB","FAULTY",1902443.54054054,68336.182632822,-4704.72716106382,-4713.2,30,5.5,-7.1,TRUE
"A_20260703-234444_multiday_-35to0",-15,-15.1604621817871,"N99","NTC1","ok",1576932.08108108,54721.6858984189,-84.2966178055864,-12.8,30,5.5,-7.1,TRUE
"A_20260703-234444_multiday_-35to0",-15,-15.1604621817871,"N99","NTC2","ok",1573180.41891892,54570.1565476031,-25.8543967021243,-6,30,5.5,-7.1,TRUE
"A_20260703-234444_multiday_-35to0",-15,-15.1604621817871,"N99","TestSB","ok",1569948.71621622,54439.7232712601,24.5971757544279,-0.2,30,5.5,-7.1,TRUE
"B_20260705-091555_-37to-15",-15,-15.1603648804097,"N29","NTC1","ok",1574075.87837838,54606.3133221018,-39.913228519163,-26.4,30,4.7,-1.2,TRUE
"B_20260705-091555_-37to-15",-15,-15.1603648804097,"N29","NTC2","ok",1576312.22972973,54696.6419763569,-74.7474271689956,-7.4,30,4.7,-1.2,TRUE
"B_20260705-091555_-37to-15",-15,-15.1603648804097,"N29","TestSB","ok",1570416.87837838,54458.6131107405,17.1849089693179,-6.5,30,4.7,-1.2,TRUE
"B_20260705-091555_-37to-15",-15,-15.1603648804097,"N97","NTC1","ok",1569349.60810811,54415.5525910633,33.8639573149404,-7.2,30,4.7,-1.2,TRUE
"B_20260705-091555_-37to-15",-15,-15.1603648804097,"N97","NTC2","ok",1573469.81081081,54581.8408471425,-30.4645912067034,-8.7,30,4.7,-1.2,TRUE
"B_20260705-091555_-37to-15",-15,-15.1603648804097,"N97","TestSB","ok",1573736.83783784,54592.6227825261,-34.6279993972534,-14.1,30,4.7,-1.2,TRUE
"B_20260705-091555_-37to-15",-15,-15.1603648804097,"N98","NTC1","FAULTY",2152733.06756757,79472.995071707,-7776.17376911331,-7745.6,30,4.7,-1.2,TRUE
"B_20260705-091555_-37to-15",-15,-15.1603648804097,"N98","NTC2","FAULTY",2028658.24324324,73875.9698447222,-6297.29957160236,-6242.3,30,4.7,-1.2,TRUE
"B_20260705-091555_-37to-15",-15,-15.1603648804097,"N98","TestSB","FAULTY",1932993.5,69663.1871896901,-5099.10045354973,-5107.4,30,4.7,-1.2,TRUE
"B_20260705-091555_-37to-15",-15,-15.1603648804097,"N99","NTC1","ok",1576968.7027027,54723.1656270651,-84.9637307399806,-13.4,30,4.7,-1.2,TRUE
"B_20260705-091555_-37to-15",-15,-15.1603648804097,"N99","NTC2","ok",1573210.35135135,54571.3650474284,-26.4185139787063,-6.6,30,4.7,-1.2,TRUE
"B_20260705-091555_-37to-15",-15,-15.1603648804097,"N99","TestSB","ok",1569926.87837838,54438.8421829765,24.8411393731427,0.1,30,4.7,-1.2,TRUE
"A_20260703-234444_multiday_-35to0",-13,-13.174896978443,"N92","NTC1","ok",1448807.75675676,49612.9628327887,7.62334381146701,-28.2,30,7.2,-10.5,TRUE
"A_20260703-234444_multiday_-35to0",-13,-13.174896978443,"N92","NTC2","ok",1448105.7027027,49585.34065721,19.4984780815091,-8.5,30,7.2,-10.5,TRUE
"A_20260703-234444_multiday_-35to0",-13,-13.174896978443,"N92","TestSB","ok",1452577.83783784,49761.36418117,-56.0497304086951,-12.8,30,7.2,-10.5,TRUE
"A_20260703-234444_multiday_-35to0",-13,-13.174896978443,"N93","NTC1","ok",1453070.75675676,49780.7754148325,-64.3625695459562,-11.3,30,7.2,-10.5,TRUE
"A_20260703-234444_multiday_-35to0",-13,-13.174896978443,"N93","NTC2","ok",1449294.32432432,49632.1090767812,-0.603528790584562,-9.4,30,7.2,-10.5,TRUE
"A_20260703-234444_multiday_-35to0",-13,-13.174896978443,"N93","TestSB","ok",1448654.81081081,49606.9448653935,10.2099151199511,-8.7,30,7.2,-10.5,TRUE
"A_20260703-234444_multiday_-35to0",-13,-13.174896978443,"N94","NTC1","ok",1452812.37837838,49770.6001832863,-60.0054911889245,-6.2,30,7.2,-10.5,TRUE
"A_20260703-234444_multiday_-35to0",-13,-13.174896978443,"N94","NTC2","ok",1451292.31081081,49710.7491648478,-34.3567996579353,-7.7,30,7.2,-10.5,TRUE
"A_20260703-234444_multiday_-35to0",-13,-13.174896978443,"N94","TestSB","ok",1453278.05405405,49788.939407121,-67.8577048030391,-7.5,30,7.2,-10.5,TRUE
"A_20260703-234444_multiday_-35to0",-13,-13.174896978443,"N96","NTC1","ok",1450300.28378378,49671.699267609,-17.6036014745549,-5.6,30,7.2,-10.5,TRUE
"A_20260703-234444_multiday_-35to0",-13,-13.174896978443,"N96","NTC2","ok",1452686.55405405,49765.6452755982,-57.883416693592,-6,30,7.2,-10.5,TRUE
"A_20260703-234444_multiday_-35to0",-13,-13.174896978443,"N96","TestSB","ok",1448249.67567568,49591.004919698,17.0627333385411,-30.4,30,7.2,-10.5,TRUE
"A_20260703-234444_multiday_-35to0",-13,-13.1726353276065,"N88","NTC1","ok",1454784.7,49848.2861331029,-95.5073435831064,-5.9,30,7.2,-10.5,TRUE
"A_20260703-234444_multiday_-35to0",-13,-13.1726353276065,"N88","NTC2","ok",1447597.31666667,49565.3408011779,25.8396558004979,-7.1,30,7.2,-10.5,TRUE
"A_20260703-234444_multiday_-35to0",-13,-13.1726353276065,"N88","TestSB","ok",1449845.1,49653.78419775,-12.1743831291479,-28.8,30,7.2,-10.5,TRUE
"A_20260703-234444_multiday_-35to0",-13,-13.1726353276065,"N89","NTC1","ok",1448294.5,49592.768456731,14.0427904072471,-5.9,30,7.2,-10.5,TRUE
"A_20260703-234444_multiday_-35to0",-13,-13.1726353276065,"N89","NTC2","ok",1451808.15,49731.0576768739,-45.3253844806891,-9,30,7.2,-10.5,TRUE
"A_20260703-234444_multiday_-35to0",-13,-13.1726353276065,"N89","TestSB","ok",1451672.26666667,49725.7077611261,-43.032084527395,-18.6,30,7.2,-10.5,TRUE
"A_20260703-234444_multiday_-35to0",-13,-13.1726353276065,"N90","NTC1","ok",1447139.15,49547.3183619511,33.5952429911135,-7.5,30,7.2,-10.5,TRUE
"A_20260703-234444_multiday_-35to0",-13,-13.1726353276065,"N90","NTC2","ok",1452335.3,49751.8137213529,-54.2200733111127,-6.8,30,7.2,-10.5,TRUE
"A_20260703-234444_multiday_-35to0",-13,-13.1726353276065,"N90","TestSB","ok",1452583.83333333,49761.6002730055,-58.4125091436913,-9.3,30,7.2,-10.5,TRUE
"A_20260703-234444_multiday_-35to0",-13,-13.1726353276065,"N91","NTC1","ok",1448900.78333333,49616.6232440981,3.78859044156066,-32.7,30,7.2,-10.5,TRUE
"A_20260703-234444_multiday_-35to0",-13,-13.1726353276065,"N91","NTC2","ok",1448112.25,49585.5982408764,17.1260544120759,-10.1,30,7.2,-10.5,TRUE
"A_20260703-234444_multiday_-35to0",-13,-13.1726353276065,"N91","TestSB","ok",1448023.53333333,49582.1079806838,18.6270817946497,-12.3,30,7.2,-10.5,TRUE
"A_20260703-234444_multiday_-35to0",-13,-13.170903861951,"N29","NTC1","ok",1451323,49711.9573333392,-38.8680096648084,-23.7,30,7.2,-10.5,TRUE
"A_20260703-234444_multiday_-35to0",-13,-13.170903861951,"N29","NTC2","ok",1453447.13333333,49795.5985166218,-74.7012165961944,-7.5,30,7.2,-10.5,TRUE
"A_20260703-234444_multiday_-35to0",-13,-13.170903861951,"N29","TestSB","ok",1448010.5,49581.5952331909,17.11613919767,-6.5,30,7.2,-10.5,TRUE
"A_20260703-234444_multiday_-35to0",-13,-13.170903861951,"N97","NTC1","ok",1447037.16666667,49543.3069777295,33.5904245286844,-6.6,30,7.2,-10.5,TRUE
"A_20260703-234444_multiday_-35to0",-13,-13.170903861951,"N97","NTC2","ok",1450791.7,49691.0422530286,-29.8970956445981,-8.4,30,7.2,-10.5,TRUE
"A_20260703-234444_multiday_-35to0",-13,-13.170903861951,"N97","TestSB","ok",1451017.76666667,49699.9412818141,-33.7145918306572,-13.2,30,7.2,-10.5,TRUE
"A_20260703-234444_multiday_-35to0",-13,-13.170903861951,"N98","NTC1","FAULTY",2106073.55,77350.2029943637,-9218.84397644945,-9188.4,30,7.2,-10.5,TRUE
"A_20260703-234444_multiday_-35to0",-13,-13.170903861951,"N98","NTC2","FAULTY",1966833.61666667,71143.3913866105,-7518.5720533411,-7463.5,30,7.2,-10.5,TRUE
"A_20260703-234444_multiday_-35to0",-13,-13.170903861951,"N98","TestSB","FAULTY",1860334.13333333,66521.3439913723,-6140.98575013577,-6149.6,30,7.2,-10.5,TRUE
"A_20260703-234444_multiday_-35to0",-13,-13.170903861951,"N99","NTC1","ok",1454084.83333333,49820.7161228015,-85.4488263298929,-12.8,30,7.2,-10.5,TRUE
"A_20260703-234444_multiday_-35to0",-13,-13.170903861951,"N99","NTC2","ok",1450551.3,49681.5794521769,-25.8369123320374,-6.3,30,7.2,-10.5,TRUE
"A_20260703-234444_multiday_-35to0",-13,-13.170903861951,"N99","TestSB","ok",1447700.23333333,49569.3893637414,22.3664090574136,-1.5,30,7.2,-10.5,TRUE
"A_20260703-234444_multiday_-35to0",-10,-10.1929702412103,"N29","NTC1","ok",1285220.61666667,43282.7207143218,-39.5504476449489,-22.4,30,6.2,-0.2,TRUE
"A_20260703-234444_multiday_-35to0",-10,-10.1929702412103,"N29","NTC2","ok",1287124.06666667,43355.1724410918,-75.806191979261,-8.6,30,6.2,-0.2,TRUE
"A_20260703-234444_multiday_-35to0",-10,-10.1929702412103,"N29","TestSB","ok",1282291.16666667,43171.2704689073,16.3538278077979,-6.8,30,6.2,-0.2,TRUE
"A_20260703-234444_multiday_-35to0",-10,-10.1929702412103,"N97","NTC1","ok",1281527,43142.2087849317,30.9580142857797,-7.6,30,6.2,-0.2,TRUE
"A_20260703-234444_multiday_-35to0",-10,-10.1929702412103,"N97","NTC2","ok",1284755.66666667,43265.0273893815,-30.6861394531595,-9.2,30,6.2,-0.2,TRUE
"A_20260703-234444_multiday_-35to0",-10,-10.1929702412103,"N97","TestSB","ok",1284941.95,43272.1160626385,-34.2380340890642,-13.6,30,6.2,-0.2,TRUE
"A_20260703-234444_multiday_-35to0",-10,-10.1929702412103,"N98","NTC1","FAULTY",2035685.05,74188.8877975597,-11350.6317975563,-11320.4,30,6.2,-0.2,TRUE
"A_20260703-234444_multiday_-35to0",-10,-10.1929702412103,"N98","NTC2","FAULTY",1879591.88333333,67349.2763744002,-9373.40227341246,-9318.2,30,6.2,-0.2,TRUE
"A_20260703-234444_multiday_-35to0",-10,-10.1929702412103,"N98","TestSB","FAULTY",1757214.98333333,62145.6672142493,-7712.37646703636,-7721.3,30,6.2,-0.2,TRUE
"A_20260703-234444_multiday_-35to0",-10,-10.1929702412103,"N99","NTC1","ok",1287737.35,43378.5220182123,-87.4761237957316,-13.5,30,6.2,-0.2,TRUE
"A_20260703-234444_multiday_-35to0",-10,-10.1929702412103,"N99","NTC2","ok",1284562.93333333,43257.6935543119,-27.0107150213832,-7.7,30,6.2,-0.2,TRUE
"A_20260703-234444_multiday_-35to0",-10,-10.1929702412103,"N99","TestSB","ok",1282109.28333333,43164.3529370874,19.829050996357,-2.1,30,6.2,-0.2,TRUE
"A_20260703-234444_multiday_-35to0",-10,-10.192684878293,"N88","NTC1","ok",1288267.25,43398.6992701323,-97.8402388601793,-7.5,30,3.5,-2.2,TRUE
"A_20260703-234444_multiday_-35to0",-10,-10.192684878293,"N88","NTC2","ok",1281815.7,43153.1876787941,25.1541990527144,-8.3,30,3.5,-2.2,TRUE
"A_20260703-234444_multiday_-35to0",-10,-10.192684878293,"N88","TestSB","ok",1283872.45,43231.4218223322,-14.1239956656918,-26.1,30,3.5,-2.2,TRUE
"A_20260703-234444_multiday_-35to0",-10,-10.192684878293,"N89","NTC1","ok",1282512.45,43179.6868360839,11.841100889491,-7.3,30,3.5,-2.2,TRUE
"A_20260703-234444_multiday_-35to0",-10,-10.192684878293,"N89","NTC2","ok",1285601.41666667,43297.2130137997,-47.0933843260113,-9.3,30,3.5,-2.2,TRUE
"A_20260703-234444_multiday_-35to0",-10,-10.192684878293,"N89","TestSB","ok",1285466.76666667,43292.0884425818,-44.5273707378178,-16.7,30,3.5,-2.2,TRUE
"A_20260703-234444_multiday_-35to0",-10,-10.192684878293,"N90","NTC1","ok",1281490.95,43140.8378942998,31.3618291644744,-8.6,30,3.5,-2.2,TRUE
"A_20260703-234444_multiday_-35to0",-10,-10.192684878293,"N90","NTC2","ok",1286018.03333333,43313.0696855872,-55.031096883134,-8,30,3.5,-2.2,TRUE
"A_20260703-234444_multiday_-35to0",-10,-10.192684878293,"N90","TestSB","ok",1286260.06666667,43322.2822284142,-59.6413182892874,-10,30,3.5,-2.2,TRUE
"A_20260703-234444_multiday_-35to0",-10,-10.192684878293,"N91","NTC1","ok",1282921.36666667,43195.2407059947,4.03115280241906,-29.1,30,3.5,-2.2,TRUE
"A_20260703-234444_multiday_-35to0",-10,-10.192684878293,"N91","NTC2","ok",1282209.58333333,43168.1675951104,17.6272064337937,-10.5,30,3.5,-2.2,TRUE
"A_20260703-234444_multiday_-35to0",-10,-10.192684878293,"N91","TestSB","ok",1282144.53333333,43165.6935732855,18.8701316841176,-12.8,30,3.5,-2.2,TRUE
"A_20260703-234444_multiday_-35to0",-10,-10.1922703598176,"N29","NTC1","ok",1285200.15,43281.9418355879,-39.8601984684408,-22.7,30,3.5,-2.2,TRUE
"A_20260703-234444_multiday_-35to0",-10,-10.1922703598176,"N29","NTC2","ok",1287106.23333333,43354.4935147655,-76.1666459008072,-8.9,30,3.5,-2.2,TRUE
"A_20260703-234444_multiday_-35to0",-10,-10.1922703598176,"N29","TestSB","ok",1282277.43333333,43170.7481429515,15.9163302271192,-7.2,30,3.5,-2.2,TRUE
"A_20260703-234444_multiday_-35to0",-10,-10.1922703598176,"N97","NTC1","ok",1281546.53333333,43142.9515925378,29.8847169389003,-8.7,30,3.5,-2.2,TRUE
"A_20260703-234444_multiday_-35to0",-10,-10.1922703598176,"N97","NTC2","ok",1284736.66666667,43264.3043939718,-31.0237155712887,-9.6,30,3.5,-2.2,TRUE
"A_20260703-234444_multiday_-35to0",-10,-10.1922703598176,"N97","TestSB","ok",1284964.73333333,43272.9830592647,-35.3722933732659,-14.7,30,3.5,-2.2,TRUE
"A_20260703-234444_multiday_-35to0",-10,-10.1922703598176,"N98","NTC1","FAULTY",2083600.21666667,76335.5495095615,-11930.1728750917,-11899.8,30,3.5,-2.2,TRUE
"A_20260703-234444_multiday_-35to0",-10,-10.1922703598176,"N98","NTC2","FAULTY",1943488.33333333,70121.0812928704,-10201.2989671647,-10146.2,30,3.5,-2.2,TRUE
"A_20260703-234444_multiday_-35to0",-10,-10.1922703598176,"N98","TestSB","FAULTY",1838814.1,65600.1943390273,-8832.28915228188,-8841,30,3.5,-2.2,TRUE
"A_20260703-234444_multiday_-35to0",-10,-10.1922703598176,"N99","NTC1","ok",1287671.75,43376.0242866319,-86.9279957087858,-12.9,30,3.5,-2.2,TRUE
"A_20260703-234444_multiday_-35to0",-10,-10.1922703598176,"N99","NTC2","ok",1284544.7,43256.9997594019,-27.3628579805152,-8,30,3.5,-2.2,TRUE
"A_20260703-234444_multiday_-35to0",-10,-10.1922703598176,"N99","TestSB","ok",1282091.51666667,43163.6772347117,19.4686618447601,-2.4,30,3.5,-2.2,TRUE
"A_20260703-234444_multiday_-35to0",-10,-10.1911365629151,"N92","NTC1","ok",1282706.4084507,43187.0642290043,6.58803693755949,-25.2,30,6.2,-0.2,TRUE
"A_20260703-234444_multiday_-35to0",-10,-10.1911365629151,"N92","NTC2","ok",1282073.53521127,43162.9933659573,18.6784662794839,-8.5,30,6.2,-0.2,TRUE
"A_20260703-234444_multiday_-35to0",-10,-10.1911365629151,"N92","TestSB","ok",1285981.69014085,43311.6863893991,-55.8870760308974,-12,30,6.2,-0.2,TRUE
"A_20260703-234444_multiday_-35to0",-10,-10.1911365629151,"N93","NTC1","ok",1286503.28169014,43331.5402045701,-65.8214828938508,-11.1,30,6.2,-0.2,TRUE
"A_20260703-234444_multiday_-35to0",-10,-10.1911365629151,"N93","NTC2","ok",1283169.45070423,43204.6776489738,-2.2541256834625,-8.3,30,6.2,-0.2,TRUE
"A_20260703-234444_multiday_-35to0",-10,-10.1911365629151,"N93","TestSB","ok",1282464.23943662,43177.8531466704,11.2137302901392,-8.2,30,6.2,-0.2,TRUE
"A_20260703-234444_multiday_-35to0",-10,-10.1911365629151,"N94","NTC1","ok",1286166.12676056,43318.7065293012,-59.4003816503896,-5.9,30,6.2,-0.2,TRUE
"A_20260703-234444_multiday_-35to0",-10,-10.1911365629151,"N94","NTC2","ok",1284834.25352113,43268.017836537,-34.0183094124864,-7.8,30,6.2,-0.2,TRUE
"A_20260703-234444_multiday_-35to0",-10,-10.1911365629151,"N94","TestSB","ok",1286649.95774648,43337.1236466723,-68.6143926096161,-8.4,30,6.2,-0.2,TRUE
"A_20260703-234444_multiday_-35to0",-10,-10.1911365629151,"N96","NTC1","ok",1283980.61971831,43235.5372561428,-17.7362945353234,-7.1,30,6.2,-0.2,TRUE
"A_20260703-234444_multiday_-35to0",-10,-10.1911365629151,"N96","NTC2","ok",1286131.36619718,43317.3834313514,-58.7382717142741,-7.5,30,6.2,-0.2,TRUE
"A_20260703-234444_multiday_-35to0",-10,-10.1911365629151,"N96","TestSB","ok",1282148.3943662,43165.8404175662,17.2480408913334,-28.7,30,6.2,-0.2,TRUE
"A_20260703-234444_multiday_-35to0",-10,-10.1906102472638,"N92","NTC1","ok",1282685.16216216,43186.25609223,6.46751341545304,-25.3,30,3.5,-2.2,TRUE
"A_20260703-234444_multiday_-35to0",-10,-10.1906102472638,"N92","NTC2","ok",1282077.21621622,43163.1333613343,18.081811197499,-9.1,30,3.5,-2.2,TRUE
"A_20260703-234444_multiday_-35to0",-10,-10.1906102472638,"N92","TestSB","ok",1286024.55405405,43313.3178786218,-57.2299452702847,-13.3,30,3.5,-2.2,TRUE
"A_20260703-234444_multiday_-35to0",-10,-10.1906102472638,"N93","NTC1","ok",1286471.68918919,43330.3376107544,-65.7461927496339,-11,30,3.5,-2.2,TRUE
"A_20260703-234444_multiday_-35to0",-10,-10.1906102472638,"N93","NTC2","ok",1283182.08108108,43205.1581123301,-3.02158340932657,-9.1,30,3.5,-2.2,TRUE
"A_20260703-234444_multiday_-35to0",-10,-10.1906102472638,"N93","TestSB","ok",1282474.06756757,43178.2269583094,10.4996694261335,-8.9,30,3.5,-2.2,TRUE
"A_20260703-234444_multiday_-35to0",-10,-10.1906102472638,"N94","NTC1","ok",1286171.91891892,43318.9269982333,-60.037023035056,-6.5,30,3.5,-2.2,TRUE
"A_20260703-234444_multiday_-35to0",-10,-10.1906102472638,"N94","NTC2","ok",1284856.82432432,43268.8767268107,-34.9749873452421,-8.7,30,3.5,-2.2,TRUE
"A_20260703-234444_multiday_-35to0",-10,-10.1906102472638,"N94","TestSB","ok",1286618.91891892,43335.9420937411,-68.5497139428204,-8.3,30,3.5,-2.2,TRUE
"A_20260703-234444_multiday_-35to0",-10,-10.1906102472638,"N96","NTC1","ok",1283965.64864865,43234.9676602516,-17.9769580628086,-7.3,30,3.5,-2.2,TRUE
"A_20260703-234444_multiday_-35to0",-10,-10.1906102472638,"N96","NTC2","ok",1286096,43316.0372905978,-58.5909229632531,-7.4,30,3.5,-2.2,TRUE
"A_20260703-234444_multiday_-35to0",-10,-10.1906102472638,"N96","TestSB","ok",1282119.47297297,43164.7404708498,17.2743516714267,-28.7,30,3.5,-2.2,TRUE
"A_20260703-234444_multiday_-35to0",-10,-10.1903875424146,"N88","NTC1","ok",1288068.67213115,43391.1376735557,-96.3610930012297,-6.1,30,6.2,-0.2,TRUE
"A_20260703-234444_multiday_-35to0",-10,-10.1903875424146,"N88","NTC2","ok",1281642.31147541,43146.593856808,26.171005502027,-7.3,30,6.2,-0.2,TRUE
"A_20260703-234444_multiday_-35to0",-10,-10.1903875424146,"N88","TestSB","ok",1283691.50819672,43224.5378972376,-12.9683938274017,-24.9,30,6.2,-0.2,TRUE
"A_20260703-234444_multiday_-35to0",-10,-10.1903875424146,"N89","NTC1","ok",1282347.68852459,43173.4202050651,12.6912738565519,-6.4,30,6.2,-0.2,TRUE
"A_20260703-234444_multiday_-35to0",-10,-10.1903875424146,"N89","NTC2","ok",1285456.6557377,43291.7036418636,-46.6320125655617,-8.9,30,6.2,-0.2,TRUE
"A_20260703-234444_multiday_-35to0",-10,-10.1903875424146,"N89","TestSB","ok",1285328.83606557,43286.839161509,-44.1958939031739,-16.3,30,6.2,-0.2,TRUE
"A_20260703-234444_multiday_-35to0",-10,-10.1903875424146,"N90","NTC1","ok",1281328.93442623,43134.6769738124,32.1620311553996,-7.8,30,6.2,-0.2,TRUE
"A_20260703-234444_multiday_-35to0",-10,-10.1903875424146,"N90","NTC2","ok",1285835.90163934,43306.1374833051,-53.8586336557447,-6.9,30,6.2,-0.2,TRUE
"A_20260703-234444_multiday_-35to0",-10,-10.1903875424146,"N90","TestSB","ok",1286071.40983607,43315.1013228194,-58.3452170506522,-8.7,30,6.2,-0.2,TRUE
"A_20260703-234444_multiday_-35to0",-10,-10.1903875424146,"N91","NTC1","ok",1282797.26229508,43190.5200403589,4.10383571392536,-29,30,6.2,-0.2,TRUE
"A_20260703-234444_multiday_-35to0",-10,-10.1903875424146,"N91","NTC2","ok",1282054.85245902,43162.282828192,18.2864531009894,-9.8,30,6.2,-0.2,TRUE
"A_20260703-234444_multiday_-35to0",-10,-10.1903875424146,"N91","TestSB","ok",1282006.80327869,43160.4554461048,19.2046454122359,-12.4,30,6.2,-0.2,TRUE
"C_20260706-070137_warm_-5_0_newfw",-5,-5.21370029595504,"N88","NTC1","ok",1051909.24561404,34608.5526724019,-102.740535040033,-10.9,18,7.3,2.7,TRUE
"C_20260706-070137_warm_-5_0_newfw",-5,-5.21370029595504,"N88","NTC2","ok",1046509.01754386,34412.5145241626,23.9065571393491,-9.8,18,7.3,2.7,TRUE
"C_20260706-070137_warm_-5_0_newfw",-5,-5.21370029595504,"N88","TestSB","ok",1048227.24561404,34474.8666529345,-16.4627923173901,-23.1,18,7.3,2.7,TRUE
"C_20260706-070137_warm_-5_0_newfw",-5,-5.21370029595504,"N89","NTC1","ok",1047173.70175439,34436.6324877678,8.28183906389146,-9.1,18,7.3,2.7,TRUE
"C_20260706-070137_warm_-5_0_newfw",-5,-5.21370029595504,"N89","NTC2","ok",1049689.94736842,34527.9627675086,-50.7747240858469,-10,18,7.3,2.7,TRUE
"C_20260706-070137_warm_-5_0_newfw",-5,-5.21370029595504,"N89","TestSB","ok",1049540.98245614,34522.5546350822,-47.282579972836,-15.7,18,7.3,2.7,TRUE
"C_20260706-070137_warm_-5_0_newfw",-5,-5.21370029595504,"N90","NTC1","ok",1046367.92982456,34407.3955855948,27.2244239122807,-10.4,18,7.3,2.7,TRUE
"C_20260706-070137_warm_-5_0_newfw",-5,-5.21370029595504,"N90","NTC2","ok",1049942.98245614,34537.1495055233,-56.7053828106117,-9.9,18,7.3,2.7,TRUE
"C_20260706-070137_warm_-5_0_newfw",-5,-5.21370029595504,"N90","TestSB","ok",1050149.96491228,34544.6645899031,-61.5555571010935,-10.6,18,7.3,2.7,TRUE
"C_20260706-070137_warm_-5_0_newfw",-5,-5.21370029595504,"N91","NTC1","ok",1047428.28070175,34445.8706843166,2.30017364531765,-27.2,18,7.3,2.7,TRUE
"C_20260706-070137_warm_-5_0_newfw",-5,-5.21370029595504,"N91","NTC2","ok",1046766.57894737,34421.859723935,17.8508487205074,-11.5,18,7.3,2.7,TRUE
"C_20260706-070137_warm_-5_0_newfw",-5,-5.21370029595504,"N91","TestSB","ok",1046705.19298246,34419.6323901247,19.2939976791928,-12.7,18,7.3,2.7,TRUE
"C_20260706-070137_warm_-5_0_newfw",-5,-5.21283423875661,"N92","NTC1","ok",1047329.76666667,34442.295738078,3.74865420621973,-24.6,18,7.3,2.7,TRUE
"C_20260706-070137_warm_-5_0_newfw",-5,-5.21283423875661,"N92","NTC2","ok",1046816.6,34423.6747122315,15.808889883715,-9.4,18,7.3,2.7,TRUE
"C_20260706-070137_warm_-5_0_newfw",-5,-5.21283423875661,"N92","TestSB","ok",1049987.06666667,34538.7500818972,-58.6045384561658,-12.7,18,7.3,2.7,TRUE
"C_20260706-070137_warm_-5_0_newfw",-5,-5.21283423875661,"N93","NTC1","ok",1050450.68333333,34555.5835717978,-69.4665218424575,-12.1,18,7.3,2.7,TRUE
"C_20260706-070137_warm_-5_0_newfw",-5,-5.21283423875661,"N93","NTC2","ok",1047854.85,34461.3511325066,-8.58531745501523,-9.3,18,7.3,2.7,TRUE
"C_20260706-070137_warm_-5_0_newfw",-5,-5.21283423875661,"N93","TestSB","ok",1047100.45,34433.9744039164,9.13720632007653,-10.3,18,7.3,2.7,TRUE
"C_20260706-070137_warm_-5_0_newfw",-5,-5.21283423875661,"N94","NTC1","ok",1050144.81666667,34544.4776645348,-62.3009885818533,-8.9,18,7.3,2.7,TRUE
"C_20260706-070137_warm_-5_0_newfw",-5,-5.21283423875661,"N94","NTC2","ok",1049105.88333333,34506.7593860913,-37.9457907137066,-11.9,18,7.3,2.7,TRUE
"C_20260706-070137_warm_-5_0_newfw",-5,-5.21283423875661,"N94","TestSB","ok",1050566.85,34559.8017170673,-72.1873911580815,-11.3,18,7.3,2.7,TRUE
"C_20260706-070137_warm_-5_0_newfw",-5,-5.21283423875661,"N96","NTC1","ok",1048357.96666667,34479.6112063398,-20.3973068400956,-11.3,18,7.3,2.7,TRUE
"C_20260706-070137_warm_-5_0_newfw",-5,-5.21283423875661,"N96","NTC2","ok",1050089.08333333,34542.45407981,-60.9950922929556,-10,18,7.3,2.7,TRUE
"C_20260706-070137_warm_-5_0_newfw",-5,-5.21283423875661,"N96","TestSB","ok",1046769.45,34421.9638981252,16.9172968580824,-24.7,18,7.3,2.7,TRUE
"A_20260703-234444_multiday_-35to0",-5,-5.21242143621116,"N92","NTC1","ok",1047246.51666667,34439.2747580715,5.29194413477985,-23.1,30,6.9,-0.8,TRUE
"A_20260703-234444_multiday_-35to0",-5,-5.21242143621116,"N92","NTC2","ok",1046815.55,34423.6366133346,15.4207702823728,-9.8,30,6.9,-0.8,TRUE
"A_20260703-234444_multiday_-35to0",-5,-5.21242143621116,"N92","TestSB","ok",1049983.66666667,34538.626636757,-58.9376647567006,-13,30,6.9,-0.8,TRUE
"A_20260703-234444_multiday_-35to0",-5,-5.21242143621116,"N93","NTC1","ok",1050454.93333333,34555.737892479,-69.9788738699168,-12.6,30,6.9,-0.8,TRUE
"A_20260703-234444_multiday_-35to0",-5,-5.21242143621116,"N93","NTC2","ok",1047846.41666667,34461.0450692871,-8.8000753009565,-9.5,30,6.9,-0.8,TRUE
"A_20260703-234444_multiday_-35to0",-5,-5.21242143621116,"N93","TestSB","ok",1047000.53333333,34430.348793348,11.0726574938385,-8.3,30,6.9,-0.8,TRUE
"A_20260703-234444_multiday_-35to0",-5,-5.21242143621116,"N94","NTC1","ok",1050095.26666667,34542.6785852696,-61.5527810052923,-8.1,30,6.9,-0.8,TRUE
"A_20260703-234444_multiday_-35to0",-5,-5.21242143621116,"N94","NTC2","ok",1048971.63333333,34501.886030166,-35.2096177362169,-9.2,30,6.9,-0.8,TRUE
"A_20260703-234444_multiday_-35to0",-5,-5.21242143621116,"N94","TestSB","ok",1050448.63333333,34555.5091348097,-69.8313062536213,-8.9,30,6.9,-0.8,TRUE
"A_20260703-234444_multiday_-35to0",-5,-5.21242143621116,"N96","NTC1","ok",1048241.45,34475.3821987524,-18.0750953467337,-9,30,6.9,-0.8,TRUE
"A_20260703-234444_multiday_-35to0",-5,-5.21242143621116,"N96","NTC2","ok",1049994.03333333,34539.003023669,-59.18059835638,-8.2,30,6.9,-0.8,TRUE
"A_20260703-234444_multiday_-35to0",-5,-5.21242143621116,"N96","TestSB","ok",1046773.73333333,34422.1193160692,16.4037991464001,-25.2,30,6.9,-0.8,TRUE
"A_20260703-234444_multiday_-35to0",-5,-5.21179438914412,"N29","NTC1","ok",1049177.33333333,34509.3531168767,-40.6614056309564,-21.7,30,6.9,-0.8,TRUE
"A_20260703-234444_multiday_-35to0",-5,-5.21179438914412,"N29","NTC2","ok",1050776.21666667,34567.4043060942,-78.1302659924137,-10.5,30,6.9,-0.8,TRUE
"A_20260703-234444_multiday_-35to0",-5,-5.21179438914412,"N29","TestSB","ok",1046925.81666667,34427.6376454275,12.2017621400659,-9.5,30,6.9,-0.8,TRUE
"A_20260703-234444_multiday_-35to0",-5,-5.21179438914412,"N97","NTC1","ok",1046401.35,34408.6081220678,24.5325550712749,-10.8,30,6.9,-0.8,TRUE
"A_20260703-234444_multiday_-35to0",-5,-5.21179438914412,"N97","NTC2","ok",1048834.31666667,34496.9014861403,-32.6153261983819,-10.5,30,6.9,-0.8,TRUE
"A_20260703-234444_multiday_-35to0",-5,-5.21179438914412,"N97","TestSB","ok",1048940.86666667,34500.7691998296,-35.1149414466505,-13.3,30,6.9,-0.8,TRUE
"A_20260703-234444_multiday_-35to0",-5,-5.21179438914412,"N98","NTC1","FAULTY",1961302.51666667,70900.7111837054,-15407.8700072541,-15377.9,30,6.9,-0.8,TRUE
"A_20260703-234444_multiday_-35to0",-5,-5.21179438914412,"N98","NTC2","FAULTY",1789285.65,63496.2214835034,-13139.2051301741,-13083.8,30,6.9,-0.8,TRUE
"A_20260703-234444_multiday_-35to0",-5,-5.21179438914412,"N98","TestSB","FAULTY",1651531.61666667,57759.5578467717,-11167.8088574748,-11177,30,6.9,-0.8,TRUE
"A_20260703-234444_multiday_-35to0",-5,-5.21179438914412,"N99","NTC1","ok",1051276.05,34585.5556852734,-89.8314630753276,-13.8,30,6.9,-0.8,TRUE
"A_20260703-234444_multiday_-35to0",-5,-5.21179438914412,"N99","NTC2","ok",1048670.81666667,34490.9666732304,-28.7791787851717,-8.8,30,6.9,-0.8,TRUE
"A_20260703-234444_multiday_-35to0",-5,-5.21179438914412,"N99","TestSB","ok",1046932.45,34427.8783390735,12.0458460373101,-4.5,30,6.9,-0.8,TRUE
"A_20260703-234444_multiday_-35to0",-5,-5.21135317217095,"N88","NTC1","ok",1051682.02702703,34600.3000053531,-99.7724501431341,-7.9,30,6.9,-0.8,TRUE
"A_20260703-234444_multiday_-35to0",-5,-5.21135317217095,"N88","NTC2","ok",1046337.75675676,34406.3008661653,25.586920312592,-8.1,30,6.9,-0.8,TRUE
"A_20260703-234444_multiday_-35to0",-5,-5.21135317217095,"N88","TestSB","ok",1048045.27027027,34468.2620162168,-14.5376913406059,-21.2,30,6.9,-0.8,TRUE
"A_20260703-234444_multiday_-35to0",-5,-5.21135317217095,"N89","NTC1","ok",1047039.43243243,34431.7602909429,9.09015451706896,-8.3,30,6.9,-0.8,TRUE
"A_20260703-234444_multiday_-35to0",-5,-5.21135317217095,"N89","NTC2","ok",1049567.95945946,34523.5340163713,-50.2621563450836,-9.5,30,6.9,-0.8,TRUE
"A_20260703-234444_multiday_-35to0",-5,-5.21135317217095,"N89","TestSB","ok",1049421.63513514,34518.2218764822,-46.8315069955585,-15.3,30,6.9,-0.8,TRUE
"A_20260703-234444_multiday_-35to0",-5,-5.21135317217095,"N90","NTC1","ok",1046221.95945946,34402.0996452533,28.3104759447932,-9.3,30,6.9,-0.8,TRUE
"A_20260703-234444_multiday_-35to0",-5,-5.21135317217095,"N90","NTC2","ok",1049777.04054054,34531.1247362414,-55.1633121504116,-8.4,30,6.9,-0.8,TRUE
"A_20260703-234444_multiday_-35to0",-5,-5.21135317217095,"N90","TestSB","ok",1049985.35135135,34538.6878032575,-60.0454080506685,-9.1,30,6.9,-0.8,TRUE
"A_20260703-234444_multiday_-35to0",-5,-5.21135317217095,"N91","NTC1","ok",1047285.78378378,34440.6996789159,3.30101606492494,-26.2,30,6.9,-0.8,TRUE
"A_20260703-234444_multiday_-35to0",-5,-5.21135317217095,"N91","NTC2","ok",1046668.89189189,34418.3152508364,17.8003329841525,-11.5,30,6.9,-0.8,TRUE
"A_20260703-234444_multiday_-35to0",-5,-5.21135317217095,"N91","TestSB","ok",1046603.5,34415.9426123457,19.3378104549291,-12.7,30,6.9,-0.8,TRUE
"A_20260703-234444_multiday_-35to0",-5,-5.2105916351305,"N92","NTC1","ok",1047153.43283582,34435.8969863785,5.64948763823825,-22.7,30,6.8,0,TRUE
"A_20260703-234444_multiday_-35to0",-5,-5.2105916351305,"N92","NTC2","ok",1046774.05970149,34422.1311581295,14.5663256249984,-10.6,30,6.8,0,TRUE
"A_20260703-234444_multiday_-35to0",-5,-5.2105916351305,"N92","TestSB","ok",1049947.97014925,34537.3305942356,-59.9309307732758,-14,30,6.8,0,TRUE
"A_20260703-234444_multiday_-35to0",-5,-5.2105916351305,"N93","NTC1","ok",1050380.8358209,34553.0473749104,-70.0729990551556,-12.7,30,6.8,0,TRUE
"A_20260703-234444_multiday_-35to0",-5,-5.2105916351305,"N93","NTC2","ok",1047792.25373134,34459.0793957875,-9.3578984814533,-10,30,6.8,0,TRUE
"A_20260703-234444_multiday_-35to0",-5,-5.2105916351305,"N93","TestSB","ok",1046929.28358209,34427.7634440585,10.917518359606,-8.5,30,6.8,0,TRUE
"A_20260703-234444_multiday_-35to0",-5,-5.2105916351305,"N94","NTC1","ok",1050033.10447761,34540.4216030119,-61.9259746153764,-8.5,30,6.8,0,TRUE
"A_20260703-234444_multiday_-35to0",-5,-5.2105916351305,"N94","NTC2","ok",1048908.28358209,34499.5864409065,-35.5533387696303,-9.5,30,6.8,0,TRUE
"A_20260703-234444_multiday_-35to0",-5,-5.2105916351305,"N94","TestSB","ok",1050332.88059701,34551.3061178569,-68.9496182078235,-8,30,6.8,0,TRUE
"A_20260703-234444_multiday_-35to0",-5,-5.2105916351305,"N96","NTC1","ok",1048130.34328358,34471.3496376306,-17.2965781423775,-8.2,30,6.8,0,TRUE
"A_20260703-234444_multiday_-35to0",-5,-5.2105916351305,"N96","NTC2","ok",1049904.04477612,34535.7357971078,-58.901515072221,-7.9,30,6.8,0,TRUE
"A_20260703-234444_multiday_-35to0",-5,-5.2105916351305,"N96","TestSB","ok",1046707.14925373,34419.7033712289,16.1393446843769,-25.5,30,6.8,0,TRUE
"A_20260703-234444_multiday_-35to0",-5,-5.21045441448516,"N88","NTC1","ok",1051682.41666667,34600.3141568984,-100.680323486729,-8.8,30,6.8,0,TRUE
"A_20260703-234444_multiday_-35to0",-5,-5.21045441448516,"N88","NTC2","ok",1046347.78333333,34406.6646431076,24.4523519356497,-9.3,30,6.8,0,TRUE
"A_20260703-234444_multiday_-35to0",-5,-5.21045441448516,"N88","TestSB","ok",1048075.88333333,34469.3730740811,-16.1552038318584,-22.8,30,6.8,0,TRUE
"A_20260703-234444_multiday_-35to0",-5,-5.21045441448516,"N89","NTC1","ok",1047042.43333333,34431.8691824605,8.12086862541062,-9.3,30,6.8,0,TRUE
"A_20260703-234444_multiday_-35to0",-5,-5.21045441448516,"N89","NTC2","ok",1049585.63333333,34524.1756568658,-51.575253655046,-10.8,30,6.8,0,TRUE
"A_20260703-234444_multiday_-35to0",-5,-5.21045441448516,"N89","TestSB","ok",1049424.05,34518.3095441863,-47.7868864493027,-16.2,30,6.8,0,TRUE
"A_20260703-234444_multiday_-35to0",-5,-5.21045441448516,"N90","NTC1","ok",1046248,34403.0444090437,26.7992168507183,-10.8,30,6.8,0,TRUE
"A_20260703-234444_multiday_-35to0",-5,-5.21045441448516,"N90","NTC2","ok",1049778.66666667,34531.1837742224,-56.1001845731832,-9.3,30,6.8,0,TRUE
"A_20260703-234444_multiday_-35to0",-5,-5.21045441448516,"N90","TestSB","ok",1049966.05,34537.9870228246,-60.4918499022071,-9.6,30,6.8,0,TRUE
"A_20260703-234444_multiday_-35to0",-5,-5.21045441448516,"N91","NTC1","ok",1047257.11666667,34439.659408621,3.07584944695716,-26.4,30,6.8,0,TRUE
"A_20260703-234444_multiday_-35to0",-5,-5.21045441448516,"N91","NTC2","ok",1046605.78333333,34416.0254588673,18.385365944396,-11,30,6.8,0,TRUE
"A_20260703-234444_multiday_-35to0",-5,-5.21045441448516,"N91","TestSB","ok",1046584.78333333,34415.2635141654,18.879132548391,-13.2,30,6.8,0,TRUE
"A_20260703-234444_multiday_-35to0",-5,-5.20989896216597,"N29","NTC1","ok",1049057.31818182,34504.9964268911,-39.7419684971112,-20.8,30,6.8,0,TRUE
"A_20260703-234444_multiday_-35to0",-5,-5.20989896216597,"N29","NTC2","ok",1050669.68181818,34563.5357394612,-77.5309471314074,-9.9,30,6.8,0,TRUE
"A_20260703-234444_multiday_-35to0",-5,-5.20989896216597,"N29","TestSB","ok",1046765.15151515,34421.8079305507,14.0830720531255,-7.6,30,6.8,0,TRUE
"A_20260703-234444_multiday_-35to0",-5,-5.20989896216597,"N97","NTC1","ok",1046289.24242424,34404.5407146967,25.2737307982045,-10.1,30,6.8,0,TRUE
"A_20260703-234444_multiday_-35to0",-5,-5.20989896216597,"N97","NTC2","ok",1048765.40909091,34494.4002176859,-32.8940724996585,-10.8,30,6.8,0,TRUE
"A_20260703-234444_multiday_-35to0",-5,-5.20989896216597,"N97","TestSB","ok",1048897.24242424,34499.1856509921,-35.9869949938627,-14.1,30,6.8,0,TRUE
"A_20260703-234444_multiday_-35to0",-5,-5.20989896216597,"N98","NTC1","FAULTY",2015305.12121212,73282.6520360619,-16083.6988860241,-16053.5,30,6.8,0,TRUE
"A_20260703-234444_multiday_-35to0",-5,-5.20989896216597,"N98","NTC2","FAULTY",1860236.65151515,66517.1617500768,-14100.696175423,-14045.4,30,6.8,0,TRUE
"A_20260703-234444_multiday_-35to0",-5,-5.20989896216597,"N98","TestSB","FAULTY",1742640.74242424,61534.9560987756,-12490.3561407759,-12499.3,30,6.8,0,TRUE
"A_20260703-234444_multiday_-35to0",-5,-5.20989896216597,"N99","NTC1","ok",1051191.93939394,34582.5010946196,-89.7582467154905,-13.8,30,6.8,0,TRUE
"A_20260703-234444_multiday_-35to0",-5,-5.20989896216597,"N99","NTC2","ok",1048562.39393939,34487.0311911881,-28.1303774252422,-8.2,30,6.8,0,TRUE
"A_20260703-234444_multiday_-35to0",-5,-5.20989896216597,"N99","TestSB","ok",1046778.93939394,34422.3082147449,13.7589384831074,-2.8,30,6.8,0,TRUE
"C_20260706-070137_warm_-5_0_newfw",0,-0.252373467335915,"N92","NTC1","ok",856872.58974359,27658.5565862136,2.91655867708673,-26.8,18,7.1,-16.7,TRUE
"C_20260706-070137_warm_-5_0_newfw",0,-0.252373467335915,"N92","NTC2","ok",856597.641025641,27648.9445248433,10.8853801523177,-11.6,18,7.1,-16.7,TRUE
"C_20260706-070137_warm_-5_0_newfw",0,-0.252373467335915,"N92","TestSB","ok",859177.615384615,27739.1592238061,-63.7839644383709,-14.7,18,7.1,-16.7,TRUE
"C_20260706-070137_warm_-5_0_newfw",0,-0.252373467335915,"N93","NTC1","ok",859588.538461538,27753.5322564311,-75.6550218975027,-15.5,18,7.1,-16.7,TRUE
"C_20260706-070137_warm_-5_0_newfw",0,-0.252373467335915,"N93","NTC2","ok",857549.307692308,27682.2164700616,-16.6852324587827,-11.2,18,7.1,-16.7,TRUE
"C_20260706-070137_warm_-5_0_newfw",0,-0.252373467335915,"N93","TestSB","ok",856674.923076923,27651.6462125899,8.64524672589173,-9.8,18,7.1,-16.7,TRUE
"C_20260706-070137_warm_-5_0_newfw",0,-0.252373467335915,"N94","NTC1","ok",859236.692307692,27741.2255121574,-65.4909918618634,-11.7,18,7.1,-16.7,TRUE
"C_20260706-070137_warm_-5_0_newfw",0,-0.252373467335915,"N94","NTC2","ok",858308.282051282,27708.7559543734,-38.6502591915834,-12.2,18,7.1,-16.7,TRUE
"C_20260706-070137_warm_-5_0_newfw",0,-0.252373467335915,"N94","TestSB","ok",859471.666666667,27749.4442649733,-72.2793499478618,-9.5,18,7.1,-16.7,TRUE
"C_20260706-070137_warm_-5_0_newfw",0,-0.252373467335915,"N96","NTC1","ok",857633.846153846,27685.1723807747,-19.1328244390681,-11.1,18,7.1,-16.7,TRUE
"C_20260706-070137_warm_-5_0_newfw",0,-0.252373467335915,"N96","NTC2","ok",859087.923076923,27736.0221698279,-61.1920689801329,-9.2,18,7.1,-16.7,TRUE
"C_20260706-070137_warm_-5_0_newfw",0,-0.252373467335915,"N96","TestSB","ok",856536.58974359,27646.8102739334,12.6551916999214,-19.8,18,7.1,-16.7,TRUE
"C_20260706-070137_warm_-5_0_newfw",0,-0.241330345554199,"N88","NTC1","ok",860253.066666667,27776.7781689949,-105.882880281645,-12,18,7.1,-16.7,TRUE
"C_20260706-070137_warm_-5_0_newfw",0,-0.241330345554199,"N88","NTC2","ok",855809.483333333,27621.39378993,22.700344900197,-10.6,18,7.1,-16.7,TRUE
"C_20260706-070137_warm_-5_0_newfw",0,-0.241330345554199,"N88","TestSB","ok",857228.366666667,27670.9951194692,-18.4340212736813,-22,18,7.1,-16.7,TRUE
"C_20260706-070137_warm_-5_0_newfw",0,-0.241330345554199,"N89","NTC1","ok",856451.75,27643.8444600715,4.07170454620179,-11.4,18,7.1,-16.7,TRUE
"C_20260706-070137_warm_-5_0_newfw",0,-0.241330345554199,"N89","NTC2","ok",858501.05,27715.4972020773,-55.2689017013861,-10.8,18,7.1,-16.7,TRUE
"C_20260706-070137_warm_-5_0_newfw",0,-0.241330345554199,"N89","TestSB","ok",858343.966666667,27710.0038546002,-50.7256039870369,-18.3,18,7.1,-16.7,TRUE
"C_20260706-070137_warm_-5_0_newfw",0,-0.241330345554199,"N90","NTC1","ok",855828.983333333,27622.0753785235,22.1345395815818,-12.5,18,7.1,-16.7,TRUE
"C_20260706-070137_warm_-5_0_newfw",0,-0.241330345554199,"N90","NTC2","ok",858628.583333333,27719.9572822014,-58.9568843877444,-11.8,18,7.1,-16.7,TRUE
"C_20260706-070137_warm_-5_0_newfw",0,-0.241330345554199,"N90","TestSB","ok",858794.766666667,27725.7691909454,-63.7616730616244,-11.1,18,7.1,-16.7,TRUE
"C_20260706-070137_warm_-5_0_newfw",0,-0.241330345554199,"N91","NTC1","ok",856572.466666667,27648.0644682147,0.572020064093764,-28.3,18,7.1,-16.7,TRUE
"C_20260706-070137_warm_-5_0_newfw",0,-0.241330345554199,"N91","NTC2","ok",856031.133333333,27629.1413321232,16.2698255872827,-13.9,18,7.1,-16.7,TRUE
"C_20260706-070137_warm_-5_0_newfw",0,-0.241330345554199,"N91","TestSB","ok",855975.916666667,27627.2112605781,17.871609595072,-13.4,18,7.1,-16.7,TRUE
"C_20260706-070137_warm_-5_0_newfw",0,-0.239746789901164,"N29","NTC1","ok",857998.647058823,27697.9283012301,-42.3184488488008,-23.7,18,7.1,-16.7,TRUE
"C_20260706-070137_warm_-5_0_newfw",0,-0.239746789901164,"N29","NTC2","ok",859368.176470588,27745.8244181489,-81.9164593438135,-13.4,18,7.1,-16.7,TRUE
"C_20260706-070137_warm_-5_0_newfw",0,-0.239746789901164,"N29","TestSB","ok",856265.294117647,27637.3265373287,7.89469490381373,-11.4,18,7.1,-16.7,TRUE
"C_20260706-070137_warm_-5_0_newfw",0,-0.239746789901164,"N97","NTC1","ok",855941.352941177,27626.0031129953,17.2907708575732,-14.1,18,7.1,-16.7,TRUE
"C_20260706-070137_warm_-5_0_newfw",0,-0.239746789901164,"N97","NTC2","ok",857785.588235294,27690.4782062333,-36.1521621971523,-12.5,18,7.1,-16.7,TRUE
"C_20260706-070137_warm_-5_0_newfw",0,-0.239746789901164,"N97","TestSB","ok",857860.647058823,27693.1027766359,-38.324677172864,-12.7,18,7.1,-16.7,TRUE
"C_20260706-070137_warm_-5_0_newfw",0,-0.239746789901164,"N98","NTC1","FAULTY",1918423.58823529,69029.217919713,-19832.4122201134,-19802.5,18,7.1,-16.7,TRUE
"C_20260706-070137_warm_-5_0_newfw",0,-0.239746789901164,"N98","NTC2","FAULTY",1729448.52941176,60983.7826406858,-17273.4463635989,-17217.9,18,7.1,-16.7,TRUE
"C_20260706-070137_warm_-5_0_newfw",0,-0.239746789901164,"N98","TestSB","FAULTY",1582967.17647059,54965.6917825881,-15098.7409596282,-15108,18,7.1,-16.7,TRUE
"C_20260706-070137_warm_-5_0_newfw",0,-0.239746789901164,"N99","NTC1","ok",859819.705882353,27761.6184019686,-94.9572091555641,-17.2,18,7.1,-16.7,TRUE
"C_20260706-070137_warm_-5_0_newfw",0,-0.239746789901164,"N99","NTC2","ok",857685,27686.9610127033,-33.2404052962378,-11.6,18,7.1,-16.7,TRUE
"C_20260706-070137_warm_-5_0_newfw",0,-0.239746789901164,"N99","TestSB","ok",856385.588235294,27641.5316217996,4.40645856865524,-3.9,18,7.1,-16.7,TRUE
"A_20260703-234444_multiday_-35to0",0,-0.237684328637828,"N88","NTC1","ok",860023.766666667,27768.7566693408,-102.910839049526,-9.1,30,3.7,-0.6,TRUE
"A_20260703-234444_multiday_-35to0",0,-0.237684328637828,"N88","NTC2","ok",855632.716666667,27615.2153360281,24.1839495424065,-9.1,30,3.7,-0.6,TRUE
"A_20260703-234444_multiday_-35to0",0,-0.237684328637828,"N88","TestSB","ok",857046.316666667,27664.630251547,-16.8063061637563,-20.4,30,3.7,-0.6,TRUE
"A_20260703-234444_multiday_-35to0",0,-0.237684328637828,"N89","NTC1","ok",856319.683333333,27639.2277922633,4.25501487414884,-11.2,30,3.7,-0.6,TRUE
"A_20260703-234444_multiday_-35to0",0,-0.237684328637828,"N89","NTC2","ok",858362.266666667,27710.6438136823,-54.9009541878272,-10.4,30,3.7,-0.6,TRUE
"A_20260703-234444_multiday_-35to0",0,-0.237684328637828,"N89","TestSB","ok",858207.916666667,27705.2461972301,-50.4359584408699,-18,30,3.7,-0.6,TRUE
"A_20260703-234444_multiday_-35to0",0,-0.237684328637828,"N90","NTC1","ok",855683.6,27616.9938189194,22.7072429749901,-11.9,30,3.7,-0.6,TRUE
"A_20260703-234444_multiday_-35to0",0,-0.237684328637828,"N90","NTC2","ok",858493.133333333,27715.2203450165,-58.6859670340355,-11.5,30,3.7,-0.6,TRUE
"A_20260703-234444_multiday_-35to0",0,-0.237684328637828,"N90","TestSB","ok",858656.416666667,27720.9306807948,-63.4077031103411,-10.7,30,3.7,-0.6,TRUE
"A_20260703-234444_multiday_-35to0",0,-0.237684328637828,"N91","NTC1","ok",856431.916666667,27643.1511366898,1.00072352670302,-27.9,30,3.7,-0.6,TRUE
"A_20260703-234444_multiday_-35to0",0,-0.237684328637828,"N91","NTC2","ok",855878.75,27623.8148975048,17.0445717603675,-13.1,30,3.7,-0.6,TRUE
"A_20260703-234444_multiday_-35to0",0,-0.237684328637828,"N91","TestSB","ok",855820.016666667,27621.7619639613,18.7486947039465,-12.5,30,3.7,-0.6,TRUE
"A_20260703-234444_multiday_-35to0",0,-0.237196111326653,"N92","NTC1","ok",856357.533333333,27640.5509064498,2.66925758225436,-27.1,30,3.7,-0.6,TRUE
"A_20260703-234444_multiday_-35to0",0,-0.237196111326653,"N92","NTC2","ok",856063.566666667,27630.2750330426,11.1947814174009,-11.3,30,3.7,-0.6,TRUE
"A_20260703-234444_multiday_-35to0",0,-0.237196111326653,"N92","TestSB","ok",858611.216666667,27719.3499307714,-62.5889469021395,-13.5,30,3.7,-0.6,TRUE
"A_20260703-234444_multiday_-35to0",0,-0.237196111326653,"N93","NTC1","ok",859032.666666667,27734.0895636854,-74.7725034197238,-14.6,30,3.7,-0.6,TRUE
"A_20260703-234444_multiday_-35to0",0,-0.237196111326653,"N93","NTC2","ok",856967.65,27661.8799615984,-15.0152953445123,-9.5,30,3.7,-0.6,TRUE
"A_20260703-234444_multiday_-35to0",0,-0.237196111326653,"N93","TestSB","ok",856099.4,27631.5275885976,10.1553896916748,-8.3,30,3.7,-0.6,TRUE
"A_20260703-234444_multiday_-35to0",0,-0.237196111326653,"N94","NTC1","ok",858676.183333333,27721.6219718493,-64.4674575717382,-10.6,30,3.7,-0.6,TRUE
"A_20260703-234444_multiday_-35to0",0,-0.237196111326653,"N94","NTC2","ok",857747.65,27689.1516402985,-37.6046739428098,-11.2,30,3.7,-0.6,TRUE
"A_20260703-234444_multiday_-35to0",0,-0.237196111326653,"N94","TestSB","ok",858935.5,27730.6911865554,-71.9641041096971,-9.2,30,3.7,-0.6,TRUE
"A_20260703-234444_multiday_-35to0",0,-0.237196111326653,"N96","NTC1","ok",857119.416666667,27667.1859611307,-19.4122694502717,-11.4,30,3.7,-0.6,TRUE
"A_20260703-234444_multiday_-35to0",0,-0.237196111326653,"N96","NTC2","ok",858559.5,27717.5412946284,-61.0934527171317,-9.1,30,3.7,-0.6,TRUE
"A_20260703-234444_multiday_-35to0",0,-0.237196111326653,"N96","TestSB","ok",855983.133333333,27627.4635144536,13.5280204054588,-18.9,30,3.7,-0.6,TRUE
"A_20260703-234444_multiday_-35to0",0,-0.23600223093146,"N29","NTC1","ok",857874.849315068,27693.5993890565,-42.4802860348748,-23.9,30,3.7,-0.6,TRUE
"A_20260703-234444_multiday_-35to0",0,-0.23600223093146,"N29","NTC2","ok",859225.328767123,27740.8280564515,-81.5338884275164,-13,30,3.7,-0.6,TRUE
"A_20260703-234444_multiday_-35to0",0,-0.23600223093146,"N29","TestSB","ok",856068.589041096,27630.4505898109,9.85521785409418,-9.5,30,3.7,-0.6,TRUE
"A_20260703-234444_multiday_-35to0",0,-0.23600223093146,"N97","NTC1","ok",855743.739726027,27619.0958554434,19.2799244886416,-12.1,30,3.7,-0.6,TRUE
"A_20260703-234444_multiday_-35to0",0,-0.23600223093146,"N97","NTC2","ok",857609.602739726,27684.3246981317,-34.8021816658118,-11.1,30,3.7,-0.6,TRUE
"A_20260703-234444_multiday_-35to0",0,-0.23600223093146,"N97","TestSB","ok",857712.410958904,27687.9194643839,-37.7784729656426,-12.2,30,3.7,-0.6,TRUE
"A_20260703-234444_multiday_-35to0",0,-0.23600223093146,"N98","NTC1","FAULTY",1989164.94520548,72126.1648863469,-20733.4914072049,-20703.4,30,3.7,-0.6,TRUE
"A_20260703-234444_multiday_-35to0",0,-0.23600223093146,"N98","NTC2","FAULTY",1811880.91780822,64453.3078901886,-18424.4434850937,-18369.1,30,3.7,-0.6,TRUE
"A_20260703-234444_multiday_-35to0",0,-0.23600223093146,"N98","TestSB","FAULTY",1677188.98630137,58815.4223966308,-16522.4652952216,-16531.6,30,3.7,-0.6,TRUE
"A_20260703-234444_multiday_-35to0",0,-0.23600223093146,"N99","NTC1","ok",859675.273972603,27756.5661880216,-94.5311746243945,-16.7,30,3.7,-0.6,TRUE
"A_20260703-234444_multiday_-35to0",0,-0.23600223093146,"N99","NTC2","ok",857534.328767123,27681.6927328497,-32.6227663775015,-11,30,3.7,-0.6,TRUE
"A_20260703-234444_multiday_-35to0",0,-0.23600223093146,"N99","TestSB","ok",856179.917808219,27634.3421234545,6.62615456056273,-1.6,30,3.7,-0.6,TRUE
