Group1; SecondsElapsed; DateTimePC; N95_NTC1 | N95_NTC2 | N95_TestSB || N13_NTC1 | N13_NTC2 | N13_TestSB || N18_NTC1 | N18_NTC2 | N18_TestSB || N19_NTC1 | N19_NTC2 | N19_TestSB || N25_NTC1 | N25_NTC2 | N25_TestSB
Group1; 0.044557; 2026-07-07 07:41:07.144327; New Node Array: 95 13 18 19 25
Group1; 0.060232; 2026-07-07 07:41:07.160002; 
Group1; 11.467978; 2026-07-07 07:41:18.567748; N95_NTC1 | N95_NTC2 | N95_TestSB || N13_NTC1 | N13_NTC2 | N13_TestSB || N18_NTC1 | N18_NTC2 | N18_TestSB || N19_NTC1 | N19_NTC2 | N19_TestSB || N25_NTC1 | N25_NTC2 | N25_TestSB
Group1; 22.907414; 2026-07-07 07:41:30.007184; 852559 | 854012 | 854219 || 852884 | 852668 | 854763 || 854447 | 853425 | 853241 || 853944 | 851846 | 852080 || 851884 | 853311 | 853938
Group1; 34.331261; 2026-07-07 07:41:41.431031; 852421 | 853931 | 853999 || 852774 | 852681 | 854756 || 854404 | 853398 | 853241 || 854048 | 852096 | 852209 || 852177 | 853455 | 854081
Group1; 45.77051; 2026-07-07 07:41:52.870280; 852552 | 853993 | 854091 || 852849 | 852597 | 854887 || 854469 | 853485 | 853356 || 854012 | 852111 | 852371 || 852335 | 853638 | 854273
Group1; 57.210077; 2026-07-07 07:42:04.309847; 852797 | 854356 | 854576 || 853311 | 852912 | 855147 || 854708 | 853670 | 853563 || 854261 | 852327 | 852479 || 852454 | 853730 | 854401
Group1; 68.649553; 2026-07-07 07:42:15.749323; 852846 | 854286 | 854424 || 853197 | 852989 | 855205 || 854727 | 853731 | 853639 || 854385 | 852432 | 852541 || 852594 | 853848 | 854583
Group1; 80.089221; 2026-07-07 07:42:27.188991; 853044 | 854629 | 855016 || 853598 | 853262 | 855348 || 854971 | 853857 | 853816 || 854523 | 852596 | 852837 || 852720 | 854058 | 854712
Group1; 91.512664; 2026-07-07 07:42:38.612434; 853212 | 854616 | 854808 || 853473 | 853400 | 855625 || 854974 | 854018 | 853825 || 854551 | 852592 | 852852 || 852892 | 854226 | 855125
Group1; 102.95239; 2026-07-07 07:42:50.052160; 853654 | 855211 | 855192 || 853935 | 853432 | 855684 || 855248 | 854211 | 854284 || 854825 | 853035 | 853280 || 853147 | 854517 | 855265
Group1; 114.391806; 2026-07-07 07:43:01.491576; 853772 | 855310 | 855413 || 854115 | 853914 | 855857 || 855529 | 854476 | 854313 || 855026 | 853245 | 853443 || 853403 | 854695 | 855473
Group1; 125.831419; 2026-07-07 07:43:12.931189; 853923 | 855282 | 855301 || 854011 | 853797 | 856013 || 855587 | 854562 | 854477 || 855078 | 853194 | 853337 || 853310 | 854505 | 855146
Group1; 137.254911; 2026-07-07 07:43:24.354681; 853524 | 855189 | 855498 || 853989 | 853745 | 855877 || 855581 | 854534 | 854299 || 854982 | 853081 | 853360 || 853274 | 854534 | 854983
Group1; 148.694431; 2026-07-07 07:43:35.794201; 853536 | 855014 | 855077 || 853669 | 853500 | 855683 || 855394 | 854444 | 854164 || 854904 | 853095 | 853333 || 853270 | 854510 | 855086
Group1; 160.134118; 2026-07-07 07:43:47.233888; 853601 | 854976 | 854934 || 853727 | 853449 | 855484 || 855329 | 854341 | 853982 || 854760 | 852883 | 853038 || 853085 | 854504 | 855216
Group1; 171.573429; 2026-07-07 07:43:58.673199; 853709 | 855098 | 855215 || 853536 | 853312 | 855684 || 855220 | 854278 | 854337 || 854897 | 853235 | 853358 || 853345 | 854520 | 855064
Group1; 182.997218; 2026-07-07 07:44:10.096988; 853595 | 855055 | 855082 || 853780 | 853739 | 855824 || 855390 | 854422 | 854448 || 855027 | 853266 | 853627 || 853515 | 854913 | 855547
Group1; 194.436511; 2026-07-07 07:44:21.536281; 854009 | 855465 | 855622 || 854176 | 853964 | 856182 || 855647 | 854713 | 854638 || 855269 | 853554 | 853817 || 853764 | 854885 | 855324
Group1; 205.87635; 2026-07-07 07:44:32.976120; 853811 | 855170 | 855371 || 853937 | 853890 | 856150 || 855598 | 854709 | 854713 || 855358 | 853478 | 853402 || 853567 | 854579 | 855244
Group1; 217.315678; 2026-07-07 07:44:44.415448; 853823 | 855307 | 855434 || 854231 | 853947 | 856318 || 855761 | 854739 | 854796 || 855320 | 853333 | 853471 || 853373 | 854541 | 855115
Group1; 228.755352; 2026-07-07 07:44:55.855122; 853650 | 855073 | 855360 || 854096 | 854077 | 856220 || 855776 | 854750 | 854540 || 855235 | 853181 | 853297 || 853288 | 854601 | 855352
Group1; 240.178883; 2026-07-07 07:45:07.278653; 853754 | 855404 | 855509 || 854271 | 853945 | 855912 || 855810 | 854643 | 854376 || 855204 | 853268 | 853305 || 853403 | 854473 | 854997
Group1; 251.618775; 2026-07-07 07:45:18.718545; 853558 | 854994 | 855029 || 853946 | 853908 | 856146 || 855571 | 854632 | 854353 || 855169 | 853043 | 853058 || 853130 | 854516 | 855270
Group1; 263.058107; 2026-07-07 07:45:30.157877; 853688 | 855184 | 855137 || 853933 | 853615 | 855730 || 855494 | 854442 | 854238 || 854880 | 852957 | 853171 || 853137 | 854488 | 855130
Group1; 274.497594; 2026-07-07 07:45:41.597364; 853747 | 855179 | 855505 || 854239 | 854066 | 856044 || 855712 | 854570 | 854420 || 855149 | 853123 | 853457 || 853441 | 854968 | 855563
Group1; 285.921036; 2026-07-07 07:45:53.020806; 854052 | 855570 | 855731 || 854432 | 854285 | 856378 || 855866 | 854900 | 854840 || 855574 | 853708 | 853901 || 853974 | 855329 | 855868
Group1; 297.360936; 2026-07-07 07:46:04.460706; 854489 | 855957 | 855988 || 854652 | 854524 | 856616 || 856162 | 855190 | 854962 || 855824 | 853764 | 853901 || 853872 | 855187 | 855943
Group1; 308.800566; 2026-07-07 07:46:15.900336; 854448 | 855996 | 856198 || 854811 | 854560 | 856788 || 856207 | 855291 | 855182 || 855774 | 853867 | 854097 || 853986 | 855289 | 855902
Group1; 320.239823; 2026-07-07 07:46:27.339593; 854365 | 855833 | 856025 || 854879 | 854600 | 856576 || 856329 | 855265 | 854995 || 855719 | 853747 | 854075 || 853967 | 855484 | 856172
Group1; 331.679352; 2026-07-07 07:46:38.779122; 854590 | 855935 | 856217 || 854447 | 854246 | 856518 || 856221 | 855234 | 855130 || 855729 | 853919 | 854265 || 854135 | 855581 | 856215
Group1; 343.102931; 2026-07-07 07:46:50.202701; 854796 | 856152 | 856132 || 854812 | 854598 | 856770 || 856402 | 855407 | 855177 || 855927 | 854194 | 854209 || 854412 | 855617 | 856251
Group1; 354.542594; 2026-07-07 07:47:01.642364; 854728 | 856074 | 856085 || 854845 | 854723 | 856895 || 856449 | 855487 | 855529 || 856105 | 854283 | 854280 || 854265 | 855508 | 856206
Group1; 365.981989; 2026-07-07 07:47:13.081759; 854609 | 856238 | 856465 || 855151 | 854961 | 856958 || 856606 | 855570 | 855545 || 856178 | 854467 | 854614 || 854643 | 855717 | 856338
Group1; 377.421451; 2026-07-07 07:47:24.521221; 854776 | 856179 | 856391 || 855142 | 854950 | 857317 || 856730 | 855729 | 855773 || 856359 | 854450 | 854579 || 854697 | 855919 | 856478
Group1; 388.845036; 2026-07-07 07:47:35.944806; 855025 | 856472 | 856515 || 855203 | 855070 | 857204 || 856817 | 855867 | 855688 || 856449 | 854440 | 854559 || 854533 | 855708 | 856375
Group1; 400.284692; 2026-07-07 07:47:47.384462; 854814 | 856354 | 856576 || 855430 | 855200 | 857342 || 856898 | 855800 | 855696 || 856379 | 854485 | 854582 || 854563 | 855750 | 856435
Group1; 411.724141; 2026-07-07 07:47:58.823911; 854959 | 856398 | 856506 || 855286 | 855019 | 857299 || 856842 | 855818 | 855722 || 856326 | 854386 | 854573 || 854519 | 855816 | 856466
Group1; 423.16376; 2026-07-07 07:48:10.263530; 855000 | 856401 | 856542 || 855224 | 854980 | 857281 || 856782 | 855831 | 855867 || 856423 | 854744 | 854831 || 854796 | 855916 | 856419
Group1; 434.603487; 2026-07-07 07:48:21.703257; 854895 | 856300 | 856559 || 855324 | 855268 | 857573 || 856871 | 855944 | 855809 || 856435 | 854499 | 854644 || 854632 | 855886 | 856685
Group1; 446.026814; 2026-07-07 07:48:33.126584; 855162 | 856838 | 857085 || 855588 | 855352 | 857327 || 856980 | 856014 | 855899 || 856596 | 854675 | 854957 || 854871 | 856079 | 856578
Group1; 457.466681; 2026-07-07 07:48:44.566451; 855147 | 856654 | 856761 || 855535 | 855461 | 857658 || 857092 | 856096 | 855830 || 856624 | 854449 | 854675 || 854718 | 856200 | 856931
Group1; 468.906141; 2026-07-07 07:48:56.005911; 855434 | 856762 | 856687 || 855258 | 855170 | 857246 || 856938 | 856046 | 855832 || 856508 | 854550 | 854559 || 854669 | 855871 | 856555
Group1; 480.345589; 2026-07-07 07:49:07.445359; 854917 | 856491 | 856582 || 855069 | 855021 | 857147 || 856851 | 855873 | 855730 || 856382 | 854588 | 854776 || 854731 | 856024 | 856554
Group1; 491.769041; 2026-07-07 07:49:18.868811; 854964 | 856503 | 856747 || 855373 | 855156 | 857280 || 856946 | 855978 | 855747 || 856466 | 854494 | 854665 || 854633 | 855973 | 856667
Group1; 503.208583; 2026-07-07 07:49:30.308353; 855145 | 856674 | 856967 || 855371 | 855418 | 857358 || 857016 | 856014 | 855947 || 856580 | 854700 | 854910 || 854883 | 856186 | 856757
Group1; 514.648228; 2026-07-07 07:49:41.747998; 855343 | 856923 | 857023 || 855875 | 855595 | 857537 || 857202 | 856186 | 856157 || 856748 | 854939 | 855257 || 855157 | 856479 | 857103
Group1; 526.087779; 2026-07-07 07:49:53.187549; 855575 | 857086 | 857192 || 855736 | 855572 | 857772 || 857350 | 856377 | 856264 || 856941 | 854972 | 855011 || 855093 | 856353 | 857021
Group1; 537.527535; 2026-07-07 07:50:04.627305; 855502 | 856934 | 856920 || 855644 | 855329 | 857649 || 857282 | 856363 | 856025 || 856893 | 854827 | 854894 || 854932 | 856187 | 856767
Group1; 548.95092; 2026-07-07 07:50:16.050690; 855216 | 856628 | 856900 || 855637 | 855529 | 857644 || 857223 | 856240 | 855896 || 856618 | 854542 | 854628 || 854603 | 855878 | 856509
Group1; 560.390514; 2026-07-07 07:50:27.490284; 854927 | 856494 | 856620 || 855380 | 855381 | 857396 || 857016 | 856061 | 855849 || 856366 | 854309 | 854630 || 854479 | 855895 | 856564
Group1; 571.829893; 2026-07-07 07:50:38.929663; 854964 | 856441 | 856612 || 855383 | 855032 | 857402 || 856853 | 855891 | 855675 || 856332 | 854234 | 854411 || 854404 | 855772 | 856608
Group1; 583.269697; 2026-07-07 07:50:50.369467; 854989 | 856865 | 856983 || 855606 | 855252 | 857116 || 856858 | 855969 | 855945 || 856503 | 854715 | 854783 || 854972 | 856246 | 857033
Group1; 594.693067; 2026-07-07 07:51:01.792837; 855509 | 856990 | 857068 || 855722 | 855570 | 857675 || 857216 | 856213 | 856177 || 856922 | 855176 | 855357 || 855327 | 856618 | 857250
Group1; 606.132694; 2026-07-07 07:51:13.232464; 855763 | 857290 | 857452 || 856435 | 856125 | 858298 || 857640 | 856569 | 856736 || 857253 | 855413 | 855635 || 855465 | 856792 | 857530
Group1; 617.572163; 2026-07-07 07:51:24.671933; 855810 | 857510 | 857650 || 856403 | 856261 | 858037 || 857854 | 856692 | 856571 || 857286 | 855331 | 855514 || 855505 | 856855 | 857464
Group1; 629.01186; 2026-07-07 07:51:36.111630; 855959 | 857246 | 857399 || 856145 | 855959 | 858085 || 857767 | 856687 | 856380 || 857190 | 854966 | 855102 || 855178 | 856480 | 857250
Group1; 640.451169; 2026-07-07 07:51:47.550939; 855699 | 857126 | 857305 || 855727 | 855524 | 857824 || 857548 | 856572 | 856320 || 856979 | 855003 | 854941 || 855125 | 856329 | 857068
Group1; 651.874956; 2026-07-07 07:51:58.974726; 855779 | 857325 | 857328 || 856027 | 855996 | 857959 || 857605 | 856591 | 856428 || 857121 | 855039 | 855229 || 854997 | 856259 | 856927
Group1; 663.314341; 2026-07-07 07:52:10.414111; 855363 | 856918 | 857350 || 855893 | 855946 | 858051 || 857533 | 856603 | 856463 || 856923 | 854962 | 855083 || 855221 | 856505 | 857180
Group1; 674.754054; 2026-07-07 07:52:21.853824; 855709 | 857105 | 857187 || 855844 | 855570 | 857963 || 857395 | 856519 | 856372 || 856999 | 855168 | 855419 || 855394 | 856737 | 857322
Group1; 686.193411; 2026-07-07 07:52:33.293181; 855784 | 857159 | 857268 || 856066 | 855778 | 858094 || 857579 | 856600 | 856515 || 857162 | 855279 | 855506 || 855452 | 856871 | 857593
Group1; 697.617302; 2026-07-07 07:52:44.717072; 856061 | 857604 | 857750 || 856275 | 856175 | 858306 || 857741 | 856797 | 856756 || 857390 | 855429 | 855623 || 855713 | 856961 | 857561
Group2; SecondsElapsed; DateTimePC; N26_NTC1 | N26_NTC2 | N26_TestSB || N28_NTC1 | N28_NTC2 | N28_TestSB || N35_NTC1 | N35_NTC2 | N35_TestSB || N62_NTC1 | N62_NTC2 | N62_TestSB || N85_NTC1 | N85_NTC2 | N85_TestSB
Group2; 697.693066; 2026-07-07 07:52:44.792836; New Node Array: 26 28 35 62 85
Group2; 697.693204; 2026-07-07 07:52:44.792974; 
Group2; 709.10071; 2026-07-07 07:52:56.200480; N26_NTC1 | N26_NTC2 | N26_TestSB || N28_NTC1 | N28_NTC2 | N28_TestSB || N35_NTC1 | N35_NTC2 | N35_TestSB || N62_NTC1 | N62_NTC2 | N62_TestSB || N85_NTC1 | N85_NTC2 | N85_TestSB
Group2; 720.540308; 2026-07-07 07:53:07.640078; 856519 | 857203 | 857328 || 855204 | 16777216 | 857336 || 859538 | 856178 | 854856 || 856213 | 858823 | 857452 || 857951 | 855740 | 856365
Group2; 731.979717; 2026-07-07 07:53:19.079487; 856467 | 857325 | 857751 || 855350 | 16777216 | 857508 || 859733 | 856486 | 854993 || 856306 | 859081 | 857705 || 858169 | 856010 | 856535
Group2; 743.403404; 2026-07-07 07:53:30.503174; 856845 | 857815 | 858158 || 855663 | 16777216 | 857639 || 859832 | 856586 | 855246 || 856524 | 859300 | 858040 || 858475 | 856290 | 856785
Group2; 754.842837; 2026-07-07 07:53:41.942607; 857050 | 857739 | 858045 || 855795 | 16777216 | 857842 || 860038 | 856721 | 855320 || 856564 | 859193 | 857828 || 858427 | 856153 | 856800
Group2; 766.282537; 2026-07-07 07:53:53.382307; 856947 | 857856 | 858282 || 856139 | 16777216 | 858075 || 860233 | 856899 | 855227 || 856612 | 859361 | 857917 || 858490 | 856271 | 856846
Group2; 777.722079; 2026-07-07 07:54:04.821849; 857139 | 858236 | 858479 || 856051 | 16777216 | 858143 || 860289 | 857007 | 855444 || 856644 | 859297 | 858017 || 858485 | 856409 | 856992
Group2; 789.161425; 2026-07-07 07:54:16.261195; 857384 | 858333 | 858634 || 856420 | 16777216 | 857997 || 860406 | 856860 | 855556 || 856865 | 859714 | 858560 || 858952 | 856811 | 857257
Group2; 800.585052; 2026-07-07 07:54:27.684822; 857650 | 858570 | 858869 || 856379 | 16777216 | 858286 || 860341 | 856958 | 855447 || 856689 | 859866 | 858601 || 858932 | 856868 | 857350
Group2; 812.024726; 2026-07-07 07:54:39.124496; 857575 | 858298 | 858470 || 856031 | 16777216 | 858063 || 860299 | 857231 | 855735 || 857171 | 859758 | 858419 || 858878 | 856636 | 857236
Group2; 823.464465; 2026-07-07 07:54:50.564235; 857364 | 858153 | 858366 || 855870 | 16777216 | 857924 || 860217 | 856842 | 855464 || 856818 | 859647 | 858294 || 858815 | 856641 | 857109
Group2; 834.903716; 2026-07-07 07:55:02.003486; 857412 | 858197 | 858514 || 856190 | 16777216 | 858240 || 860474 | 857191 | 855651 || 857027 | 859859 | 858541 || 858963 | 856797 | 857314
Group2; 846.327354; 2026-07-07 07:55:13.427124; 857592 | 858316 | 858594 || 856201 | 16777216 | 858482 || 860513 | 857298 | 855850 || 857087 | 860117 | 858934 || 859100 | 857061 | 857507
Group2; 857.766897; 2026-07-07 07:55:24.866667; 857989 | 858622 | 858967 || 856390 | 16777216 | 858240 || 860474 | 857258 | 855808 || 856995 | 859920 | 858613 || 859077 | 856951 | 857478
Group2; 869.206345; 2026-07-07 07:55:36.306115; 857740 | 858518 | 858792 || 856410 | 16777216 | 858376 || 860621 | 857350 | 855816 || 857367 | 860118 | 858667 || 859280 | 856937 | 857464
Group2; 880.645978; 2026-07-07 07:55:47.745748; 857739 | 858463 | 858785 || 856618 | 16777216 | 858645 || 860870 | 857574 | 855911 || 857170 | 859754 | 858362 || 858960 | 856679 | 857313
Group2; 892.085578; 2026-07-07 07:55:59.185348; 857393 | 858462 | 858960 || 856612 | 16777216 | 858643 || 860755 | 857472 | 855858 || 857157 | 859746 | 858437 || 858947 | 856686 | 857443
Group2; 903.508983; 2026-07-07 07:56:10.608753; 857583 | 858566 | 858832 || 856314 | 16777216 | 858244 || 860338 | 857112 | 855602 || 856844 | 859567 | 858198 || 858891 | 856540 | 857305
Group2; 914.948553; 2026-07-07 07:56:22.048323; 857510 | 858396 | 858683 || 856308 | 16777216 | 857990 || 860326 | 856981 | 855492 || 856943 | 859752 | 858511 || 859034 | 856784 | 857292
Group2; 926.388106; 2026-07-07 07:56:33.487876; 857596 | 858229 | 858624 || 856169 | 16777216 | 858353 || 860588 | 857343 | 855960 || 857280 | 860100 | 858919 || 859213 | 857036 | 857519
Group2; 937.827978; 2026-07-07 07:56:44.927748; 857892 | 858626 | 858893 || 856374 | 16777216 | 858316 || 860556 | 857220 | 855931 || 857212 | 860199 | 858845 || 859292 | 857128 | 857599
Group2; 949.267219; 2026-07-07 07:56:56.366989; 857978 | 858739 | 859083 || 856702 | 16777216 | 858618 || 860760 | 857392 | 855951 || 857307 | 860131 | 858861 || 859195 | 857027 | 857636
Group2; 960.6908; 2026-07-07 07:57:07.790570; 857766 | 858540 | 858972 || 856483 | 16777216 | 858511 || 860675 | 857455 | 855951 || 857305 | 860120 | 858761 || 859202 | 857036 | 857582
Group2; 972.13027; 2026-07-07 07:57:19.230040; 857931 | 858499 | 858723 || 856207 | 16777216 | 858298 || 860599 | 857286 | 856037 || 857232 | 860044 | 858734 || 859165 | 856823 | 857573
Group2; 983.569904; 2026-07-07 07:57:30.669674; 857592 | 858525 | 858918 || 856665 | 16777216 | 858783 || 860915 | 857659 | 856095 || 857460 | 860207 | 858706 || 859252 | 856988 | 857598
Group2; 995.009437; 2026-07-07 07:57:42.109207; 857622 | 858556 | 858925 || 856645 | 16777216 | 858759 || 860929 | 857645 | 856207 || 857488 | 860154 | 858714 || 859302 | 857109 | 857618
Group2; 1006.449024; 2026-07-07 07:57:53.548794; 857849 | 858815 | 859116 || 856757 | 16777216 | 858749 || 860907 | 857555 | 855991 || 857360 | 860103 | 858786 || 859280 | 857100 | 857716
Group2; 1017.872572; 2026-07-07 07:58:04.972342; 857908 | 858729 | 859078 || 856782 | 16777216 | 858873 || 860985 | 857685 | 855897 || 857359 | 859837 | 858498 || 859136 | 856924 | 857563
Group2; 1029.312195; 2026-07-07 07:58:16.411965; 858058 | 858910 | 859181 || 856715 | 16777216 | 858633 || 860785 | 857462 | 855888 || 857204 | 859965 | 858637 || 859239 | 857071 | 857564
Group2; 1040.751858; 2026-07-07 07:58:27.851628; 857939 | 858871 | 859199 || 857019 | 16777216 | 858927 || 861183 | 857740 | 856139 || 857523 | 860164 | 859088 || 859574 | 857329 | 857873
Group2; 1052.1913; 2026-07-07 07:58:39.291070; 858177 | 858839 | 859131 || 856588 | 16777216 | 858639 || 860962 | 857590 | 856137 || 857536 | 860294 | 859177 || 859556 | 857410 | 857859
Group2; 1063.630731; 2026-07-07 07:58:50.730501; 858383 | 859264 | 859476 || 857160 | 16777216 | 858830 || 860886 | 857599 | 856150 || 857600 | 860510 | 859347 || 859662 | 857520 | 858050
Group2; 1075.054493; 2026-07-07 07:59:02.154263; 858229 | 859090 | 859389 || 857078 | 16777216 | 859042 || 861253 | 857976 | 856377 || 857674 | 860584 | 859322 || 859631 | 857563 | 858054
Group2; 1086.49379; 2026-07-07 07:59:13.593560; 858211 | 859110 | 859325 || 856841 | 16777216 | 859084 || 861205 | 857937 | 856513 || 857840 | 860654 | 859253 || 859701 | 857502 | 858104
Group2; 1097.933638; 2026-07-07 07:59:25.033408; 858286 | 859172 | 859394 || 856878 | 16777216 | 858803 || 861079 | 857812 | 856498 || 857717 | 860614 | 859300 || 859657 | 857498 | 858071
Group2; 1109.372901; 2026-07-07 07:59:36.472671; 858280 | 859142 | 859454 || 856949 | 16777216 | 858942 || 861293 | 857934 | 856399 || 857796 | 860520 | 859181 || 859696 | 857521 | 858075
Group2; 1120.796687; 2026-07-07 07:59:47.896457; 858261 | 858955 | 859322 || 856965 | 16777216 | 859172 || 861349 | 857943 | 856499 || 857850 | 860564 | 858975 || 859589 | 857327 | 857968
Group2; 1132.236043; 2026-07-07 07:59:59.335813; 858036 | 858801 | 859251 || 856972 | 16777216 | 859113 || 861238 | 857891 | 856330 || 857527 | 860277 | 858872 || 859501 | 857287 | 857901
Group2; 1143.675668; 2026-07-07 08:00:10.775438; 858104 | 858895 | 859254 || 856964 | 16777216 | 858722 || 861007 | 857628 | 856045 || 857387 | 860150 | 858729 || 859382 | 857115 | 857723
Group2; 1155.115026; 2026-07-07 08:00:22.214796; 857928 | 858855 | 859221 || 856766 | 16777216 | 858782 || 860975 | 857758 | 856207 || 857493 | 859989 | 858736 || 859304 | 857036 | 857726
Group2; 1166.554683; 2026-07-07 08:00:33.654453; 857932 | 858818 | 859097 || 856602 | 16777216 | 858556 || 860742 | 857458 | 855974 || 857292 | 860146 | 858881 || 859329 | 857044 | 857719
Group2; 1177.978122; 2026-07-07 08:00:45.077892; 857748 | 858563 | 858954 || 856648 | 16777216 | 858613 || 860755 | 857497 | 855991 || 857332 | 860248 | 858976 || 859415 | 857247 | 857708
Group2; 1189.417798; 2026-07-07 08:00:56.517568; 857884 | 858562 | 858878 || 856359 | 16777216 | 858606 || 860771 | 857517 | 856064 || 857483 | 860348 | 858875 || 859350 | 857193 | 857679
Group2; 1200.857377; 2026-07-07 08:01:07.957147; 857801 | 858542 | 858844 || 856575 | 16777216 | 858736 || 860758 | 857678 | 856055 || 857426 | 860286 | 858868 || 859356 | 857164 | 857690
Group2; 1212.296887; 2026-07-07 08:01:19.396657; 857841 | 858546 | 859026 || 856639 | 16777216 | 858895 || 861049 | 857724 | 856181 || 857619 | 860303 | 859012 || 859473 | 857246 | 857783
Group2; 1223.736373; 2026-07-07 08:01:30.836143; 857968 | 858705 | 859097 || 856939 | 16777216 | 858740 || 861052 | 857637 | 856198 || 857590 | 860457 | 859182 || 859543 | 857312 | 857843
Group2; 1235.15984; 2026-07-07 08:01:42.259610; 858090 | 858851 | 859097 || 856658 | 16777216 | 858648 || 860891 | 857548 | 856160 || 857570 | 860314 | 858936 || 859380 | 857162 | 857790
Group2; 1246.599485; 2026-07-07 08:01:53.699255; 857821 | 858727 | 859120 || 856774 | 16777216 | 858651 || 860901 | 857592 | 856176 || 857567 | 860439 | 859083 || 859533 | 857299 | 857879
Group2; 1258.039075; 2026-07-07 08:02:05.138845; 858229 | 858867 | 859172 || 856694 | 16777216 | 858823 || 860996 | 857782 | 856318 || 857652 | 860463 | 859098 || 859540 | 857358 | 857924
Group2; 1269.478491; 2026-07-07 08:02:16.578261; 858161 | 858961 | 859229 || 856696 | 16777216 | 858770 || 860892 | 857747 | 856296 || 857508 | 860417 | 859098 || 859567 | 857401 | 857990
Group2; 1280.918052; 2026-07-07 08:02:28.017822; 858292 | 859198 | 859521 || 857111 | 16777216 | 859024 || 861248 | 857835 | 856260 || 857668 | 860280 | 859030 || 859507 | 857325 | 857989
Group2; 1292.329357; 2026-07-07 08:02:39.429127; 858224 | 859202 | 859447 || 856923 | 16777216 | 858900 || 861159 | 857821 | 856293 || 857688 | 860556 | 859212 || 859688 | 857462 | 858070
Group2; 1303.76071; 2026-07-07 08:02:50.860480; 858183 | 858943 | 859065 || 856605 | 16777216 | 858738 || 861114 | 857871 | 856350 || 857854 | 860434 | 859042 || 859631 | 857373 | 857912
Group2; 1315.196221; 2026-07-07 08:03:02.295991; 857967 | 858774 | 859186 || 856881 | 16777216 | 858851 || 861064 | 857769 | 856530 || 857600 | 860530 | 859154 || 859626 | 857281 | 857949
Group2; 1326.634204; 2026-07-07 08:03:13.733974; 857891 | 858708 | 859183 || 857143 | 16777216 | 859186 || 861321 | 857816 | 856210 || 857626 | 860327 | 858924 || 859630 | 857413 | 857874
Group2; 1338.072671; 2026-07-07 08:03:25.172441; 858289 | 859022 | 859316 || 856916 | 16777216 | 858818 || 861087 | 857757 | 856174 || 857695 | 860537 | 859115 || 859673 | 857428 | 857901
Group2; 1349.495851; 2026-07-07 08:03:36.595621; 858146 | 858870 | 859161 || 856578 | 16777216 | 858799 || 861043 | 857749 | 856275 || 857625 | 860353 | 858966 || 859532 | 857266 | 857888
Group2; 1360.935146; 2026-07-07 08:03:48.034916; 858094 | 858848 | 859138 || 856768 | 16777216 | 858763 || 860921 | 857646 | 856122 || 857525 | 860399 | 858997 || 859509 | 857331 | 857850
Group2; 1372.375233; 2026-07-07 08:03:59.475003; 858008 | 858704 | 859056 || 856657 | 16777216 | 858914 || 861039 | 857818 | 856413 || 857665 | 860529 | 859211 || 859587 | 857399 | 857931
Group2; 1383.814131; 2026-07-07 08:04:10.913901; 858117 | 858814 | 859122 || 856819 | 16777216 | 858994 || 861143 | 857864 | 856502 || 857739 | 860661 | 859301 || 859630 | 857446 | 858044
Group2; 1395.237775; 2026-07-07 08:04:22.337545; 858115 | 858945 | 859217 || 856951 | 16777216 | 859160 || 861311 | 858103 | 856530 || 857867 | 860534 | 859128 || 859694 | 857456 | 858020
Group3; SecondsElapsed; DateTimePC; N86_NTC1 | N86_NTC2 | N86_TestSB || N87_NTC1 | N87_NTC2 | N87_TestSB || N98_NTC1 | N98_NTC2 | N98_TestSB
Group3; 1395.294728; 2026-07-07 08:04:22.394498; New Node Array: 86 87 98
Group3; 1395.29484; 2026-07-07 08:04:22.394610; 
Group3; 1402.142386; 2026-07-07 08:04:29.242156; N86_NTC1 | N86_NTC2 | N86_TestSB || N87_NTC1 | N87_NTC2 | N87_TestSB || N98_NTC1 | N98_NTC2 | N98_TestSB
Group3; 1409.006067; 2026-07-07 08:04:36.105837; 859844 | 859585 | 858553 || 859274 | 858995 | 858905 || 859751 | 860830 | 858289
Group3; 1415.869796; 2026-07-07 08:04:42.969566; 860074 | 859659 | 858638 || 859396 | 858927 | 858861 || 859637 | 860795 | 858308
Group3; 1422.717622; 2026-07-07 08:04:49.817392; 860261 | 859935 | 858843 || 859656 | 859035 | 858831 || 859715 | 860563 | 858080
Group3; 1429.581674; 2026-07-07 08:04:56.681444; 860139 | 859632 | 858731 || 859519 | 859147 | 859034 || 859896 | 860954 | 858330
Group3; 1436.445134; 2026-07-07 08:05:03.544904; 860247 | 859822 | 858711 || 859437 | 859036 | 858807 || 859622 | 860655 | 858175
Group3; 1443.308866; 2026-07-07 08:05:10.408636; 860209 | 859792 | 858743 || 859651 | 858994 | 858888 || 859802 | 860937 | 858287
Group3; 1450.172592; 2026-07-07 08:05:17.272362; 860182 | 859685 | 858634 || 859459 | 858915 | 858921 || 859899 | 861089 | 858507
Group3; 1457.036353; 2026-07-07 08:05:24.136123; 860430 | 859929 | 858760 || 859313 | 858814 | 858535 || 859544 | 860753 | 858468
Group3; 1463.900218; 2026-07-07 08:05:30.999988; 860227 | 860016 | 858847 || 859739 | 859171 | 858794 || 859839 | 860684 | 858143
Group3; 1470.763638; 2026-07-07 08:05:37.863408; 860119 | 859435 | 858368 || 859282 | 858861 | 858730 || 859670 | 860815 | 858180
Group3; 1477.611869; 2026-07-07 08:05:44.711639; 860174 | 859694 | 858551 || 859485 | 858882 | 858658 || 859663 | 860688 | 858299
Group3; 1484.47541; 2026-07-07 08:05:51.575180; 860102 | 859827 | 858769 || 859566 | 859155 | 858938 || 859782 | 860810 | 858205
Group3; 1491.339387; 2026-07-07 08:05:58.439157; 859903 | 859475 | 858449 || 859242 | 858814 | 858687 || 859510 | 860587 | 858248
Group3; 1498.202869; 2026-07-07 08:06:05.302639; 859981 | 859765 | 858636 || 859284 | 858675 | 858471 || 859505 | 860550 | 858023
Group3; 1505.066468; 2026-07-07 08:06:12.166238; 859974 | 859477 | 858403 || 859085 | 858735 | 858559 || 859474 | 860558 | 858096
Group3; 1511.930294; 2026-07-07 08:06:19.030064; 859918 | 859523 | 858452 || 859076 | 858537 | 858308 || 859295 | 860313 | 858033
Group3; 1518.794029; 2026-07-07 08:06:25.893799; 859783 | 859460 | 858403 || 858951 | 858398 | 858205 || 859094 | 860171 | 857951
Group3; 1525.641893; 2026-07-07 08:06:32.741663; 859649 | 859349 | 858461 || 859152 | 858761 | 858577 || 859485 | 860446 | 857978
Group3; 1532.505803; 2026-07-07 08:06:39.605573; 859677 | 859171 | 858116 || 858742 | 858366 | 858338 || 859234 | 860347 | 858117
Group3; 1539.369716; 2026-07-07 08:06:46.469486; 859822 | 859420 | 858353 || 858738 | 858251 | 858252 || 859136 | 860155 | 857831
Group3; 1546.232945; 2026-07-07 08:06:53.332715; 859724 | 859433 | 858330 || 858823 | 858269 | 858124 || 859073 | 860179 | 857940
Group3; 1553.096727; 2026-07-07 08:07:00.196497; 859712 | 859341 | 858279 || 859032 | 858521 | 858438 || 859341 | 860504 | 858049
Group3; 1559.960446; 2026-07-07 08:07:07.060216; 859788 | 859347 | 858231 || 858808 | 858372 | 858170 || 859203 | 860387 | 858024
Group3; 1566.824202; 2026-07-07 08:07:13.923972; 859765 | 859356 | 858261 || 859088 | 858633 | 858492 || 859377 | 860538 | 858063
Group3; 1573.688001; 2026-07-07 08:07:20.787771; 859905 | 859547 | 858420 || 859231 | 858741 | 858403 || 859499 | 860433 | 857763
Group3; 1580.551706; 2026-07-07 08:07:27.651476; 859764 | 859208 | 858047 || 858855 | 858451 | 858230 || 859238 | 860321 | 857817
Group3; 1587.399749; 2026-07-07 08:07:34.499519; 859744 | 859444 | 858440 || 859333 | 858873 | 858668 || 859543 | 860627 | 858025
Group3; 1594.263634; 2026-07-07 08:07:41.363404; 859927 | 859607 | 858517 || 859283 | 858846 | 858586 || 859525 | 860563 | 858129
Group3; 1601.127344; 2026-07-07 08:07:48.227114; 860036 | 859600 | 858373 || 859130 | 858550 | 858359 || 859436 | 860480 | 857958
Group3; 1607.990808; 2026-07-07 08:07:55.090578; 859969 | 859669 | 858788 || 859470 | 858956 | 858744 || 859590 | 860639 | 858012
Group3; 1614.85456; 2026-07-07 08:08:01.954330; 859999 | 859518 | 858363 || 859095 | 858640 | 858415 || 859453 | 860609 | 858191
Group3; 1621.718133; 2026-07-07 08:08:08.817903; 860037 | 859633 | 858628 || 859521 | 858977 | 858747 || 859671 | 860643 | 858142
Group3; 1628.582236; 2026-07-07 08:08:15.682006; 860025 | 859737 | 858648 || 859301 | 858941 | 858763 || 859657 | 860617 | 858010
Group3; 1635.429712; 2026-07-07 08:08:22.529482; 859939 | 859436 | 858529 || 859258 | 858800 | 858638 || 859485 | 860603 | 858122
Group3; 1642.293334; 2026-07-07 08:08:29.393104; 860000 | 859659 | 858510 || 859259 | 858635 | 858460 || 859327 | 860359 | 858011
Group3; 1649.157042; 2026-07-07 08:08:36.256812; 859878 | 859644 | 858557 || 859263 | 858659 | 858420 || 859396 | 860359 | 857797
Group3; 1656.020874; 2026-07-07 08:08:43.120644; 859740 | 859422 | 858298 || 859223 | 858635 | 858387 || 859314 | 860244 | 857984
Group3; 1662.884673; 2026-07-07 08:08:49.984443; 859814 | 859430 | 858323 || 858939 | 858520 | 858219 || 859200 | 860250 | 857751
Group3; 1669.748331; 2026-07-07 08:08:56.848101; 859647 | 859338 | 858156 || 858737 | 858256 | 858104 || 859048 | 860013 | 857663
Group3; 1676.612055; 2026-07-07 08:09:03.711825; 859461 | 859176 | 858218 || 858912 | 858537 | 858421 || 859221 | 860401 | 857729
Group3; 1683.475716; 2026-07-07 08:09:10.575486; 859652 | 859192 | 857978 || 858535 | 858055 | 857870 || 858935 | 859937 | 857562
Group3; 1690.323681; 2026-07-07 08:09:17.423451; 859603 | 859196 | 857987 || 858836 | 858247 | 858004 || 858997 | 860105 | 857638
Group3; 1697.187537; 2026-07-07 08:09:24.287307; 859468 | 859150 | 858013 || 858766 | 858280 | 858145 || 859077 | 860147 | 857655
Group3; 1704.051106; 2026-07-07 08:09:31.150876; 859526 | 859252 | 858145 || 858817 | 858428 | 858271 || 859186 | 860368 | 857921
Group3; 1710.914716; 2026-07-07 08:09:38.014486; 859682 | 859315 | 858108 || 858794 | 858302 | 858273 || 859156 | 860166 | 857745
Group3; 1717.778864; 2026-07-07 08:09:44.878634; 859652 | 859175 | 858046 || 858994 | 858544 | 858400 || 859303 | 860478 | 858160
Group3; 1724.642268; 2026-07-07 08:09:51.742038; 859853 | 859543 | 858182 || 858899 | 858482 | 858444 || 859424 | 860530 | 857952
Group3; 1731.506098; 2026-07-07 08:09:58.605868; 859918 | 859370 | 858116 || 858839 | 858355 | 858180 || 859182 | 860278 | 857827
Group3; 1738.353909; 2026-07-07 08:10:05.453679; 859750 | 859314 | 858184 || 858970 | 858535 | 858396 || 859329 | 860362 | 857808
Group3; 1745.217499; 2026-07-07 08:10:12.317269; 859746 | 859231 | 858067 || 858830 | 858441 | 858276 || 859305 | 860458 | 857906
Group3; 1752.081364; 2026-07-07 08:10:19.181134; 859766 | 859275 | 858173 || 859023 | 858491 | 858404 || 859231 | 860277 | 857719
Group3; 1758.944897; 2026-07-07 08:10:26.044667; 859626 | 859327 | 858284 || 859022 | 858557 | 858215 || 859161 | 860094 | 857675
Group3; 1765.808983; 2026-07-07 08:10:32.908753; 859487 | 859137 | 858132 || 858883 | 858456 | 858259 || 859158 | 860380 | 857787
Group3; 1772.673001; 2026-07-07 08:10:39.772771; 859675 | 859277 | 858089 || 858697 | 858214 | 858181 || 859075 | 860337 | 857852
Group3; 1779.536148; 2026-07-07 08:10:46.635918; 859647 | 859347 | 858178 || 858851 | 858356 | 858118 || 859124 | 860126 | 857629
Group3; 1786.39983; 2026-07-07 08:10:53.499600; 859493 | 858864 | 857915 || 858618 | 858204 | 858083 || 859001 | 860130 | 857576
Group3; 1793.247681; 2026-07-07 08:11:00.347451; 859494 | 859155 | 857930 || 858586 | 858161 | 858080 || 858991 | 860089 | 857444
Group3; 1800.111484; 2026-07-07 08:11:07.211254; 859276 | 858840 | 857869 || 858623 | 858194 | 857976 || 858910 | 859933 | 857471
Group3; 1806.9752; 2026-07-07 08:11:14.074970; 859400 | 859075 | 857942 || 858733 | 858231 | 858057 || 859006 | 860051 | 857363
Group3; 1813.838995; 2026-07-07 08:11:20.938765; 859246 | 858794 | 857588 || 858415 | 857961 | 857938 || 858854 | 859971 | 857512
Group1; SecondsElapsed; DateTimePC; N95_NTC1 | N95_NTC2 | N95_TestSB || N13_NTC1 | N13_NTC2 | N13_TestSB || N18_NTC1 | N18_NTC2 | N18_TestSB || N19_NTC1 | N19_NTC2 | N19_TestSB || N25_NTC1 | N25_NTC2 | N25_TestSB
Group1; 1813.914819; 2026-07-07 08:11:21.014589; New Node Array: 95 13 18 19 25
Group1; 1813.914971; 2026-07-07 08:11:21.014741; 
Group1; 1825.322508; 2026-07-07 08:11:32.422278; N95_NTC1 | N95_NTC2 | N95_TestSB || N13_NTC1 | N13_NTC2 | N13_TestSB || N18_NTC1 | N18_NTC2 | N18_TestSB || N19_NTC1 | N19_NTC2 | N19_TestSB || N25_NTC1 | N25_NTC2 | N25_TestSB
Group1; 1836.762114; 2026-07-07 08:11:43.861884; 857325 | 858686 | 858695 || 857443 | 857081 | 859411 || 859030 | 858195 | 858014 || 858589 | 856735 | 856908 || 856924 | 858108 | 858595
Group1; 1848.201686; 2026-07-07 08:11:55.301456; 857145 | 858610 | 858796 || 857388 | 857439 | 859741 || 859080 | 858245 | 858179 || 858679 | 856633 | 856748 || 856688 | 858059 | 858613
Group1; 1859.625022; 2026-07-07 08:12:06.724792; 857146 | 858588 | 858761 || 857571 | 857422 | 859708 || 859133 | 858131 | 857963 || 858642 | 856605 | 856763 || 856819 | 858151 | 858769
Group1; 1871.064697; 2026-07-07 08:12:18.164467; 857331 | 858743 | 858756 || 857510 | 857306 | 859695 || 859111 | 858106 | 858244 || 858725 | 856931 | 857085 || 857004 | 858220 | 858979
Group1; 1882.50442; 2026-07-07 08:12:29.604190; 857448 | 859002 | 859111 || 857724 | 857451 | 859479 || 859185 | 858239 | 857913 || 858650 | 856715 | 856941 || 856891 | 858288 | 858913
Group1; 1893.943896; 2026-07-07 08:12:41.043666; 857337 | 858750 | 858853 || 857546 | 857401 | 859648 || 859134 | 858257 | 858099 || 858795 | 856726 | 856932 || 856846 | 858155 | 858954
Group1; 1905.383485; 2026-07-07 08:12:52.483255; 857328 | 858854 | 859080 || 857652 | 857370 | 859233 || 859151 | 858122 | 857935 || 858593 | 856878 | 857177 || 857132 | 858499 | 859141
Group1; 1916.807369; 2026-07-07 08:13:03.907139; 857616 | 858948 | 859006 || 857392 | 857273 | 859430 || 859050 | 858199 | 857957 || 858638 | 856742 | 857028 || 856936 | 858245 | 858783
Group1; 1928.246541; 2026-07-07 08:13:15.346311; 857304 | 858796 | 858877 || 857517 | 857339 | 859619 || 859118 | 858115 | 857910 || 858703 | 856859 | 856968 || 856961 | 858194 | 858843
Group1; 1939.686307; 2026-07-07 08:13:26.786077; 857316 | 858851 | 859018 || 857580 | 857358 | 859497 || 859109 | 858240 | 858024 || 858792 | 856947 | 857073 || 857122 | 858406 | 858900
Group1; 1951.12586; 2026-07-07 08:13:38.225630; 857542 | 858885 | 858879 || 857555 | 857340 | 859468 || 859175 | 858200 | 858027 || 858668 | 856821 | 857281 || 857066 | 858261 | 858622
Group1; 1962.549238; 2026-07-07 08:13:49.649008; 857385 | 858585 | 858687 || 857609 | 857487 | 859873 || 859237 | 858279 | 858361 || 858903 | 856979 | 856970 || 856921 | 858028 | 858704
Group1; 1973.989082; 2026-07-07 08:14:01.088852; 857172 | 858791 | 858899 || 857734 | 857501 | 859722 || 859226 | 858264 | 858042 || 858814 | 856755 | 856864 || 856904 | 858117 | 858796
Group1; 1985.428427; 2026-07-07 08:14:12.528197; 857317 | 859026 | 859146 || 857690 | 857502 | 859596 || 859222 | 858267 | 858060 || 858784 | 856919 | 856964 || 857034 | 858345 | 858875
Group1; 1996.867953; 2026-07-07 08:14:23.967723; 857463 | 858967 | 859060 || 857939 | 857868 | 859834 || 859393 | 858431 | 858195 || 859033 | 856856 | 856977 || 857027 | 858291 | 858965
Group1; 2008.291523; 2026-07-07 08:14:35.391293; 857548 | 859129 | 859160 || 857908 | 857717 | 859894 || 859371 | 858498 | 858355 || 859117 | 857248 | 857357 || 857377 | 858535 | 859156
Group1; 2019.731295; 2026-07-07 08:14:46.831065; 857696 | 859208 | 859495 || 858023 | 857864 | 859931 || 859529 | 858613 | 858459 || 859161 | 857135 | 857376 || 857268 | 858592 | 859384
Group1; 2031.170658; 2026-07-07 08:14:58.270428; 857884 | 859422 | 859477 || 858202 | 857827 | 859845 || 859582 | 858590 | 858382 || 859048 | 857174 | 857296 || 857316 | 858691 | 859416
Group1; 2042.610581; 2026-07-07 08:15:09.710351; 857947 | 859466 | 859517 || 858228 | 857877 | 859749 || 859673 | 858592 | 858319 || 859100 | 857141 | 857336 || 857296 | 858585 | 859129
Group1; 2054.033784; 2026-07-07 08:15:21.133554; 857603 | 859048 | 859143 || 857846 | 857696 | 859823 || 859499 | 858545 | 858318 || 858984 | 857075 | 857298 || 857200 | 858542 | 859235
Group1; 2065.47354; 2026-07-07 08:15:32.573310; 857730 | 859170 | 859315 || 858086 | 857950 | 860136 || 859659 | 858615 | 858544 || 859161 | 857175 | 857179 || 857103 | 858260 | 858844
Group1; 2076.912885; 2026-07-07 08:15:44.012655; 857325 | 858904 | 859042 || 857769 | 857656 | 859844 || 859418 | 858506 | 858115 || 858963 | 856879 | 856996 || 856952 | 858217 | 859030
Group1; 2088.352425; 2026-07-07 08:15:55.452195; 857437 | 858946 | 859116 || 857673 | 857307 | 859560 || 859240 | 858274 | 858039 || 858695 | 856684 | 856849 || 856865 | 858157 | 858790
Group1; 2099.792092; 2026-07-07 08:16:06.891862; 857347 | 858832 | 858930 || 857581 | 857408 | 859517 || 859211 | 858219 | 858004 || 858690 | 856735 | 857271 || 857030 | 858313 | 858981
Group1; 2111.21567; 2026-07-07 08:16:18.315440; 857366 | 858809 | 858888 || 857632 | 857611 | 859759 || 859220 | 858313 | 858183 || 858736 | 856633 | 856595 || 856661 | 857904 | 858539
Group1; 2122.655199; 2026-07-07 08:16:29.754969; 857182 | 858892 | 859144 || 857729 | 857544 | 859793 || 859236 | 858220 | 858222 || 858864 | 856867 | 856993 || 857009 | 858196 | 858719
Group1; 2134.094773; 2026-07-07 08:16:41.194543; 857225 | 858758 | 858906 || 857531 | 857516 | 859536 || 859197 | 858138 | 857815 || 858591 | 856455 | 856709 || 856702 | 858153 | 858959
Group1; 2145.534421; 2026-07-07 08:16:52.634191; 857437 | 858963 | 859150 || 857661 | 857502 | 859660 || 859193 | 858183 | 858050 || 858725 | 856592 | 856677 || 856678 | 857970 | 858751
Group1; 2156.957811; 2026-07-07 08:17:04.057581; 857244 | 858679 | 858719 || 857512 | 857466 | 859603 || 859131 | 858197 | 857892 || 858697 | 856640 | 856985 || 856816 | 858271 | 859023
Group1; 2168.397551; 2026-07-07 08:17:15.497321; 857563 | 859137 | 859219 || 857859 | 857659 | 859577 || 859303 | 858308 | 857771 || 858618 | 856586 | 856820 || 856797 | 858367 | 859081
Group1; 2179.837068; 2026-07-07 08:17:26.936838; 857526 | 859053 | 859044 || 857443 | 857329 | 859387 || 859086 | 858088 | 858120 || 858636 | 856914 | 857168 || 857013 | 858360 | 858980
Group1; 2191.276634; 2026-07-07 08:17:38.376404; 857479 | 858814 | 858781 || 857656 | 857439 | 859475 || 859239 | 858340 | 858109 || 858871 | 856966 | 857167 || 857200 | 858424 | 858915
Group1; 2202.70013; 2026-07-07 08:17:49.799900; 857479 | 858887 | 858990 || 857705 | 857458 | 859790 || 859266 | 858276 | 858284 || 858894 | 857051 | 857181 || 857193 | 858282 | 858793
Group1; 2214.13981; 2026-07-07 08:18:01.239580; 857364 | 858614 | 858756 || 857438 | 857339 | 859739 || 859230 | 858211 | 857840 || 858780 | 856646 | 856671 || 856773 | 858002 | 858852
Group1; 2225.579423; 2026-07-07 08:18:12.679193; 857279 | 858890 | 859051 || 857790 | 857531 | 859593 || 859263 | 858165 | 858069 || 858627 | 856656 | 856883 || 856924 | 858295 | 858912
Group1; 2237.018814; 2026-07-07 08:18:24.118584; 857413 | 858876 | 859019 || 857688 | 857462 | 859694 || 859250 | 858195 | 858028 || 858728 | 856689 | 856754 || 856765 | 858182 | 859015
Group1; 2248.458483; 2026-07-07 08:18:35.558253; 857423 | 858957 | 859077 || 857657 | 857654 | 859785 || 859254 | 858170 | 858259 || 858619 | 856461 | 856889 || 856757 | 858089 | 858730
Group1; 2259.882133; 2026-07-07 08:18:46.981903; 857255 | 858776 | 859085 || 857778 | 857629 | 859756 || 859247 | 858253 | 858067 || 858801 | 856833 | 856943 || 857031 | 858406 | 858788
Group1; 2271.321762; 2026-07-07 08:18:58.421532; 857343 | 858677 | 858752 || 857510 | 857280 | 859473 || 859109 | 858186 | 857922 || 858651 | 856645 | 856854 || 856835 | 858201 | 858792
Group1; 2282.761172; 2026-07-07 08:19:09.860942; 857349 | 858846 | 858913 || 857602 | 857277 | 859257 || 859086 | 858130 | 857739 || 858482 | 856491 | 856643 || 856662 | 858013 | 858723
Group1; 2294.201557; 2026-07-07 08:19:21.301327; 857172 | 858650 | 858766 || 857322 | 857012 | 859196 || 858939 | 857939 | 857942 || 858481 | 856747 | 857079 || 856932 | 858182 | 858776
Group1; 2305.640407; 2026-07-07 08:19:32.740177; 857300 | 858678 | 858773 || 857529 | 857200 | 859359 || 859006 | 858071 | 858058 || 858706 | 856826 | 857003 || 856830 | 858054 | 858788
Group1; 2317.063958; 2026-07-07 08:19:44.163728; 857202 | 858715 | 858891 || 857649 | 857330 | 859510 || 859146 | 858125 | 857977 || 858709 | 856734 | 856816 || 856863 | 857735 | 858244
Group1; 2328.503425; 2026-07-07 08:19:55.603195; 856878 | 858248 | 858319 || 857360 | 857259 | 859382 || 859031 | 858000 | 857841 || 858522 | 856549 | 856489 || 856613 | 857669 | 858260
Group1; 2339.943115; 2026-07-07 08:20:07.042885; 856882 | 858391 | 858752 || 857408 | 857401 | 859704 || 859008 | 857987 | 857677 || 858548 | 856345 | 856352 || 856448 | 857785 | 858576
Group1; 2351.382448; 2026-07-07 08:20:18.482218; 856954 | 858667 | 858720 || 857328 | 857166 | 859287 || 858876 | 857908 | 857681 || 858370 | 856407 | 856589 || 856574 | 857982 | 858686
Group1; 2362.806023; 2026-07-07 08:20:29.905793; 857170 | 858608 | 858620 || 857129 | 856946 | 859086 || 858810 | 857910 | 857601 || 858406 | 856645 | 856765 || 856768 | 858067 | 858680
Group1; 2374.245863; 2026-07-07 08:20:41.345633; 857210 | 858691 | 858533 || 857269 | 857009 | 858953 || 858864 | 857850 | 857646 || 858300 | 856547 | 856955 || 856765 | 858145 | 858744
Group1; 2385.685313; 2026-07-07 08:20:52.785083; 857122 | 858503 | 858531 || 857118 | 856788 | 858934 || 858794 | 857679 | 857624 || 858306 | 856485 | 856787 || 856755 | 857847 | 858475
Group1; 2397.124747; 2026-07-07 08:21:04.224517; 856896 | 858287 | 858416 || 857103 | 857007 | 859247 || 858783 | 857796 | 857737 || 858440 | 856610 | 856554 || 856653 | 857689 | 858098
Group1; 2408.548325; 2026-07-07 08:21:15.648095; 856793 | 858171 | 858230 || 857121 | 856884 | 859115 || 858761 | 857781 | 857592 || 858275 | 856407 | 856666 || 856622 | 857941 | 858538
Group1; 2419.987804; 2026-07-07 08:21:27.087574; 857028 | 858413 | 858491 || 857185 | 856999 | 859207 || 858789 | 857837 | 857470 || 858335 | 856168 | 856092 || 856203 | 857377 | 857980
Group1; 2431.427528; 2026-07-07 08:21:38.527298; 856555 | 858055 | 858286 || 857021 | 856962 | 859292 || 858636 | 857696 | 857694 || 858169 | 856258 | 856381 || 856372 | 857585 | 858136
Group1; 2442.867297; 2026-07-07 08:21:49.967067; 856649 | 858239 | 858335 || 857201 | 856940 | 859204 || 858720 | 857724 | 857610 || 858207 | 856090 | 856124 || 856193 | 857400 | 858011
Group1; 2454.306741; 2026-07-07 08:22:01.406511; 856497 | 858060 | 858219 || 856989 | 856923 | 859044 || 858585 | 857664 | 857444 || 858175 | 856024 | 856093 || 856033 | 857195 | 857842
Group1; 2465.730107; 2026-07-07 08:22:12.829877; 856427 | 858195 | 858520 || 856991 | 856855 | 858899 || 858462 | 857595 | 857377 || 857988 | 855858 | 856063 || 855999 | 857405 | 858338
Group1; 2477.169769; 2026-07-07 08:22:24.269539; 856650 | 858267 | 858325 || 856866 | 856675 | 858818 || 858424 | 857454 | 857419 || 858030 | 856144 | 856079 || 856163 | 857373 | 857982
Group1; 2488.609526; 2026-07-07 08:22:35.709296; 856682 | 858199 | 858356 || 857046 | 856847 | 858932 || 858549 | 857518 | 857294 || 858002 | 856035 | 856304 || 856162 | 857549 | 858330
Group1; 2500.049465; 2026-07-07 08:22:47.149235; 856728 | 858292 | 858483 || 857108 | 856954 | 859170 || 858653 | 857662 | 857655 || 858205 | 856328 | 856458 || 856408 | 857792 | 858451
Group1; 2511.47249; 2026-07-07 08:22:58.572260; 856880 | 858300 | 858506 || 857090 | 857004 | 859252 || 858662 | 857794 | 857664 || 858418 | 856331 | 856394 || 856321 | 857696 | 858625
Group2; SecondsElapsed; DateTimePC; N26_NTC1 | N26_NTC2 | N26_TestSB || N28_NTC1 | N28_NTC2 | N28_TestSB || N35_NTC1 | N35_NTC2 | N35_TestSB || N62_NTC1 | N62_NTC2 | N62_TestSB || N85_NTC1 | N85_NTC2 | N85_TestSB
Group2; 2511.548552; 2026-07-07 08:22:58.648322; New Node Array: 26 28 35 62 85
Group2; 2511.548776; 2026-07-07 08:22:58.648546; 
Group2; 2522.956481; 2026-07-07 08:23:10.056251; N26_NTC1 | N26_NTC2 | N26_TestSB || N28_NTC1 | N28_NTC2 | N28_TestSB || N35_NTC1 | N35_NTC2 | N35_TestSB || N62_NTC1 | N62_NTC2 | N62_TestSB || N85_NTC1 | N85_NTC2 | N85_TestSB
Group2; 2534.395514; 2026-07-07 08:23:21.495284; 857368 | 858303 | 858650 || 856350 | 16777216 | 858307 || 860491 | 857162 | 855729 || 857071 | 859904 | 858564 || 859028 | 856842 | 857367
Group2; 2545.835009; 2026-07-07 08:23:32.934779; 857704 | 858485 | 858724 || 856265 | 16777216 | 858196 || 860507 | 857128 | 855650 || 857153 | 859880 | 858532 || 859085 | 856849 | 857382
Group2; 2557.258848; 2026-07-07 08:23:44.358618; 857517 | 858283 | 858569 || 856150 | 16777216 | 858191 || 860602 | 857190 | 855653 || 857155 | 859816 | 858530 || 859052 | 856801 | 857354
Group2; 2568.698343; 2026-07-07 08:23:55.798113; 857501 | 858153 | 858369 || 856130 | 16777216 | 858517 || 860652 | 857351 | 855755 || 856970 | 859744 | 858396 || 858993 | 856741 | 857327
Group2; 2580.137874; 2026-07-07 08:24:07.237644; 857567 | 858283 | 858591 || 856421 | 16777216 | 858557 || 860728 | 857376 | 855792 || 857256 | 859726 | 858389 || 859036 | 856720 | 857336
Group2; 2591.577426; 2026-07-07 08:24:18.677196; 857599 | 858427 | 858749 || 856180 | 16777216 | 858245 || 860458 | 857202 | 855977 || 857235 | 860041 | 858332 || 858948 | 856879 | 857381
Group2; 2603.017218; 2026-07-07 08:24:30.116988; 857453 | 858322 | 858792 || 856478 | 16777216 | 858186 || 860613 | 857250 | 855645 || 857256 | 860004 | 858572 || 859178 | 856993 | 857347
Group2; 2614.440621; 2026-07-07 08:24:41.540391; 857655 | 858468 | 858822 || 856491 | 16777216 | 858416 || 860632 | 857408 | 855978 || 857175 | 859923 | 858693 || 859028 | 856765 | 857465
Group2; 2625.880172; 2026-07-07 08:24:52.979942; 857337 | 858311 | 858659 || 856383 | 16777216 | 858509 || 860623 | 857416 | 855863 || 857161 | 859961 | 858635 || 859070 | 856836 | 857440
Group2; 2637.319775; 2026-07-07 08:25:04.419545; 857403 | 858260 | 858791 || 856539 | 16777216 | 858514 || 860720 | 857446 | 855861 || 857185 | 859648 | 858229 || 858904 | 856662 | 857320
Group2; 2648.759219; 2026-07-07 08:25:15.858989; 857446 | 858427 | 858788 || 856438 | 16777216 | 858114 || 860364 | 857048 | 855618 || 856907 | 859715 | 858470 || 859043 | 856770 | 857397
Group2; 2660.182729; 2026-07-07 08:25:27.282499; 857610 | 858177 | 858610 || 856084 | 16777216 | 858145 || 860463 | 857140 | 855731 || 857068 | 859702 | 858359 || 858898 | 856609 | 857188
Group2; 2671.622599; 2026-07-07 08:25:38.722369; 857369 | 858263 | 858497 || 856046 | 16777216 | 858229 || 860315 | 857156 | 855646 || 856915 | 859725 | 858461 || 858825 | 856612 | 857299
Group2; 2683.062011; 2026-07-07 08:25:50.161781; 857224 | 857976 | 858375 || 856004 | 16777216 | 858101 || 860365 | 857063 | 855594 || 856863 | 859644 | 858417 || 858874 | 856645 | 857203
Group2; 2694.501515; 2026-07-07 08:26:01.601285; 857457 | 858134 | 858450 || 856187 | 16777216 | 858172 || 860396 | 857056 | 855541 || 856918 | 859525 | 858074 || 858756 | 856450 | 857023
Group2; 2705.941176; 2026-07-07 08:26:13.040946; 857528 | 858329 | 858458 || 855982 | 16777216 | 858118 || 860283 | 857016 | 855394 || 856876 | 859391 | 858129 || 858740 | 856599 | 857059
Group2; 2717.364614; 2026-07-07 08:26:24.464384; 857596 | 858414 | 858587 || 856032 | 16777216 | 857902 || 860175 | 856909 | 855496 || 856819 | 859476 | 858135 || 858727 | 856457 | 857060
Group2; 2728.804391; 2026-07-07 08:26:35.904161; 857222 | 858093 | 858493 || 856202 | 16777216 | 858181 || 860362 | 857074 | 855462 || 856813 | 859508 | 858241 || 858699 | 856482 | 857109
Group2; 2740.243886; 2026-07-07 08:26:47.343656; 857222 | 858055 | 858443 || 856018 | 16777216 | 858298 || 860427 | 857114 | 855572 || 856679 | 859548 | 858212 || 858782 | 856536 | 857154
Group2; 2751.669488; 2026-07-07 08:26:58.769258; 857425 | 858190 | 858434 || 856017 | 16777216 | 858290 || 860392 | 857081 | 855536 || 856786 | 859618 | 858284 || 858706 | 856620 | 857116
Group2; 2763.10068; 2026-07-07 08:27:10.200450; 857548 | 858367 | 858523 || 855977 | 16777216 | 858172 || 860232 | 857093 | 855738 || 856945 | 859828 | 858430 || 858780 | 856634 | 857216
Group2; 2774.519765; 2026-07-07 08:27:21.619535; 857302 | 858135 | 858344 || 856042 | 16777216 | 858053 || 860510 | 857184 | 855687 || 857089 | 859836 | 858545 || 858927 | 856685 | 857256
Group2; 2785.95716; 2026-07-07 08:27:33.056930; 857492 | 858244 | 858537 || 856049 | 16777216 | 858110 || 860298 | 857069 | 855587 || 857098 | 859867 | 858329 || 858875 | 856466 | 857175
Group2; 2797.395837; 2026-07-07 08:27:44.495607; 857266 | 858296 | 858763 || 856384 | 16777216 | 858441 || 860522 | 857189 | 855740 || 857051 | 859802 | 858397 || 858919 | 856731 | 857269
Group2; 2808.835174; 2026-07-07 08:27:55.934944; 857516 | 858437 | 858801 || 856434 | 16777216 | 858484 || 860483 | 857135 | 855684 || 856948 | 859705 | 858242 || 858856 | 856676 | 857270
Group2; 2820.258376; 2026-07-07 08:28:07.358146; 857465 | 858403 | 858759 || 856247 | 16777216 | 858152 || 860437 | 857023 | 855448 || 856886 | 859588 | 858316 || 858830 | 856584 | 857199
Group2; 2831.697872; 2026-07-07 08:28:18.797642; 857465 | 858237 | 858561 || 856038 | 16777216 | 857726 || 860042 | 856664 | 855065 || 856636 | 859547 | 858287 || 858760 | 856577 | 857103
Group2; 2843.137261; 2026-07-07 08:28:30.237031; 857268 | 857933 | 858132 || 855962 | 16777216 | 858093 || 860352 | 857064 | 855459 || 856934 | 859649 | 858192 || 858832 | 856601 | 857084
Group2; 2854.577003; 2026-07-07 08:28:41.676773; 857319 | 858076 | 858337 || 855908 | 16777216 | 857997 || 860217 | 856874 | 855464 || 856768 | 859483 | 858055 || 858605 | 856332 | 856994
Group2; 2866.016502; 2026-07-07 08:28:53.116272; 857295 | 858067 | 858443 || 855843 | 16777216 | 858176 || 860219 | 857016 | 855387 || 856693 | 859656 | 858268 || 858730 | 856542 | 857086
Group2; 2877.440553; 2026-07-07 08:29:04.540323; 857330 | 857900 | 858167 || 855589 | 16777216 | 857919 || 860257 | 856894 | 855375 || 856820 | 859588 | 858124 || 858725 | 856470 | 857028
Group2; 2888.87972; 2026-07-07 08:29:15.979490; 857204 | 857991 | 858278 || 855898 | 16777216 | 857812 || 859906 | 856672 | 855239 || 856489 | 859111 | 857834 || 858442 | 856128 | 856778
Group2; 2900.319257; 2026-07-07 08:29:27.419027; 857015 | 857842 | 858153 || 855808 | 16777216 | 857970 || 860107 | 856727 | 855189 || 856494 | 859249 | 857860 || 858395 | 856179 | 856809
Group2; 2911.759008; 2026-07-07 08:29:38.858778; 857052 | 857831 | 857945 || 855616 | 16777216 | 857753 || 859981 | 856615 | 855185 || 856408 | 859101 | 857792 || 858361 | 856143 | 856778
Group2; 2923.198359; 2026-07-07 08:29:50.298129; 857107 | 858018 | 858251 || 855911 | 16777216 | 857515 || 859807 | 856406 | 855036 || 856591 | 859273 | 857933 || 858496 | 856303 | 856813
Group2; 2934.622061; 2026-07-07 08:30:01.721831; 857247 | 858175 | 858378 || 855990 | 16777216 | 857989 || 860077 | 856809 | 855232 || 856610 | 859364 | 858004 || 858526 | 856332 | 856909
Group2; 2946.062105; 2026-07-07 08:30:13.161875; 857195 | 858076 | 858384 || 856096 | 16777216 | 858218 || 860269 | 857065 | 855436 || 856755 | 859430 | 857984 || 858565 | 856368 | 856963
Group2; 2957.501211; 2026-07-07 08:30:24.600981; 857201 | 858061 | 858397 || 856130 | 16777216 | 858159 || 860318 | 856984 | 855440 || 856708 | 859315 | 858050 || 858690 | 856531 | 857050
Group2; 2968.94064; 2026-07-07 08:30:36.040410; 857394 | 858147 | 858359 || 856052 | 16777216 | 858066 || 860230 | 856984 | 855474 || 856851 | 859687 | 858280 || 858776 | 856561 | 857077
Group2; 2980.380728; 2026-07-07 08:30:47.480498; 857314 | 858121 | 858402 || 856092 | 16777216 | 857917 || 860261 | 856836 | 855319 || 856862 | 859608 | 858093 || 858692 | 856363 | 857014
Group2; 2991.803901; 2026-07-07 08:30:58.903671; 857064 | 857858 | 858132 || 855849 | 16777216 | 858039 || 860231 | 857020 | 855589 || 856870 | 859677 | 858264 || 858739 | 856454 | 857030
Group2; 3003.244115; 2026-07-07 08:31:10.343885; 857172 | 858023 | 858403 || 856045 | 16777216 | 858011 || 860252 | 856785 | 855273 || 856622 | 859082 | 857815 || 858479 | 856216 | 856847
Group2; 3014.682993; 2026-07-07 08:31:21.782763; 856967 | 857765 | 857970 || 855745 | 16777216 | 857748 || 859974 | 856597 | 855089 || 856509 | 859441 | 858182 || 858634 | 856426 | 856844
Group2; 3026.122555; 2026-07-07 08:31:33.222325; 857045 | 857683 | 857952 || 855569 | 16777216 | 858151 || 860168 | 856958 | 855407 || 856810 | 859384 | 857963 || 858478 | 856209 | 856892
Group2; 3037.562126; 2026-07-07 08:31:44.661896; 857012 | 857805 | 858084 || 855787 | 16777216 | 857992 || 860183 | 856830 | 855289 || 856615 | 859309 | 857937 || 858556 | 856258 | 856875
Group2; 3048.986006; 2026-07-07 08:31:56.085776; 857065 | 857778 | 858080 || 855770 | 16777216 | 857887 || 860060 | 856776 | 855257 || 856397 | 859133 | 857644 || 858336 | 856127 | 856609
Group2; 3060.425534; 2026-07-07 08:32:07.525304; 857002 | 857864 | 858050 || 855695 | 16777216 | 857850 || 859923 | 856742 | 855186 || 856532 | 859335 | 857786 || 858397 | 856124 | 856728
Group2; 3071.864923; 2026-07-07 08:32:18.964693; 856780 | 857552 | 857878 || 855656 | 16777216 | 857808 || 859992 | 856625 | 855066 || 856444 | 858990 | 857761 || 858328 | 856075 | 856675
Group2; 3083.304539; 2026-07-07 08:32:30.404309; 856903 | 857634 | 857995 || 855735 | 16777216 | 857740 || 860112 | 856754 | 855140 || 856623 | 859231 | 857903 || 858432 | 856211 | 856773
Group2; 3094.728064; 2026-07-07 08:32:41.827834; 856893 | 857688 | 858001 || 855657 | 16777216 | 857374 || 859702 | 856286 | 854847 || 856414 | 859312 | 858013 || 858465 | 856208 | 856671
Group2; 3106.167685; 2026-07-07 08:32:53.267455; 857024 | 857872 | 858095 || 855688 | 16777216 | 857846 || 859919 | 856719 | 855384 || 856663 | 859530 | 858262 || 858612 | 856394 | 856949
Group2; 3117.607262; 2026-07-07 08:33:04.707032; 857301 | 857868 | 858100 || 855584 | 16777216 | 857857 || 860005 | 856728 | 855149 || 856719 | 859604 | 858272 || 858702 | 856472 | 856918
Group2; 3129.046896; 2026-07-07 08:33:16.146666; 857188 | 857809 | 858013 || 855674 | 16777216 | 857989 || 860138 | 857015 | 855499 || 856890 | 859600 | 858100 || 858667 | 856458 | 856943
Group2; 3140.486449; 2026-07-07 08:33:27.586219; 857302 | 858220 | 858494 || 856112 | 16777216 | 858110 || 860425 | 857069 | 855559 || 857021 | 859644 | 858237 || 858751 | 856478 | 857107
Group2; 3151.910135; 2026-07-07 08:33:39.009905; 857306 | 858178 | 858460 || 856203 | 16777216 | 858402 || 860561 | 857302 | 855741 || 857056 | 859767 | 858482 || 858939 | 856753 | 857284
Group2; 3163.34979; 2026-07-07 08:33:50.449560; 857669 | 858471 | 858731 || 856372 | 16777216 | 858136 || 860403 | 857091 | 855561 || 856982 | 859797 | 858422 || 858976 | 856872 | 857253
Group2; 3174.789313; 2026-07-07 08:34:01.889083; 857776 | 858517 | 858733 || 856159 | 16777216 | 858302 || 860355 | 857202 | 855745 || 857078 | 859800 | 858387 || 858916 | 856719 | 857323
Group2; 3186.228703; 2026-07-07 08:34:13.328473; 857630 | 858529 | 858827 || 856270 | 16777216 | 858328 || 860371 | 857258 | 855908 || 857144 | 860060 | 858715 || 859113 | 856944 | 857449
Group2; 3197.668425; 2026-07-07 08:34:24.768195; 857668 | 858341 | 858740 || 856291 | 16777216 | 858268 || 860511 | 857096 | 855710 || 857069 | 859772 | 858338 || 858969 | 856694 | 857343
Group2; 3209.092037; 2026-07-07 08:34:36.191807; 857548 | 858431 | 858706 || 856242 | 16777216 | 858247 || 860371 | 857102 | 855804 || 856975 | 859958 | 858608 || 858861 | 856666 | 857335
Group3; SecondsElapsed; DateTimePC; N86_NTC1 | N86_NTC2 | N86_TestSB || N87_NTC1 | N87_NTC2 | N87_TestSB || N98_NTC1 | N98_NTC2 | N98_TestSB
Group3; 3209.149073; 2026-07-07 08:34:36.248843; New Node Array: 86 87 98
Group3; 3209.14925; 2026-07-07 08:34:36.249020; 
Group3; 3215.996783; 2026-07-07 08:34:43.096553; N86_NTC1 | N86_NTC2 | N86_TestSB || N87_NTC1 | N87_NTC2 | N87_TestSB || N98_NTC1 | N98_NTC2 | N98_TestSB
Group3; 3222.860785; 2026-07-07 08:34:49.960555; 859182 | 858689 | 857493 || 858244 | 857806 | 857741 || 858607 | 859817 | 857410
Group3; 3229.724186; 2026-07-07 08:34:56.823956; 859294 | 858998 | 857643 || 858274 | 857848 | 857771 || 858555 | 859784 | 857476
Group3; 3236.571943; 2026-07-07 08:35:03.671713; 859223 | 858962 | 857936 || 858683 | 858200 | 857927 || 858880 | 859864 | 857354
Group3; 3243.435799; 2026-07-07 08:35:10.535569; 859201 | 858845 | 857663 || 858469 | 858057 | 857928 || 858808 | 859935 | 857503
Group3; 3250.299466; 2026-07-07 08:35:17.399236; 859311 | 858856 | 857761 || 858329 | 857754 | 857665 || 858600 | 859685 | 857375
Group3; 3257.163294; 2026-07-07 08:35:24.263064; 859250 | 858988 | 857853 || 858396 | 857887 | 857562 || 858536 | 859507 | 857109
Group3; 3264.02701; 2026-07-07 08:35:31.126780; 859055 | 858617 | 857584 || 858397 | 857931 | 857824 || 858742 | 859796 | 857288
Group3; 3270.89063; 2026-07-07 08:35:37.990400; 858988 | 858547 | 857530 || 858331 | 857907 | 857985 || 858732 | 859850 | 857537
Group3; 3277.754436; 2026-07-07 08:35:44.854206; 859266 | 858900 | 857798 || 858489 | 857965 | 857879 || 858762 | 859806 | 857340
Group3; 3284.602276; 2026-07-07 08:35:51.702046; 859079 | 858646 | 857547 || 858366 | 857796 | 857483 || 858468 | 859432 | 857030
Group3; 3291.466082; 2026-07-07 08:35:58.565852; 858911 | 858598 | 857541 || 858535 | 857954 | 857695 || 858700 | 859448 | 856973
Group3; 3298.329976; 2026-07-07 08:36:05.429746; 858853 | 858446 | 857331 || 858319 | 857825 | 857413 || 858445 | 859500 | 857120
Group3; 3305.194106; 2026-07-07 08:36:12.293876; 858921 | 858555 | 857371 || 858131 | 857728 | 857606 || 858554 | 859735 | 857190
Group3; 3312.0572; 2026-07-07 08:36:19.156970; 858933 | 858553 | 857312 || 857996 | 857664 | 857346 || 858410 | 859358 | 857048
Group3; 3318.920915; 2026-07-07 08:36:26.020685; 858755 | 858558 | 857529 || 858353 | 857857 | 857578 || 858415 | 859371 | 856767
Group3; 3325.78483; 2026-07-07 08:36:32.884600; 858749 | 858358 | 857306 || 858260 | 857718 | 857696 || 858525 | 859464 | 856780
Group3; 3332.648526; 2026-07-07 08:36:39.748296; 858857 | 858083 | 857078 || 858061 | 857666 | 857710 || 858460 | 859591 | 856979
Group3; 3339.496362; 2026-07-07 08:36:46.596132; 859023 | 858268 | 857179 || 857905 | 857405 | 857143 || 858172 | 859227 | 856997
Group3; 3346.36002; 2026-07-07 08:36:53.459790; 858896 | 858609 | 857476 || 858333 | 857790 | 857467 || 858453 | 859383 | 856833
Group3; 3353.223668; 2026-07-07 08:37:00.323438; 858752 | 858217 | 857169 || 857856 | 857435 | 857201 || 858121 | 859086 | 856824
Group3; 3360.087417; 2026-07-07 08:37:07.187187; 858541 | 858296 | 857255 || 857920 | 857442 | 857249 || 858221 | 859255 | 856764
Group3; 3366.951249; 2026-07-07 08:37:14.051019; 858633 | 858328 | 857114 || 857781 | 857306 | 857041 || 858053 | 859253 | 856747
Group3; 3373.814956; 2026-07-07 08:37:20.914726; 858538 | 858221 | 857151 || 857919 | 857429 | 857138 || 858193 | 859073 | 856549
Group3; 3380.678702; 2026-07-07 08:37:27.778472; 858513 | 858034 | 856872 || 857850 | 857285 | 857038 || 858078 | 859306 | 856791
Group3; 3387.542403; 2026-07-07 08:37:34.642173; 858813 | 858441 | 857145 || 858117 | 857434 | 857122 || 858224 | 859141 | 856658
Group3; 3394.390573; 2026-07-07 08:37:41.490343; 858644 | 858442 | 857239 || 857962 | 857469 | 857054 || 858135 | 859101 | 856653
Group3; 3401.254011; 2026-07-07 08:37:48.353781; 858555 | 858229 | 857248 || 858116 | 857621 | 857450 || 858353 | 859498 | 856720
Group3; 3408.118024; 2026-07-07 08:37:55.217794; 858744 | 858148 | 856993 || 857734 | 857465 | 857365 || 858289 | 859388 | 856980
Group3; 3414.98185; 2026-07-07 08:38:02.081620; 858753 | 858395 | 857268 || 858090 | 857657 | 857429 || 858394 | 859464 | 856968
Group3; 3421.845395; 2026-07-07 08:38:08.945165; 858845 | 858497 | 857360 || 858086 | 857631 | 857415 || 858367 | 859419 | 856935
Group3; 3428.709066; 2026-07-07 08:38:15.808836; 858794 | 858415 | 857268 || 858119 | 857613 | 857476 || 858445 | 859532 | 857043
Group3; 3435.572894; 2026-07-07 08:38:22.672664; 858902 | 858523 | 857338 || 858050 | 857547 | 857490 || 858411 | 859431 | 856998
Group3; 3442.436488; 2026-07-07 08:38:29.536258; 858831 | 858508 | 857362 || 857991 | 857502 | 857259 || 858238 | 859205 | 856807
Group3; 3449.284419; 2026-07-07 08:38:36.384189; 858559 | 858319 | 857371 || 858280 | 857822 | 857704 || 858613 | 859658 | 856988
Group3; 3456.147974; 2026-07-07 08:38:43.247744; 858705 | 858069 | 857031 || 857932 | 857473 | 857403 || 858267 | 859432 | 857053
Group3; 3463.011702; 2026-07-07 08:38:50.111472; 858831 | 858419 | 857258 || 857973 | 857514 | 857477 || 858343 | 859509 | 857173
Group3; 3469.875507; 2026-07-07 08:38:56.975277; 858862 | 858560 | 857436 || 858168 | 857686 | 857479 || 858417 | 859470 | 856949
Group3; 3476.739267; 2026-07-07 08:39:03.839037; 858737 | 858414 | 857351 || 858105 | 857840 | 857648 || 858596 | 859641 | 856996
Group3; 3483.603056; 2026-07-07 08:39:10.702826; 858788 | 858216 | 857067 || 857769 | 857379 | 857250 || 858374 | 859516 | 857033
Group3; 3490.466775; 2026-07-07 08:39:17.566545; 858736 | 858261 | 857283 || 857946 | 857557 | 857481 || 858449 | 859541 | 856923
Group3; 3497.330409; 2026-07-07 08:39:24.430179; 858715 | 858200 | 857210 || 857965 | 857535 | 857360 || 858432 | 859460 | 857088
Group3; 3504.17841; 2026-07-07 08:39:31.278180; 858750 | 858280 | 857178 || 857881 | 857465 | 857327 || 858391 | 859409 | 856939
Group3; 3511.042263; 2026-07-07 08:39:38.142033; 858739 | 858308 | 857263 || 858102 | 857491 | 857233 || 858319 | 859296 | 856852
Group3; 3517.905547; 2026-07-07 08:39:45.005317; 858797 | 858462 | 857408 || 858203 | 857775 | 857579 || 858521 | 859576 | 857069
Group3; 3524.769574; 2026-07-07 08:39:51.869344; 858966 | 858491 | 857210 || 857998 | 857352 | 857107 || 858049 | 859049 | 856795
Group3; 3531.633323; 2026-07-07 08:39:58.733093; 858696 | 858243 | 857078 || 857990 | 857610 | 857431 || 858351 | 859490 | 857031
Group3; 3538.497087; 2026-07-07 08:40:05.596857; 858897 | 858409 | 857138 || 857887 | 857358 | 857066 || 858162 | 858970 | 856425
Group3; 3545.360824; 2026-07-07 08:40:12.460594; 858439 | 857956 | 857045 || 857886 | 857518 | 857518 || 858174 | 859317 | 856694
Group3; 3552.224643; 2026-07-07 08:40:19.324413; 858488 | 857947 | 856873 || 857792 | 857379 | 857043 || 858104 | 859162 | 856560
Group3; 3559.072179; 2026-07-07 08:40:26.171949; 858592 | 858327 | 857124 || 858037 | 857480 | 857308 || 858200 | 859160 | 856645
Group3; 3565.935889; 2026-07-07 08:40:33.035659; 858470 | 858140 | 856876 || 857758 | 857335 | 857089 || 857951 | 858880 | 856502
Group3; 3572.799706; 2026-07-07 08:40:39.899476; 858247 | 857752 | 856772 || 857703 | 857344 | 857218 || 858135 | 859209 | 856773
Group3; 3579.663681; 2026-07-07 08:40:46.763451; 858584 | 858207 | 857029 || 857690 | 857093 | 856896 || 857905 | 858859 | 856328
Group3; 3586.527367; 2026-07-07 08:40:53.627137; 858245 | 857747 | 856645 || 857745 | 857338 | 857061 || 858027 | 859099 | 856356
Group3; 3593.390989; 2026-07-07 08:41:00.490759; 858246 | 857731 | 856631 || 857487 | 856983 | 856773 || 857737 | 858805 | 856340
Group3; 3600.254813; 2026-07-07 08:41:07.354583; 858223 | 857814 | 856713 || 857699 | 857181 | 856925 || 857856 | 858733 | 856295
Group3; 3607.102468; 2026-07-07 08:41:14.202238; 858219 | 857785 | 856799 || 857578 | 857069 | 856794 || 857782 | 858869 | 856409
Group3; 3613.966362; 2026-07-07 08:41:21.066132; 858279 | 857870 | 856746 || 857499 | 857087 | 857007 || 857925 | 859018 | 856482
Group3; 3620.830003; 2026-07-07 08:41:27.929773; 858371 | 858006 | 856800 || 857636 | 857252 | 857043 || 858041 | 859097 | 856548
Group3; 3627.693937; 2026-07-07 08:41:34.793707; 858303 | 857896 | 856648 || 857504 | 857157 | 856970 || 858071 | 859196 | 856623
Group1; SecondsElapsed; DateTimePC; N95_NTC1 | N95_NTC2 | N95_TestSB || N13_NTC1 | N13_NTC2 | N13_TestSB || N18_NTC1 | N18_NTC2 | N18_TestSB || N19_NTC1 | N19_NTC2 | N19_TestSB || N25_NTC1 | N25_NTC2 | N25_TestSB
Group1; 3627.769941; 2026-07-07 08:41:34.869711; New Node Array: 95 13 18 19 25
Group1; 3627.770142; 2026-07-07 08:41:34.869912; 
Group1; 3639.177366; 2026-07-07 08:41:46.277136; N95_NTC1 | N95_NTC2 | N95_TestSB || N13_NTC1 | N13_NTC2 | N13_TestSB || N18_NTC1 | N18_NTC2 | N18_TestSB || N19_NTC1 | N19_NTC2 | N19_TestSB || N25_NTC1 | N25_NTC2 | N25_TestSB
Group1; 3650.616885; 2026-07-07 08:41:57.716655; 856458 | 858097 | 858207 || 857130 | 856986 | 859119 || 858598 | 857560 | 857421 || 858227 | 856314 | 856471 || 856448 | 857695 | 858266
Group1; 3662.056536; 2026-07-07 08:42:09.156306; 856657 | 858090 | 858231 || 856964 | 856909 | 859117 || 858569 | 857663 | 857545 || 858260 | 856444 | 856591 || 856619 | 857872 | 858535
Group1; 3673.480215; 2026-07-07 08:42:20.579985; 857100 | 858591 | 858754 || 857238 | 856895 | 858927 || 858804 | 857764 | 857616 || 858250 | 856392 | 856755 || 856620 | 858022 | 858672
Group1; 3684.919878; 2026-07-07 08:42:32.019648; 857110 | 858537 | 858683 || 857316 | 857058 | 859280 || 858782 | 857869 | 857815 || 858384 | 856381 | 856738 || 856603 | 857979 | 858797
Group1; 3696.359365; 2026-07-07 08:42:43.459135; 857013 | 858445 | 858467 || 857126 | 857111 | 859339 || 858788 | 857934 | 857843 || 858480 | 856577 | 856790 || 856746 | 857959 | 858591
Group1; 3707.79883; 2026-07-07 08:42:54.898600; 856872 | 858346 | 858534 || 857229 | 856984 | 859250 || 858838 | 857897 | 857755 || 858429 | 856525 | 856638 || 856512 | 857713 | 858355
Group1; 3719.238177; 2026-07-07 08:43:06.337947; 856871 | 858405 | 858603 || 857318 | 857079 | 859174 || 858836 | 857867 | 857680 || 858326 | 856296 | 856456 || 856401 | 857733 | 858348
Group1; 3730.662066; 2026-07-07 08:43:17.761836; 856760 | 858246 | 858462 || 857051 | 856830 | 858938 || 858668 | 857655 | 857396 || 858069 | 856198 | 856365 || 856371 | 857714 | 858350
Group1; 3742.101514; 2026-07-07 08:43:29.201284; 856790 | 858194 | 858385 || 856887 | 856770 | 858897 || 858537 | 857663 | 857327 || 858033 | 856082 | 856457 || 856330 | 857761 | 858390
Group1; 3753.541269; 2026-07-07 08:43:40.641039; 856903 | 858243 | 858367 || 857056 | 856794 | 859078 || 858632 | 857665 | 857442 || 858136 | 856069 | 856314 || 856238 | 857562 | 858182
Group1; 3764.980847; 2026-07-07 08:43:52.080617; 856651 | 857949 | 858017 || 856673 | 856618 | 858900 || 858445 | 857502 | 857296 || 857984 | 856036 | 856188 || 856226 | 857437 | 858054
Group1; 3776.404251; 2026-07-07 08:44:03.504021; 856565 | 857876 | 857970 || 856657 | 856633 | 858808 || 858331 | 857396 | 857302 || 857888 | 856015 | 856210 || 856101 | 857314 | 857989
Group1; 3787.843931; 2026-07-07 08:44:14.943701; 856408 | 857812 | 858052 || 856795 | 856464 | 858711 || 858363 | 857314 | 857186 || 857854 | 856116 | 856302 || 856348 | 857682 | 858075
Group1; 3799.283369; 2026-07-07 08:44:26.383139; 856650 | 857796 | 857852 || 856798 | 856515 | 858827 || 858381 | 857390 | 857221 || 857951 | 856093 | 855966 || 856204 | 857150 | 857680
Group1; 3810.72302; 2026-07-07 08:44:37.822790; 856242 | 857719 | 857943 || 856679 | 856554 | 858794 || 858352 | 857370 | 857253 || 857942 | 855995 | 856120 || 856116 | 857376 | 857998
Group1; 3822.14695; 2026-07-07 08:44:49.246720; 856520 | 857822 | 857879 || 856715 | 856542 | 858760 || 858393 | 857313 | 857234 || 857867 | 855886 | 856128 || 856042 | 857394 | 858128
Group1; 3833.586438; 2026-07-07 08:45:00.686208; 856616 | 858172 | 858370 || 856952 | 856791 | 859043 || 858443 | 857449 | 857396 || 858123 | 856166 | 856420 || 856319 | 857715 | 858386
Group1; 3845.025787; 2026-07-07 08:45:12.125557; 856852 | 858256 | 858197 || 856889 | 856707 | 858750 || 858516 | 857535 | 857314 || 857936 | 855996 | 856209 || 856187 | 857815 | 858464
Group1; 3856.465515; 2026-07-07 08:45:23.565285; 856905 | 858341 | 858335 || 857049 | 856801 | 858927 || 858600 | 857590 | 857432 || 858134 | 856189 | 856380 || 856346 | 857721 | 858436
Group1; 3867.905125; 2026-07-07 08:45:35.004895; 856940 | 858527 | 858674 || 857232 | 857016 | 858871 || 858639 | 857724 | 857580 || 858205 | 856314 | 856702 || 856577 | 857967 | 858633
Group1; 3879.328516; 2026-07-07 08:45:46.428286; 857138 | 858546 | 858663 || 857373 | 857045 | 859219 || 858840 | 857806 | 857720 || 858424 | 856497 | 856595 || 856635 | 857847 | 858504
Group1; 3890.768079; 2026-07-07 08:45:57.867849; 856989 | 858478 | 858496 || 857207 | 857096 | 859078 || 858840 | 857942 | 857659 || 858465 | 856452 | 856610 || 856598 | 857921 | 858551
Group1; 3902.207923; 2026-07-07 08:46:09.307693; 856905 | 858232 | 858473 || 857070 | 856829 | 859003 || 858712 | 857734 | 857660 || 858189 | 856364 | 856401 || 856365 | 857568 | 858252
Group1; 3913.647266; 2026-07-07 08:46:20.747036; 856655 | 858104 | 858165 || 856809 | 856597 | 858773 || 858532 | 857498 | 857406 || 858066 | 856371 | 856605 || 856510 | 857654 | 858106
Group1; 3925.071043; 2026-07-07 08:46:32.170813; 856521 | 857931 | 858295 || 857032 | 857004 | 859217 || 858641 | 857706 | 857408 || 858285 | 856232 | 856294 || 856321 | 857619 | 858294
Group1; 3936.5104; 2026-07-07 08:46:43.610170; 856851 | 858309 | 858376 || 857021 | 856715 | 858870 || 858622 | 857601 | 857280 || 858017 | 856005 | 856237 || 856197 | 857580 | 858271
Group1; 3947.950076; 2026-07-07 08:46:55.049846; 856743 | 858254 | 858390 || 857010 | 856867 | 858888 || 858563 | 857581 | 857185 || 857982 | 855900 | 856331 || 856197 | 857819 | 858652
Group1; 3959.389678; 2026-07-07 08:47:06.489448; 856833 | 858372 | 858265 || 856918 | 856687 | 858805 || 858535 | 857594 | 857291 || 858142 | 856368 | 856536 || 856526 | 857701 | 858090
Group1; 3970.829076; 2026-07-07 08:47:17.928846; 856744 | 858046 | 858133 || 856905 | 856724 | 859044 || 858484 | 857581 | 857602 || 858218 | 856437 | 856605 || 856554 | 857717 | 858256
Group1; 3982.252893; 2026-07-07 08:47:29.352663; 856759 | 858060 | 858501 || 857004 | 857034 | 859093 || 858636 | 857785 | 857462 || 858174 | 856131 | 856245 || 856326 | 857652 | 858348
Group1; 3993.692351; 2026-07-07 08:47:40.792121; 856914 | 858417 | 858405 || 857034 | 856798 | 858826 || 858590 | 857693 | 857358 || 858136 | 856219 | 856449 || 856410 | 857723 | 858330
Group1; 4005.132129; 2026-07-07 08:47:52.231899; 856867 | 858190 | 858179 || 856997 | 856843 | 858869 || 858631 | 857678 | 857433 || 858195 | 856301 | 856542 || 856527 | 857666 | 858161
Group1; 4016.571472; 2026-07-07 08:48:03.671242; 856673 | 858057 | 858188 || 856906 | 856814 | 859246 || 858574 | 857676 | 857673 || 858269 | 856302 | 856435 || 856373 | 857659 | 858204
Group1; 4027.995247; 2026-07-07 08:48:15.095017; 856782 | 858274 | 858285 || 857027 | 856871 | 859033 || 858573 | 857667 | 857476 || 858250 | 856335 | 856502 || 856492 | 857572 | 858205
Group1; 4039.434642; 2026-07-07 08:48:26.534412; 856800 | 858262 | 858454 || 857221 | 856929 | 859132 || 858735 | 857731 | 857533 || 858195 | 856143 | 856178 || 856258 | 857417 | 858024
Group1; 4050.874481; 2026-07-07 08:48:37.974251; 856584 | 858253 | 858282 || 857117 | 857078 | 859285 || 858674 | 857736 | 857458 || 858316 | 856263 | 856298 || 856324 | 857655 | 858445
Group1; 4062.313846; 2026-07-07 08:48:49.413616; 856889 | 858437 | 858615 || 857252 | 856984 | 859085 || 858694 | 857737 | 857484 || 858135 | 856138 | 856265 || 856298 | 857578 | 858192
Group1; 4073.737624; 2026-07-07 08:49:00.837394; 856873 | 858431 | 858551 || 857174 | 857071 | 859065 || 858666 | 857715 | 857465 || 858190 | 856179 | 856534 || 856387 | 857756 | 858430
Group1; 4085.17698; 2026-07-07 08:49:12.276750; 856708 | 858225 | 858401 || 856877 | 856783 | 859079 || 858583 | 857631 | 857742 || 858231 | 856441 | 856446 || 856441 | 857504 | 858164
Group1; 4096.616817; 2026-07-07 08:49:23.716587; 856581 | 858147 | 858374 || 857170 | 857029 | 859246 || 858743 | 857719 | 857612 || 858216 | 856064 | 856178 || 856179 | 857767 | 858367
Group1; 4108.056576; 2026-07-07 08:49:35.156346; 856854 | 858325 | 858500 || 857033 | 856921 | 859169 || 858615 | 857692 | 857576 || 858185 | 856196 | 856388 || 856348 | 857565 | 857977
Group1; 4119.495895; 2026-07-07 08:49:46.595665; 856619 | 857909 | 857873 || 856687 | 856656 | 858805 || 858433 | 857548 | 857374 || 857986 | 856062 | 856238 || 856232 | 857582 | 858182
Group1; 4130.919982; 2026-07-07 08:49:58.019752; 856606 | 857870 | 858094 || 856786 | 856563 | 858850 || 858447 | 857522 | 857425 || 857981 | 855981 | 856200 || 855998 | 857197 | 857658
Group1; 4142.359012; 2026-07-07 08:50:09.458782; 856249 | 857620 | 857718 || 856482 | 856346 | 858746 || 858171 | 857299 | 857207 || 857776 | 855860 | 856045 || 856073 | 857196 | 857728
Group1; 4153.798613; 2026-07-07 08:50:20.898383; 856258 | 857649 | 857743 || 856299 | 856198 | 858374 || 858050 | 857210 | 856854 || 857779 | 855794 | 855989 || 855876 | 856942 | 857548
Group1; 4165.238411; 2026-07-07 08:50:32.338181; 856020 | 857576 | 858206 || 856860 | 856604 | 859002 || 858317 | 857219 | 857386 || 858002 | 856081 | 856086 || 856139 | 857262 | 857839
Group1; 4176.661789; 2026-07-07 08:50:43.761559; 856354 | 857887 | 858087 || 856988 | 856916 | 859159 || 858417 | 857332 | 857465 || 858018 | 855833 | 855825 || 855906 | 857325 | 858309
Group1; 4188.101379; 2026-07-07 08:50:55.201149; 856795 | 858365 | 858473 || 857216 | 856992 | 859195 || 858657 | 857612 | 857552 || 858175 | 856083 | 856235 || 856249 | 857520 | 858155
Group1; 4199.540998; 2026-07-07 08:51:06.640768; 856914 | 858518 | 858561 || 857306 | 857142 | 859138 || 858723 | 857749 | 857575 || 858241 | 856056 | 856280 || 856166 | 857731 | 858464
Group1; 4210.98071; 2026-07-07 08:51:18.080480; 857025 | 858550 | 858578 || 857365 | 857010 | 859003 || 858765 | 857647 | 857401 || 858135 | 856064 | 856355 || 856263 | 857694 | 858485
Group1; 4222.386794; 2026-07-07 08:51:29.486564; 856939 | 858498 | 858573 || 857114 | 856861 | 858865 || 858618 | 857598 | 857362 || 858060 | 856144 | 856410 || 856317 | 857680 | 858365
Group1; 4233.816324; 2026-07-07 08:51:40.916094; 856889 | 858412 | 858439 || 857231 | 857005 | 859054 || 858717 | 857702 | 857477 || 858226 | 856359 | 856673 || 856593 | 857740 | 858375
Group1; 4245.2513; 2026-07-07 08:51:52.351070; 856883 | 858223 | 858258 || 857122 | 856863 | 859119 || 858687 | 857716 | 857555 || 858269 | 856113 | 856238 || 856244 | 857428 | 858089
Group1; 4256.688821; 2026-07-07 08:52:03.788591; 856675 | 858241 | 858408 || 856929 | 856593 | 858777 || 858554 | 857545 | 857379 || 858033 | 856168 | 856236 || 856311 | 857463 | 858091
Group1; 4268.127117; 2026-07-07 08:52:15.226887; 856570 | 858031 | 858137 || 856833 | 856721 | 858856 || 858519 | 857566 | 857349 || 857983 | 856016 | 856232 || 856276 | 857695 | 858327
Group1; 4279.550601; 2026-07-07 08:52:26.650371; 856895 | 858312 | 858280 || 856885 | 856719 | 858793 || 858496 | 857553 | 857169 || 858017 | 856019 | 856302 || 856294 | 857581 | 858037
Group1; 4290.989613; 2026-07-07 08:52:38.089383; 856551 | 857892 | 857987 || 856746 | 856423 | 858575 || 858406 | 857392 | 857109 || 857915 | 855933 | 856070 || 856158 | 857481 | 858201
Group1; 4302.429459; 2026-07-07 08:52:49.529229; 856717 | 858006 | 858192 || 856720 | 856407 | 858522 || 858312 | 857347 | 857116 || 857818 | 856067 | 856236 || 856179 | 857364 | 857899
Group1; 4313.868641; 2026-07-07 08:53:00.968411; 856341 | 857694 | 857983 || 856700 | 856598 | 858796 || 858324 | 857288 | 857183 || 857898 | 855987 | 856158 || 856097 | 857272 | 857877
Group1; 4325.292045; 2026-07-07 08:53:12.391815; 856493 | 858050 | 858219 || 856905 | 856668 | 858873 || 858384 | 857442 | 857263 || 857891 | 855878 | 856204 || 856144 | 857527 | 858195
Group2; SecondsElapsed; DateTimePC; N26_NTC1 | N26_NTC2 | N26_TestSB || N28_NTC1 | N28_NTC2 | N28_TestSB || N35_NTC1 | N35_NTC2 | N35_TestSB || N62_NTC1 | N62_NTC2 | N62_TestSB || N85_NTC1 | N85_NTC2 | N85_TestSB
Group2; 4325.368199; 2026-07-07 08:53:12.467969; New Node Array: 26 28 35 62 85
Group2; 4325.368916; 2026-07-07 08:53:12.468686; 
Group2; 4336.776222; 2026-07-07 08:53:23.875992; N26_NTC1 | N26_NTC2 | N26_TestSB || N28_NTC1 | N28_NTC2 | N28_TestSB || N35_NTC1 | N35_NTC2 | N35_TestSB || N62_NTC1 | N62_NTC2 | N62_TestSB || N85_NTC1 | N85_NTC2 | N85_TestSB
Group2; 4348.215391; 2026-07-07 08:53:35.315161; 856700 | 857630 | 858046 || 855882 | 16777216 | 857802 || 859860 | 856452 | 854855 || 856071 | 858921 | 857529 || 858138 | 855939 | 856572
Group2; 4359.654838; 2026-07-07 08:53:46.754608; 856691 | 857620 | 857994 || 855634 | 16777216 | 857753 || 859944 | 856701 | 855182 || 856532 | 859193 | 857780 || 858311 | 856099 | 856687
Group2; 4371.078484; 2026-07-07 08:53:58.178254; 856913 | 857855 | 858180 || 855782 | 16777216 | 857695 || 859893 | 856450 | 854888 || 856244 | 858885 | 857520 || 858306 | 855893 | 856607
Group2; 4382.518168; 2026-07-07 08:54:09.617938; 856741 | 857479 | 857908 || 855701 | 16777216 | 857604 || 859885 | 856529 | 855062 || 856387 | 859320 | 857778 || 858363 | 856106 | 856697
Group2; 4393.95753; 2026-07-07 08:54:21.057300; 856766 | 857719 | 858120 || 855863 | 16777216 | 857712 || 859956 | 856607 | 854983 || 856346 | 859164 | 857876 || 858342 | 856218 | 856726
Group2; 4405.39729; 2026-07-07 08:54:32.497060; 857128 | 858008 | 858154 || 855684 | 16777216 | 857594 || 859718 | 856401 | 855176 || 856451 | 859349 | 858045 || 858421 | 856207 | 856857
Group2; 4416.837122; 2026-07-07 08:54:43.936892; 856980 | 857953 | 858359 || 856002 | 16777216 | 857630 || 859852 | 856569 | 854970 || 856408 | 859239 | 857879 || 858466 | 856222 | 856808
Group2; 4428.260546; 2026-07-07 08:54:55.360316; 856929 | 857764 | 858070 || 855645 | 16777216 | 857873 || 859901 | 856834 | 855365 || 856394 | 859290 | 857945 || 858407 | 856251 | 856918
Group2; 4439.700216; 2026-07-07 08:55:06.799986; 856917 | 857613 | 857909 || 855529 | 16777216 | 857514 || 859760 | 856423 | 854899 || 856182 | 859068 | 857694 || 858221 | 856044 | 856634
Group2; 4451.13962; 2026-07-07 08:55:18.239390; 856792 | 857492 | 857773 || 855116 | 16777216 | 857322 || 859579 | 856310 | 854826 || 856140 | 858813 | 857387 || 857997 | 855768 | 856422
Group2; 4462.579496; 2026-07-07 08:55:29.679266; 856548 | 857317 | 857539 || 855011 | 16777216 | 857161 || 859260 | 855951 | 854518 || 855838 | 858617 | 857362 || 857877 | 855634 | 856259
Group2; 4474.002843; 2026-07-07 08:55:41.102613; 856381 | 857320 | 857713 || 855146 | 16777216 | 857323 || 859401 | 856194 | 854683 || 856060 | 858769 | 857405 || 857883 | 855662 | 856277
Group2; 4485.442397; 2026-07-07 08:55:52.542167; 856212 | 856876 | 857159 || 854813 | 16777216 | 857070 || 859281 | 855926 | 854332 || 855681 | 858654 | 857278 || 857805 | 855597 | 856109
Group2; 4496.881932; 2026-07-07 08:56:03.981702; 856301 | 857097 | 857382 || 854975 | 16777216 | 857351 || 859546 | 856263 | 854554 || 855781 | 858479 | 856976 || 857589 | 855406 | 856148
Group2; 4508.322015; 2026-07-07 08:56:15.421785; 856309 | 857334 | 857600 || 855039 | 16777216 | 857153 || 859245 | 856028 | 854795 || 856004 | 858858 | 857555 || 857963 | 855670 | 856326
Group2; 4519.761058; 2026-07-07 08:56:26.860828; 856447 | 857229 | 857635 || 855499 | 16777216 | 857476 || 859760 | 856556 | 855004 || 856566 | 859341 | 857909 || 858235 | 855963 | 856635
Group2; 4531.185416; 2026-07-07 08:56:38.285186; 856949 | 857838 | 858113 || 855921 | 16777216 | 858012 || 860192 | 856900 | 855354 || 856751 | 859463 | 858129 || 858565 | 856380 | 856865
Group2; 4542.624543; 2026-07-07 08:56:49.724313; 857279 | 858140 | 858461 || 856185 | 16777216 | 858203 || 860453 | 857119 | 855533 || 856861 | 859604 | 858446 || 858896 | 856817 | 857164
Group2; 4554.064016; 2026-07-07 08:57:01.163786; 857757 | 858592 | 858842 || 856521 | 16777216 | 858522 || 860663 | 857363 | 855987 || 857256 | 860064 | 858639 || 859037 | 856913 | 857482
Group2; 4565.5038; 2026-07-07 08:57:12.603570; 857659 | 858501 | 858835 || 856360 | 16777216 | 858317 || 860519 | 857326 | 855762 || 857266 | 859995 | 858531 || 859108 | 856821 | 857402
Group2; 4576.943213; 2026-07-07 08:57:24.042983; 857368 | 858025 | 858260 || 855861 | 16777216 | 857918 || 860201 | 856744 | 855211 || 856519 | 859305 | 858014 || 858609 | 856324 | 856991
Group2; 4588.366858; 2026-07-07 08:57:35.466628; 856911 | 857806 | 858003 || 855590 | 16777216 | 857804 || 860113 | 856747 | 855383 || 856607 | 859341 | 858030 || 858464 | 856307 | 856810
Group2; 4599.80638; 2026-07-07 08:57:46.906150; 856759 | 857555 | 857989 || 855393 | 16777216 | 857703 || 859821 | 856579 | 855044 || 856403 | 859129 | 857722 || 858275 | 856031 | 856668
Group2; 4611.245877; 2026-07-07 08:57:58.345647; 856597 | 857347 | 857684 || 855119 | 16777216 | 857116 || 859406 | 856018 | 854505 || 855934 | 858787 | 857468 || 857935 | 855883 | 856310
Group2; 4622.685754; 2026-07-07 08:58:09.785524; 856344 | 856979 | 857376 || 854908 | 16777216 | 857112 || 859172 | 855959 | 854475 || 855959 | 858795 | 857384 || 857853 | 855445 | 856183
Group2; 4634.125189; 2026-07-07 08:58:21.224959; 856060 | 856837 | 857154 || 854870 | 16777216 | 856936 || 859179 | 855981 | 854596 || 855809 | 858611 | 857171 || 857693 | 855400 | 856122
Group2; 4645.548735; 2026-07-07 08:58:32.648505; 856133 | 856940 | 857312 || 854904 | 16777216 | 857023 || 859155 | 855894 | 854447 || 855803 | 858477 | 857256 || 857748 | 855512 | 856090
Group2; 4656.988435; 2026-07-07 08:58:44.088205; 856213 | 857055 | 857260 || 855038 | 16777216 | 857300 || 859316 | 856186 | 854761 || 855954 | 858825 | 857386 || 857813 | 855682 | 856250
Group2; 4668.427828; 2026-07-07 08:58:55.527598; 856598 | 857704 | 858059 || 855445 | 16777216 | 857534 || 859650 | 856305 | 854990 || 856279 | 859293 | 857972 || 858255 | 856098 | 856538
Group2; 4679.867568; 2026-07-07 08:59:06.967338; 856983 | 857705 | 857904 || 855665 | 16777216 | 857813 || 860000 | 856661 | 855199 || 856561 | 859470 | 858199 || 858492 | 856387 | 856785
Group2; 4691.291194; 2026-07-07 08:59:18.390964; 857080 | 857761 | 858191 || 855763 | 16777216 | 857928 || 860151 | 856932 | 855375 || 856763 | 859572 | 858167 || 858564 | 856359 | 856971
Group2; 4702.730671; 2026-07-07 08:59:29.830441; 857095 | 858032 | 858363 || 856226 | 16777216 | 858255 || 860238 | 856890 | 855450 || 856784 | 859561 | 858111 || 858640 | 856449 | 857076
Group2; 4714.170388; 2026-07-07 08:59:41.270158; 857193 | 858037 | 858387 || 856031 | 16777216 | 858263 || 860438 | 856988 | 855496 || 856804 | 859397 | 858065 || 858581 | 856334 | 857006
Group2; 4725.609924; 2026-07-07 08:59:52.709694; 857193 | 858182 | 858619 || 856423 | 16777216 | 858184 || 860332 | 856917 | 855276 || 856582 | 859231 | 857950 || 858563 | 856323 | 856999
Group2; 4737.049623; 2026-07-07 09:00:04.149393; 857247 | 858134 | 858439 || 855731 | 16777216 | 857740 || 859973 | 856721 | 855103 || 856459 | 859135 | 857783 || 858428 | 856143 | 856791
Group2; 4748.47325; 2026-07-07 09:00:15.573020; 856957 | 857916 | 858179 || 855907 | 16777216 | 857877 || 859959 | 856716 | 855257 || 856651 | 859236 | 857911 || 858424 | 856182 | 856858
Group2; 4759.91266; 2026-07-07 09:00:27.012430; 856856 | 857758 | 858145 || 855756 | 16777216 | 857869 || 860011 | 856685 | 854948 || 856316 | 858899 | 857504 || 858218 | 856007 | 856629
Group2; 4771.352249; 2026-07-07 09:00:38.452019; 856990 | 857739 | 858049 || 855408 | 16777216 | 857389 || 859464 | 856202 | 854858 || 856063 | 859038 | 857753 || 858161 | 855991 | 856586
Group2; 4782.791886; 2026-07-07 09:00:49.891656; 856750 | 857481 | 857653 || 855222 | 16777216 | 857124 || 859316 | 855942 | 854625 || 855819 | 858731 | 857374 || 857892 | 855580 | 856320
Group2; 4794.231888; 2026-07-07 09:01:01.331658; 856312 | 857006 | 857291 || 854923 | 16777216 | 856955 || 859197 | 855836 | 854382 || 855699 | 858489 | 857240 || 857723 | 855486 | 856113
Group2; 4805.655216; 2026-07-07 09:01:12.754986; 856320 | 857063 | 857424 || 854591 | 16777216 | 856708 || 858986 | 855750 | 854209 || 855579 | 858377 | 857187 || 857714 | 855492 | 855958
Group2; 4817.094765; 2026-07-07 09:01:24.194535; 856347 | 857068 | 857311 || 854857 | 16777216 | 856804 || 859128 | 855825 | 854408 || 855924 | 858787 | 857329 || 857780 | 855568 | 856067
Group2; 4828.534321; 2026-07-07 09:01:35.634091; 856225 | 857093 | 857462 || 855245 | 16777216 | 857459 || 859513 | 856269 | 854554 || 855911 | 858635 | 857393 || 857801 | 855579 | 856229
Group2; 4839.974034; 2026-07-07 09:01:47.073804; 856293 | 857083 | 857484 || 855175 | 16777216 | 857287 || 859439 | 856190 | 854733 || 856079 | 858942 | 857447 || 857973 | 855827 | 856266
Group2; 4851.413327; 2026-07-07 09:01:58.513097; 856492 | 857365 | 857718 || 855376 | 16777216 | 857634 || 859750 | 856394 | 854880 || 856155 | 858722 | 857442 || 858071 | 855867 | 856429
Group2; 4862.837482; 2026-07-07 09:02:09.937252; 856798 | 857664 | 858172 || 855756 | 16777216 | 857950 || 860088 | 856756 | 855175 || 856493 | 859217 | 857930 || 858387 | 856293 | 856740
Group2; 4874.276683; 2026-07-07 09:02:21.376453; 857238 | 858090 | 858162 || 855714 | 16777216 | 858137 || 860270 | 856985 | 855664 || 856867 | 859710 | 858182 || 858634 | 856425 | 857010
Group2; 4885.716886; 2026-07-07 09:02:32.816656; 857168 | 858167 | 858481 || 856170 | 16777216 | 858167 || 860256 | 857126 | 855676 || 857090 | 859979 | 858633 || 858872 | 856866 | 857216
Group2; 4897.155952; 2026-07-07 09:02:44.255722; 857493 | 858305 | 858628 || 856374 | 16777216 | 858300 || 860697 | 857260 | 855555 || 857041 | 859701 | 858381 || 858871 | 856680 | 857222
Group2; 4908.579497; 2026-07-07 09:02:55.679267; 857586 | 858460 | 858582 || 856266 | 16777216 | 858237 || 860334 | 857104 | 855615 || 856976 | 859854 | 858325 || 858930 | 856564 | 857130
Group2; 4920.018992; 2026-07-07 09:03:07.118762; 857112 | 857859 | 858246 || 855937 | 16777216 | 858092 || 860303 | 856860 | 855371 || 856744 | 859333 | 857927 || 858597 | 856296 | 856922
Group2; 4931.458789; 2026-07-07 09:03:18.558559; 857060 | 857908 | 858138 || 855711 | 16777216 | 857890 || 859959 | 856661 | 855083 || 856347 | 858975 | 857690 || 858388 | 856111 | 856716
Group2; 4942.898417; 2026-07-07 09:03:29.998187; 857003 | 857686 | 857802 || 855325 | 16777216 | 857495 || 859724 | 856292 | 854840 || 856204 | 859057 | 857689 || 858228 | 855954 | 856556
Group2; 4954.337834; 2026-07-07 09:03:41.437604; 856914 | 857711 | 857948 || 855635 | 16777216 | 857399 || 859692 | 856325 | 854800 || 856239 | 859128 | 857864 || 858278 | 856022 | 856601
Group2; 4965.761638; 2026-07-07 09:03:52.861408; 856733 | 857401 | 857629 || 855381 | 16777216 | 857508 || 859737 | 856356 | 854822 || 856087 | 858826 | 857472 || 858085 | 855819 | 856373
Group2; 4977.20118; 2026-07-07 09:04:04.300950; 856649 | 857544 | 857653 || 855309 | 16777216 | 857366 || 859677 | 856309 | 854983 || 856294 | 858968 | 857544 || 858195 | 855836 | 856440
Group2; 4988.640695; 2026-07-07 09:04:15.740465; 856640 | 857432 | 857713 || 855266 | 16777216 | 857230 || 859406 | 856222 | 854914 || 856127 | 858892 | 857591 || 857966 | 855733 | 856381
Group2; 5000.080356; 2026-07-07 09:04:27.180126; 856380 | 857274 | 857575 || 855418 | 16777216 | 857260 || 859453 | 856147 | 854598 || 856087 | 858639 | 857252 || 857969 | 855684 | 856230
Group2; 5011.519863; 2026-07-07 09:04:38.619633; 856425 | 857259 | 857554 || 855328 | 16777216 | 857628 || 859827 | 856555 | 854835 || 856170 | 858809 | 857432 || 858054 | 855805 | 856361
Group2; 5022.943565; 2026-07-07 09:04:50.043335; 856799 | 857650 | 857841 || 855542 | 16777216 | 857411 || 859676 | 856328 | 854889 || 856301 | 858956 | 857635 || 858122 | 855925 | 856520
Group3; SecondsElapsed; DateTimePC; N86_NTC1 | N86_NTC2 | N86_TestSB || N87_NTC1 | N87_NTC2 | N87_TestSB || N98_NTC1 | N98_NTC2 | N98_TestSB
Group3; 5023.000549; 2026-07-07 09:04:50.100319; New Node Array: 86 87 98
Group3; 5023.000692; 2026-07-07 09:04:50.100462; 
Group3; 5029.848412; 2026-07-07 09:04:56.948182; N86_NTC1 | N86_NTC2 | N86_TestSB || N87_NTC1 | N87_NTC2 | N87_TestSB || N98_NTC1 | N98_NTC2 | N98_TestSB
Group3; 5036.712062; 2026-07-07 09:05:03.811832; 858577 | 857909 | 856846 || 857575 | 857194 | 857021 || 857851 | 859007 | 856630
Group3; 5043.559718; 2026-07-07 09:05:10.659488; 858574 | 858165 | 856924 || 857624 | 857147 | 857106 || 857929 | 859069 | 856784
Group3; 5050.423541; 2026-07-07 09:05:17.523311; 858489 | 858193 | 856884 || 857574 | 857148 | 857063 || 857937 | 859064 | 856627
Group3; 5057.287338; 2026-07-07 09:05:24.387108; 858586 | 858298 | 857120 || 857657 | 857121 | 856935 || 857842 | 858938 | 856508
Group3; 5064.151121; 2026-07-07 09:05:31.250891; 858422 | 858289 | 856972 || 857793 | 857358 | 857092 || 858071 | 859100 | 856522
Group3; 5071.014897; 2026-07-07 09:05:38.114667; 858406 | 857935 | 856903 || 857736 | 857396 | 857379 || 858133 | 859225 | 856733
Group3; 5077.878753; 2026-07-07 09:05:44.978523; 858413 | 858105 | 857008 || 857653 | 857267 | 857269 || 858040 | 859272 | 856695
Group3; 5084.74234; 2026-07-07 09:05:51.842110; 858627 | 858102 | 856965 || 857624 | 857237 | 857068 || 858033 | 859161 | 856664
Group3; 5091.606649; 2026-07-07 09:05:58.706419; 858529 | 858123 | 856978 || 857733 | 857383 | 857194 || 858213 | 859112 | 856505
Group3; 5098.454107; 2026-07-07 09:06:05.553877; 858549 | 858067 | 856950 || 857685 | 857276 | 857159 || 857954 | 859003 | 856588
Group3; 5105.317824; 2026-07-07 09:06:12.417594; 858419 | 858042 | 856868 || 857512 | 857035 | 857001 || 857973 | 859014 | 856711
Group3; 5112.181637; 2026-07-07 09:06:19.281407; 858438 | 858124 | 857024 || 857680 | 857066 | 856802 || 857789 | 858795 | 856322
Group3; 5119.045289; 2026-07-07 09:06:26.145059; 858373 | 858125 | 856858 || 857681 | 857205 | 856878 || 857914 | 858911 | 856389
Group3; 5125.909213; 2026-07-07 09:06:33.008983; 858224 | 857943 | 856793 || 857513 | 857118 | 856848 || 857728 | 858908 | 856433
Group3; 5132.772754; 2026-07-07 09:06:39.872524; 858339 | 857915 | 856667 || 857361 | 856775 | 856604 || 857614 | 858778 | 856488
Group3; 5139.636529; 2026-07-07 09:06:46.736299; 858293 | 858067 | 856968 || 857731 | 857269 | 856742 || 857804 | 858706 | 856190
Group3; 5146.50031; 2026-07-07 09:06:53.600080; 858134 | 857666 | 856607 || 857551 | 857063 | 857013 || 857851 | 859002 | 856371
Group3; 5153.348017; 2026-07-07 09:07:00.447787; 858371 | 857758 | 856621 || 857534 | 857073 | 856976 || 857909 | 859043 | 856520
Group3; 5160.211749; 2026-07-07 09:07:07.311519; 858375 | 858080 | 856957 || 858021 | 857506 | 857423 || 858204 | 859306 | 856623
Group3; 5167.075549; 2026-07-07 09:07:14.175319; 858567 | 857896 | 856909 || 857792 | 857264 | 857070 || 858080 | 859187 | 856935
Group3; 5173.939227; 2026-07-07 09:07:21.038997; 858687 | 858495 | 857312 || 858099 | 857640 | 857284 || 858252 | 859220 | 856775
Group3; 5180.803344; 2026-07-07 09:07:27.903114; 858767 | 858593 | 857338 || 858444 | 857899 | 857621 || 858688 | 859554 | 857030
Group3; 5187.666769; 2026-07-07 09:07:34.766539; 858867 | 858447 | 857379 || 858149 | 857727 | 857481 || 858426 | 859493 | 857243
Group3; 5194.530495; 2026-07-07 09:07:41.630265; 858935 | 858624 | 857517 || 858227 | 857623 | 857489 || 858436 | 859511 | 856984
Group3; 5201.39431; 2026-07-07 09:07:48.494080; 859031 | 858599 | 857439 || 858222 | 857707 | 857511 || 858499 | 859502 | 857003
Group3; 5208.242039; 2026-07-07 09:07:55.341809; 858912 | 858489 | 857387 || 858061 | 857547 | 857464 || 858382 | 859445 | 857008
Group3; 5215.105938; 2026-07-07 09:08:02.205708; 858865 | 858509 | 857396 || 858081 | 857599 | 857127 || 858271 | 859205 | 856616
Group3; 5221.969534; 2026-07-07 09:08:09.069304; 858669 | 858190 | 857100 || 857907 | 857414 | 857331 || 858163 | 859264 | 856901
Group3; 5228.833363; 2026-07-07 09:08:15.933133; 858651 | 858182 | 857075 || 857769 | 857369 | 857194 || 858181 | 859191 | 856851
Group3; 5235.69717; 2026-07-07 09:08:22.796940; 858655 | 858269 | 857123 || 857534 | 857067 | 856702 || 857818 | 858731 | 856213
Group3; 5242.56098; 2026-07-07 09:08:29.660750; 858301 | 857867 | 856733 || 857760 | 857281 | 856927 || 857976 | 858848 | 856211
Group3; 5249.424675; 2026-07-07 09:08:36.524445; 858211 | 857839 | 856717 || 857749 | 857362 | 857047 || 857914 | 858941 | 856516
Group3; 5256.288358; 2026-07-07 09:08:43.388128; 858272 | 858117 | 856880 || 857712 | 857024 | 856761 || 857880 | 858836 | 856272
Group3; 5263.136417; 2026-07-07 09:08:50.236187; 858250 | 857763 | 856597 || 857477 | 857030 | 856779 || 857795 | 858728 | 856227
Group3; 5269.99984; 2026-07-07 09:08:57.099610; 858150 | 857717 | 856505 || 857288 | 856941 | 856864 || 857749 | 858834 | 856357
Group3; 5276.863949; 2026-07-07 09:09:03.963719; 858177 | 857830 | 856685 || 857390 | 856918 | 856723 || 857699 | 858738 | 856237
Group3; 5283.727884; 2026-07-07 09:09:10.827654; 858048 | 857667 | 856649 || 857346 | 856850 | 856603 || 857587 | 858672 | 856193
Group3; 5290.591461; 2026-07-07 09:09:17.691231; 858056 | 857843 | 856669 || 857637 | 857222 | 857144 || 858019 | 859137 | 856584
Group3; 5297.455112; 2026-07-07 09:09:24.554882; 858382 | 857820 | 856591 || 857380 | 857055 | 856796 || 857937 | 858972 | 856507
Group3; 5304.318675; 2026-07-07 09:09:31.418445; 858395 | 858020 | 856913 || 857951 | 857275 | 856927 || 857906 | 858920 | 856408
Group3; 5311.182576; 2026-07-07 09:09:38.282346; 858356 | 858052 | 856872 || 857984 | 857752 | 857531 || 858526 | 859716 | 856931
Group3; 5318.030309; 2026-07-07 09:09:45.130079; 858761 | 858239 | 857039 || 857756 | 857268 | 857137 || 858127 | 859174 | 856924
Group3; 5324.893994; 2026-07-07 09:09:51.993764; 858749 | 858572 | 857534 || 858375 | 857708 | 857596 || 858363 | 859374 | 856799
Group3; 5331.757768; 2026-07-07 09:09:58.857538; 858768 | 858357 | 857364 || 858100 | 857891 | 857761 || 858604 | 859766 | 857271
Group3; 5338.621684; 2026-07-07 09:10:05.721454; 858940 | 858571 | 857271 || 858043 | 857528 | 857155 || 858335 | 859350 | 856990
Group3; 5345.485433; 2026-07-07 09:10:12.585203; 858819 | 858551 | 857314 || 858184 | 857741 | 857631 || 858511 | 859511 | 856930
Group3; 5352.349069; 2026-07-07 09:10:19.448839; 858828 | 858285 | 857166 || 857947 | 857558 | 857406 || 858362 | 859418 | 856897
Group3; 5359.212989; 2026-07-07 09:10:26.312759; 858765 | 858364 | 857225 || 857899 | 857476 | 857259 || 858219 | 859060 | 856704
Group3; 5366.060736; 2026-07-07 09:10:33.160506; 858489 | 858030 | 857040 || 857848 | 857510 | 857383 || 858307 | 859331 | 856736
Group3; 5372.924614; 2026-07-07 09:10:40.024384; 858664 | 857912 | 856800 || 857626 | 857098 | 856931 || 857903 | 859229 | 856813
Group3; 5379.788261; 2026-07-07 09:10:46.888031; 858537 | 858060 | 856981 || 857712 | 857157 | 856901 || 857969 | 858956 | 856547
Group3; 5386.65223; 2026-07-07 09:10:53.752000; 858463 | 858046 | 856906 || 857874 | 857331 | 857106 || 858004 | 858927 | 856313
Group3; 5393.516129; 2026-07-07 09:11:00.615899; 858239 | 857675 | 856670 || 857280 | 856830 | 856600 || 857592 | 858660 | 856305
Group3; 5400.379429; 2026-07-07 09:11:07.479199; 858166 | 857928 | 856723 || 857442 | 856918 | 856682 || 857660 | 858665 | 856133
Group3; 5407.243525; 2026-07-07 09:11:14.343295; 858034 | 857649 | 856615 || 857591 | 857069 | 857022 || 857902 | 859131 | 856646
Group3; 5414.106944; 2026-07-07 09:11:21.206714; 858366 | 857872 | 856800 || 857579 | 856878 | 856549 || 857643 | 858575 | 856162
Group3; 5420.970602; 2026-07-07 09:11:28.070372; 858168 | 857825 | 856730 || 857492 | 856950 | 856818 || 857761 | 858927 | 856503
Group3; 5427.818467; 2026-07-07 09:11:34.918237; 858275 | 857937 | 856797 || 857596 | 857145 | 856919 || 857951 | 859096 | 856583
Group3; 5434.682234; 2026-07-07 09:11:41.782004; 858430 | 858093 | 856972 || 857934 | 857304 | 856994 || 857926 | 858929 | 856573
Group3; 5441.546171; 2026-07-07 09:11:48.645941; 858528 | 858103 | 856954 || 857713 | 857285 | 857075 || 858063 | 859265 | 856648
Group1; SecondsElapsed; DateTimePC; N95_NTC1 | N95_NTC2 | N95_TestSB || N13_NTC1 | N13_NTC2 | N13_TestSB || N18_NTC1 | N18_NTC2 | N18_TestSB || N19_NTC1 | N19_NTC2 | N19_TestSB || N25_NTC1 | N25_NTC2 | N25_TestSB
Group1; 5441.622155; 2026-07-07 09:11:48.721925; New Node Array: 95 13 18 19 25
Group1; 5441.622394; 2026-07-07 09:11:48.722164; 
Group1; 5453.029648; 2026-07-07 09:12:00.129418; N95_NTC1 | N95_NTC2 | N95_TestSB || N13_NTC1 | N13_NTC2 | N13_TestSB || N18_NTC1 | N18_NTC2 | N18_TestSB || N19_NTC1 | N19_NTC2 | N19_TestSB || N25_NTC1 | N25_NTC2 | N25_TestSB
Group1; 5464.469172; 2026-07-07 09:12:11.568942; 856975 | 858472 | 858629 || 857306 | 857108 | 859208 || 858767 | 857729 | 857769 || 858332 | 856608 | 856913 || 856713 | 858055 | 858692
Group1; 5475.908867; 2026-07-07 09:12:23.008637; 856995 | 858455 | 858685 || 857293 | 857082 | 859037 || 858827 | 857825 | 857683 || 858376 | 856514 | 856680 || 856703 | 857920 | 858278
Group1; 5487.332753; 2026-07-07 09:12:34.432523; 856909 | 858334 | 858375 || 857338 | 857195 | 859532 || 858933 | 857959 | 858025 || 858607 | 856755 | 856817 || 856857 | 858068 | 858546
Group1; 5498.772097; 2026-07-07 09:12:45.871867; 857106 | 858456 | 858555 || 857285 | 857091 | 859386 || 858890 | 857970 | 858006 || 858535 | 856638 | 856606 || 856715 | 857877 | 858500
Group1; 5510.211627; 2026-07-07 09:12:57.311397; 856993 | 858461 | 858763 || 857499 | 857314 | 859466 || 859025 | 857891 | 857709 || 858340 | 856282 | 856535 || 856478 | 857891 | 858521
Group1; 5521.651256; 2026-07-07 09:13:08.751026; 857089 | 858494 | 858455 || 857197 | 856856 | 859144 || 858806 | 857794 | 857619 || 858207 | 856149 | 856261 || 856218 | 857491 | 858254
Group1; 5533.09093; 2026-07-07 09:13:20.190700; 856650 | 858312 | 858613 || 857033 | 856843 | 858778 || 858542 | 857676 | 857174 || 857920 | 856003 | 856370 || 856223 | 857648 | 858219
Group1; 5544.514586; 2026-07-07 09:13:31.614356; 856666 | 858029 | 858122 || 856852 | 856545 | 858606 || 858428 | 857412 | 857125 || 857771 | 855770 | 856214 || 856111 | 857503 | 858164
Group1; 5555.953949; 2026-07-07 09:13:43.053719; 856476 | 857969 | 858085 || 856710 | 856511 | 858715 || 858329 | 857344 | 857213 || 857990 | 855950 | 855963 || 855996 | 857157 | 857695
Group1; 5567.393845; 2026-07-07 09:13:54.493615; 856271 | 857754 | 857866 || 856633 | 856503 | 858734 || 858299 | 857213 | 856941 || 857591 | 855342 | 855675 || 855419 | 856655 | 857414
Group1; 5578.833319; 2026-07-07 09:14:05.933089; 855796 | 857203 | 857234 || 855965 | 855441 | 857366 || 857641 | 856556 | 855624 || 856634 | 854221 | 854201 || 854158 | 855148 | 855476
Group1; 5590.256869; 2026-07-07 09:14:17.356639; 853881 | 855194 | 855121 || 853755 | 853567 | 855249 || 855782 | 855181 | 853738 || 854505 | 851699 | 851380 || 851562 | 852229 | 852664
Group1; 5601.696418; 2026-07-07 09:14:28.796188; 851182 | 852174 | 852173 || 850845 | 849878 | 851347 || 853445 | 851757 | 849753 || 851000 | 847854 | 847424 || 847543 | 847910 | 848575
Group1; 5613.136117; 2026-07-07 09:14:40.235887; 846638 | 847767 | 848100 || 846424 | 845917 | 847066 || 849394 | 847825 | 845269 || 846465 | 842918 | 842844 || 842672 | 842942 | 842946
Group1; 5624.575803; 2026-07-07 09:14:51.675573; 841443 | 842066 | 841483 || 840247 | 839569 | 841322 || 843252 | 842051 | 839689 || 840379 | 836391 | 836016 || 835975 | 836166 | 836312
Group1; 5636.015186; 2026-07-07 09:15:03.114956; 835290 | 835444 | 835375 || 833125 | 832005 | 833314 || 837598 | 836648 | 830989 || 833306 | 828375 | 827997 || 828043 | 828020 | 827443
Group1; 5647.438932; 2026-07-07 09:15:14.538702; 826354 | 826703 | 826065 || 825552 | 824129 | 825317 || 829818 | 829231 | 822778 || 824864 | 820206 | 819550 || 819410 | 819794 | 819121
Group1; 5658.878345; 2026-07-07 09:15:25.978115; 818087 | 818770 | 818433 || 816797 | 816014 | 817328 || 821369 | 820975 | 816034 || 817413 | 813738 | 813201 || 813132 | 813876 | 814540
Group1; 5670.306041; 2026-07-07 09:15:37.405811; 812346 | 813656 | 813536 || 812232 | 811716 | 813405 || 815577 | 814803 | 812328 || 812838 | 809864 | 809693 || 809832 | 810623 | 811037
Group1; 5681.733738; 2026-07-07 09:15:48.833508; 809629 | 810888 | 811007 || 809749 | 809464 | 811086 || 812648 | 811787 | 809478 || 810324 | 808163 | 808368 || 808223 | 809299 | 809858
Group1; 5693.152012; 2026-07-07 09:16:00.251782; 808344 | 809596 | 809710 || 808504 | 808354 | 810481 || 810770 | 809986 | 809074 || 809585 | 807541 | 807638 || 807562 | 808797 | 809401
Group1; 5704.58895; 2026-07-07 09:16:11.688720; 807937 | 809392 | 809564 || 808262 | 808037 | 810142 || 810150 | 809155 | 808909 || 809492 | 807759 | 807770 || 807743 | 809024 | 809721
Group1; 5716.027355; 2026-07-07 09:16:23.127125; 808316 | 809776 | 809901 || 808661 | 808578 | 810847 || 810257 | 809221 | 809470 || 809840 | 808037 | 808104 || 808094 | 809127 | 809568
Group1; 5727.466406; 2026-07-07 09:16:34.566176; 808108 | 809494 | 809636 || 808411 | 808102 | 809938 || 809989 | 808986 | 808178 || 809008 | 806517 | 806428 || 806445 | 807323 | 807711
Group1; 5738.89004; 2026-07-07 09:16:45.989810; 805875 | 806994 | 806926 || 805979 | 804956 | 806402 || 807944 | 807053 | 804322 || 805981 | 802572 | 802158 || 802111 | 802279 | 802661
Group1; 5750.329123; 2026-07-07 09:16:57.428893; 801102 | 801689 | 801161 || 800781 | 799678 | 800681 || 803764 | 801608 | 799253 || 800167 | 796312 | 796283 || 795804 | 796371 | 796690
Group1; 5761.768745; 2026-07-07 09:17:08.868515; 794904 | 795831 | 795940 || 794105 | 793388 | 794880 || 797771 | 796369 | 793836 || 794433 | 791330 | 791234 || 791107 | 791251 | 791312
Group1; 5773.208261; 2026-07-07 09:17:20.308031; 790223 | 790905 | 790832 || 789620 | 789233 | 790740 || 792769 | 792463 | 788966 || 790184 | 787052 | 786989 || 787017 | 787749 | 788331
Group1; 5784.647711; 2026-07-07 09:17:31.747481; 786502 | 787709 | 788101 || 786563 | 786166 | 788002 || 789448 | 788693 | 786801 || 787318 | 784861 | 784853 || 784854 | 785783 | 786496
Group1; 5796.071608; 2026-07-07 09:17:43.171378; 784973 | 786319 | 786508 || 785385 | 784939 | 786861 || 787685 | 786371 | 785360 || 786178 | 784194 | 784434 || 784336 | 785595 | 786435
Group1; 5807.511248; 2026-07-07 09:17:54.611018; 784862 | 786002 | 786199 || 784947 | 784692 | 786864 || 786792 | 785660 | 785423 || 785930 | 784222 | 784539 || 784412 | 785542 | 786180
Group1; 5818.950913; 2026-07-07 09:18:06.050683; 784753 | 786068 | 786066 || 784828 | 784592 | 786688 || 786476 | 785531 | 785238 || 785786 | 783893 | 784047 || 783955 | 784982 | 785575
Group1; 5830.390349; 2026-07-07 09:18:17.490119; 784133 | 785437 | 785537 || 784203 | 783981 | 786047 || 785935 | 784890 | 784648 || 785061 | 782901 | 782846 || 782886 | 783841 | 784311
Group1; 5841.813997; 2026-07-07 09:18:28.913767; 782829 | 784014 | 783859 || 782655 | 782342 | 784078 || 784555 | 783997 | 782474 || 783309 | 780717 | 780806 || 780603 | 781478 | 781983
Group1; 5853.253798; 2026-07-07 09:18:40.353568; 780254 | 781483 | 781588 || 780364 | 779835 | 781532 || 782622 | 781262 | 779926 || 780825 | 778246 | 778050 || 777988 | 778750 | 779395
Group1; 5864.693188; 2026-07-07 09:18:51.792958; 777805 | 778936 | 778844 || 777732 | 777243 | 779052 || 780234 | 779167 | 777761 || 778420 | 775670 | 775422 || 775516 | 776420 | 776905
Group1; 5876.13286; 2026-07-07 09:19:03.232630; 775473 | 776671 | 776680 || 775519 | 775093 | 776976 || 777747 | 776564 | 775487 || 776089 | 773748 | 773944 || 773855 | 775092 | 775368
Group1; 5887.556395; 2026-07-07 09:19:14.656165; 774087 | 775250 | 775219 || 774138 | 773753 | 775791 || 776097 | 775227 | 774253 || 774921 | 772918 | 773010 || 772938 | 774034 | 774656
Group1; 5898.996083; 2026-07-07 09:19:26.095853; 773120 | 774333 | 774494 || 773319 | 773062 | 775085 || 775081 | 774182 | 773723 || 774184 | 772381 | 772518 || 772460 | 773624 | 774123
Group1; 5910.435724; 2026-07-07 09:19:37.535494; 772876 | 774091 | 774129 || 772955 | 772764 | 774771 || 774616 | 773681 | 773345 || 773892 | 772106 | 772258 || 772141 | 773516 | 774236
Group1; 5921.875596; 2026-07-07 09:19:48.975366; 772747 | 773859 | 773878 || 772687 | 772366 | 774265 || 774204 | 773309 | 772894 || 773515 | 771875 | 772044 || 772049 | 773104 | 773490
Group1; 5933.314967; 2026-07-07 09:20:00.414737; 772152 | 773186 | 773342 || 772138 | 771916 | 774031 || 773885 | 772918 | 772600 || 773097 | 771079 | 771213 || 770998 | 772095 | 772671
Group1; 5944.738859; 2026-07-07 09:20:11.838629; 771167 | 772296 | 772392 || 771090 | 770893 | 772735 || 772791 | 771835 | 771303 || 771886 | 769765 | 769928 || 769839 | 770924 | 771253
Group1; 5956.178066; 2026-07-07 09:20:23.277836; 769968 | 771078 | 771094 || 769746 | 769376 | 771225 || 771720 | 770606 | 770106 || 770437 | 768313 | 768240 || 768338 | 769163 | 769649
Group1; 5967.617817; 2026-07-07 09:20:34.717587; 768257 | 769463 | 769617 || 768374 | 768017 | 769888 || 770439 | 769294 | 768542 || 769155 | 767165 | 767295 || 767253 | 768319 | 768786
Group1; 5979.057333; 2026-07-07 09:20:46.157103; 767393 | 768498 | 768602 || 767407 | 767084 | 769036 || 769316 | 768144 | 767669 || 768223 | 766347 | 766574 || 766332 | 767477 | 768110
Group1; 5990.496769; 2026-07-07 09:20:57.596539; 766648 | 767996 | 768311 || 766916 | 766831 | 768596 || 768634 | 767710 | 767273 || 767745 | 765979 | 766121 || 765995 | 767116 | 767632
Group1; 6001.92059; 2026-07-07 09:21:09.020360; 766246 | 767567 | 767706 || 766535 | 766321 | 768292 || 768104 | 767212 | 766954 || 767496 | 765863 | 765978 || 765891 | 766954 | 767437
Group1; 6013.360188; 2026-07-07 09:21:20.459958; 766110 | 767447 | 767660 || 766494 | 766367 | 768295 || 768011 | 766983 | 766718 || 767337 | 765378 | 765528 || 765447 | 766734 | 767278
Group1; 6024.799775; 2026-07-07 09:21:31.899545; 765900 | 767215 | 767375 || 766165 | 765896 | 767686 || 767638 | 766702 | 766206 || 766898 | 765112 | 765301 || 765181 | 766323 | 766830
Group1; 6036.239425; 2026-07-07 09:21:43.339195; 765313 | 766588 | 766692 || 765379 | 765210 | 767121 || 767061 | 766220 | 765702 || 766386 | 764690 | 764785 || 764877 | 765887 | 766281
Group1; 6047.663087; 2026-07-07 09:21:54.762857; 764954 | 765980 | 766024 || 764879 | 764558 | 766429 || 766471 | 765558 | 765267 || 765848 | 763990 | 764105 || 763975 | 765148 | 765636
Group1; 6059.102665; 2026-07-07 09:22:06.202435; 764391 | 765624 | 765605 || 764574 | 764066 | 765950 || 766111 | 764926 | 764549 || 765251 | 763401 | 763387 || 763460 | 764269 | 764746
Group1; 6070.542188; 2026-07-07 09:22:17.641958; 763311 | 764570 | 764844 || 763716 | 763530 | 765548 || 765473 | 764281 | 764122 || 764635 | 762757 | 762695 || 762677 | 763684 | 764113
Group1; 6081.981828; 2026-07-07 09:22:29.081598; 762745 | 764145 | 764457 || 763092 | 763049 | 765076 || 764766 | 763946 | 763411 || 764153 | 762015 | 762052 || 762137 | 763309 | 763961
Group1; 6093.405641; 2026-07-07 09:22:40.505411; 762591 | 763943 | 764071 || 762758 | 762687 | 764666 || 764377 | 763550 | 763115 || 763777 | 761844 | 761965 || 761895 | 763069 | 763672
Group1; 6104.845117; 2026-07-07 09:22:51.944887; 762404 | 763732 | 763749 || 762584 | 762329 | 764276 || 764158 | 763174 | 762902 || 763520 | 761787 | 761955 || 761872 | 763068 | 763540
Group1; 6116.284887; 2026-07-07 09:23:03.384657; 762210 | 763624 | 763698 || 762451 | 762223 | 764174 || 763976 | 762989 | 762731 || 763344 | 761633 | 761719 || 761784 | 762974 | 763503
Group1; 6127.724397; 2026-07-07 09:23:14.824167; 762257 | 763502 | 763627 || 762423 | 762038 | 764062 || 763809 | 762788 | 762713 || 763197 | 761572 | 761907 || 761828 | 763140 | 763430
Group1; 6139.148076; 2026-07-07 09:23:26.247846; 761987 | 763306 | 763408 || 762063 | 761915 | 764131 || 763591 | 762786 | 762825 || 763259 | 761461 | 761422 || 761568 | 762511 | 763066
Group2; SecondsElapsed; DateTimePC; N26_NTC1 | N26_NTC2 | N26_TestSB || N28_NTC1 | N28_NTC2 | N28_TestSB || N35_NTC1 | N35_NTC2 | N35_TestSB || N62_NTC1 | N62_NTC2 | N62_TestSB || N85_NTC1 | N85_NTC2 | N85_TestSB
Group2; 6139.223872; 2026-07-07 09:23:26.323642; New Node Array: 26 28 35 62 85
Group2; 6139.224097; 2026-07-07 09:23:26.323867; 
Group2; 6150.631814; 2026-07-07 09:23:37.731584; N26_NTC1 | N26_NTC2 | N26_TestSB || N28_NTC1 | N28_NTC2 | N28_TestSB || N35_NTC1 | N35_NTC2 | N35_TestSB || N62_NTC1 | N62_NTC2 | N62_TestSB || N85_NTC1 | N85_NTC2 | N85_TestSB
Group2; 6162.072027; 2026-07-07 09:23:49.171797; 761254 | 761991 | 762501 || 760462 | 16777216 | 762175 || 764067 | 761064 | 759711 || 760933 | 763171 | 761935 || 762582 | 760426 | 761239
Group2; 6173.511644; 2026-07-07 09:24:00.611414; 760884 | 761536 | 761799 || 759708 | 16777216 | 761549 || 763476 | 760513 | 759164 || 760316 | 762563 | 761305 || 761993 | 759917 | 760614
Group2; 6184.935395; 2026-07-07 09:24:12.035165; 760455 | 761128 | 761385 || 759278 | 16777216 | 761345 || 763155 | 760289 | 759002 || 760066 | 762422 | 761298 || 761819 | 759851 | 760405
Group2; 6196.374985; 2026-07-07 09:24:23.474755; 760447 | 760884 | 761332 || 759060 | 16777216 | 761089 || 762992 | 760169 | 758883 || 760034 | 762363 | 761160 || 761653 | 759652 | 760186
Group2; 6207.814272; 2026-07-07 09:24:34.914042; 760292 | 761067 | 761381 || 759357 | 16777216 | 761180 || 763098 | 760250 | 758974 || 760107 | 762563 | 761397 || 761779 | 759779 | 760305
Group2; 6219.254244; 2026-07-07 09:24:46.354014; 760247 | 760861 | 761348 || 759344 | 16777216 | 761400 || 763216 | 760403 | 759021 || 760079 | 762313 | 761185 || 761654 | 759657 | 760304
Group2; 6230.693558; 2026-07-07 09:24:57.793328; 760349 | 760967 | 761235 || 759125 | 16777216 | 760987 || 762844 | 759920 | 758631 || 759783 | 762152 | 761006 || 761518 | 759571 | 760134
Group2; 6242.117183; 2026-07-07 09:25:09.216953; 760390 | 760981 | 761284 || 759092 | 16777216 | 760926 || 762831 | 759886 | 758509 || 759578 | 761999 | 760931 || 761353 | 759553 | 760032
Group2; 6253.557016; 2026-07-07 09:25:20.656786; 760236 | 760853 | 761056 || 758872 | 16777216 | 760772 || 762683 | 759788 | 758517 || 759569 | 762026 | 760893 || 761369 | 759422 | 759948
Group2; 6264.996671; 2026-07-07 09:25:32.096441; 760170 | 760880 | 761177 || 758972 | 16777216 | 760708 || 762604 | 759735 | 758492 || 759679 | 762082 | 760795 || 761387 | 759376 | 759869
Group2; 6276.435338; 2026-07-07 09:25:43.535108; 759942 | 760718 | 761125 || 759094 | 16777216 | 760990 || 762817 | 760004 | 758653 || 759779 | 762150 | 760892 || 761424 | 759362 | 759932
Group2; 6287.8755; 2026-07-07 09:25:54.975270; 760021 | 760798 | 761034 || 758818 | 16777216 | 760609 || 762526 | 759630 | 758345 || 759410 | 761748 | 760688 || 761134 | 759174 | 759763
Group2; 6299.299501; 2026-07-07 09:26:06.399271; 759873 | 760548 | 760853 || 758803 | 16777216 | 760763 || 762624 | 759804 | 758503 || 759678 | 761976 | 760403 || 761302 | 759100 | 759686
Group2; 6310.738909; 2026-07-07 09:26:17.838679; 759614 | 760305 | 760725 || 758883 | 16777216 | 760796 || 762667 | 759692 | 758240 || 759339 | 761501 | 760274 || 760921 | 758829 | 759440
Group2; 6322.178783; 2026-07-07 09:26:29.278553; 759462 | 760299 | 760831 || 758774 | 16777216 | 760634 || 762494 | 759531 | 758078 || 759170 | 761179 | 759976 || 760582 | 758535 | 759325
Group2; 6333.618483; 2026-07-07 09:26:40.718253; 759268 | 760121 | 760586 || 758569 | 16777216 | 760372 || 761793 | 758854 | 757779 || 758642 | 761128 | 760038 || 760506 | 758546 | 759280
Group2; 6345.057441; 2026-07-07 09:26:52.157211; 759345 | 760261 | 760574 || 758422 | 16777216 | 760161 || 761849 | 758924 | 757495 || 758627 | 760962 | 759899 || 760368 | 758490 | 759095
Group2; 6356.481611; 2026-07-07 09:27:03.581381; 759083 | 759818 | 760192 || 758005 | 16777216 | 759930 || 761710 | 758858 | 757637 || 758725 | 761223 | 760079 || 760537 | 758581 | 759077
Group2; 6367.921362; 2026-07-07 09:27:15.021132; 759255 | 759903 | 760164 || 757929 | 16777216 | 759760 || 761744 | 758856 | 757691 || 758819 | 761294 | 760099 || 760545 | 758468 | 759003
Group2; 6379.360604; 2026-07-07 09:27:26.460374; 758861 | 759456 | 759756 || 758057 | 16777216 | 759863 || 761698 | 758765 | 757509 || 758690 | 761196 | 760072 || 760469 | 758545 | 758963
Group2; 6390.800535; 2026-07-07 09:27:37.900305; 759142 | 759671 | 759994 || 757856 | 16777216 | 759994 || 761803 | 759010 | 757662 || 758916 | 761068 | 759681 || 760375 | 758335 | 758841
Group2; 6402.224272; 2026-07-07 09:27:49.324042; 758975 | 759802 | 760180 || 758182 | 16777216 | 760033 || 761950 | 758952 | 757518 || 758724 | 760937 | 759754 || 760290 | 758314 | 758893
Group2; 6413.663307; 2026-07-07 09:28:00.763077; 759027 | 759844 | 760156 || 758049 | 16777216 | 759727 || 761667 | 758753 | 757437 || 758665 | 760956 | 759778 || 760284 | 758304 | 758861
Group2; 6425.103574; 2026-07-07 09:28:12.203344; 759080 | 759868 | 760174 || 758082 | 16777216 | 760206 || 761929 | 759109 | 757806 || 758972 | 761271 | 759993 || 760494 | 758528 | 759030
Group2; 6436.54269; 2026-07-07 09:28:23.642460; 759154 | 760004 | 760563 || 758424 | 16777216 | 760116 || 762057 | 759142 | 757647 || 758884 | 761221 | 760015 || 760557 | 758549 | 759108
Group2; 6447.982586; 2026-07-07 09:28:35.082356; 759313 | 759866 | 760134 || 758161 | 16777216 | 760165 || 762022 | 759117 | 757811 || 759015 | 761282 | 759922 || 760566 | 758509 | 759089
Group2; 6459.405279; 2026-07-07 09:28:46.505049; 759057 | 759705 | 760081 || 757995 | 16777216 | 759781 || 761682 | 758772 | 757305 || 758480 | 760751 | 759621 || 760194 | 758216 | 758813
Group2; 6470.845969; 2026-07-07 09:28:57.945739; 758824 | 759526 | 759863 || 757740 | 16777216 | 759595 || 761333 | 758396 | 757060 || 758083 | 760629 | 759665 || 760012 | 758042 | 758625
Group2; 6482.285448; 2026-07-07 09:29:09.385218; 758827 | 759390 | 759658 || 757535 | 16777216 | 759454 || 761346 | 758447 | 757100 || 758315 | 760792 | 759640 || 760175 | 758233 | 758637
Group2; 6493.724826; 2026-07-07 09:29:20.824596; 759077 | 759523 | 759722 || 757377 | 16777216 | 759495 || 761379 | 758622 | 757472 || 758591 | 760909 | 759679 || 760220 | 758217 | 758701
Group2; 6505.164411; 2026-07-07 09:29:32.264181; 758924 | 759761 | 760059 || 758125 | 16777216 | 759825 || 761636 | 758753 | 757556 || 758745 | 761270 | 760267 || 760584 | 758680 | 759066
Group2; 6516.588113; 2026-07-07 09:29:43.687883; 759257 | 759830 | 760183 || 758208 | 16777216 | 760307 || 762070 | 759209 | 757788 || 759011 | 761298 | 760199 || 760695 | 758708 | 759202
Group2; 6528.028333; 2026-07-07 09:29:55.128103; 759501 | 760050 | 760441 || 758179 | 16777216 | 760088 || 762022 | 759070 | 757727 || 758924 | 761287 | 760205 || 760654 | 758694 | 759176
Group2; 6539.467671; 2026-07-07 09:30:06.567441; 759423 | 760122 | 760328 || 758220 | 16777216 | 760027 || 761892 | 758955 | 757575 || 758766 | 760909 | 759551 || 760291 | 758272 | 758899
Group2; 6550.907372; 2026-07-07 09:30:18.007142; 758802 | 759504 | 759801 || 757586 | 16777216 | 759378 || 761290 | 758283 | 757002 || 758150 | 760526 | 759404 || 759991 | 757943 | 758564
Group2; 6562.346456; 2026-07-07 09:30:29.446226; 758573 | 759248 | 759476 || 757246 | 16777216 | 759202 || 761090 | 758127 | 756801 || 757920 | 760293 | 759328 || 759790 | 757817 | 758341
Group2; 6573.770386; 2026-07-07 09:30:40.870156; 758522 | 759118 | 759420 || 757219 | 16777216 | 759298 || 761135 | 758339 | 756998 || 758219 | 760621 | 759440 || 759920 | 757939 | 758401
Group2; 6585.210182; 2026-07-07 09:30:52.309952; 758676 | 759432 | 759730 || 757630 | 16777216 | 759717 || 761540 | 758898 | 757721 || 758774 | 761312 | 759970 || 760339 | 758360 | 758776
Group2; 6596.649933; 2026-07-07 09:31:03.749703; 759037 | 759728 | 760112 || 758435 | 16777216 | 760146 || 762060 | 759188 | 757816 || 759053 | 761422 | 760211 || 760703 | 758744 | 759105
Group2; 6608.089487; 2026-07-07 09:31:15.189257; 759519 | 760178 | 760515 || 758355 | 16777216 | 760496 || 762148 | 759417 | 758251 || 759265 | 761611 | 760359 || 760715 | 758788 | 759385
Group2; 6619.529091; 2026-07-07 09:31:26.628861; 759425 | 760145 | 760477 || 758376 | 16777216 | 760405 || 762187 | 759321 | 757933 || 759098 | 761276 | 760135 || 760641 | 758617 | 759266
Group2; 6630.952732; 2026-07-07 09:31:38.052502; 759418 | 760112 | 760469 || 758335 | 16777216 | 760028 || 761933 | 758859 | 757586 || 758720 | 760989 | 759935 || 760480 | 758491 | 759104
Group2; 6642.393483; 2026-07-07 09:31:49.493253; 759141 | 759696 | 759950 || 757643 | 16777216 | 759482 || 761405 | 758466 | 757178 || 758399 | 760754 | 759598 || 760171 | 758097 | 758801
Group2; 6653.832067; 2026-07-07 09:32:00.931837; 758569 | 759231 | 759667 || 757590 | 16777216 | 759457 || 761408 | 758515 | 756912 || 758300 | 760615 | 759308 || 759973 | 757936 | 758421
Group2; 6665.271689; 2026-07-07 09:32:12.371459; 758642 | 759432 | 759694 || 757817 | 16777216 | 759757 || 761616 | 758699 | 757252 || 758366 | 760649 | 759407 || 760001 | 757980 | 758540
Group2; 6676.695107; 2026-07-07 09:32:23.794877; 759008 | 759970 | 760304 || 758047 | 16777216 | 759669 || 761558 | 758727 | 757448 || 758642 | 761041 | 760105 || 760420 | 758703 | 758902
Group2; 6688.135017; 2026-07-07 09:32:35.234787; 759496 | 760080 | 760398 || 758257 | 16777216 | 760111 || 761998 | 759121 | 757914 || 759061 | 761516 | 760478 || 760838 | 758887 | 759274
Group2; 6699.573629; 2026-07-07 09:32:46.673399; 759650 | 760230 | 760505 || 758339 | 16777216 | 760141 || 762127 | 759220 | 757891 || 759086 | 761404 | 760286 || 760826 | 758882 | 759328
Group2; 6711.01394; 2026-07-07 09:32:58.113710; 759610 | 760226 | 760460 || 758275 | 16777216 | 760054 || 762030 | 759129 | 757864 || 759091 | 761494 | 760347 || 760756 | 758776 | 759300
Group2; 6722.453233; 2026-07-07 09:33:09.553003; 759190 | 759698 | 760092 || 757960 | 16777216 | 759997 || 761824 | 759043 | 757705 || 758891 | 761185 | 759956 || 760532 | 758519 | 759032
Group2; 6733.877257; 2026-07-07 09:33:20.977027; 759002 | 759690 | 760022 || 757962 | 16777216 | 759881 || 761737 | 758798 | 757339 || 758633 | 760990 | 759849 || 760380 | 758442 | 758855
Group2; 6745.316903; 2026-07-07 09:33:32.416673; 759162 | 759792 | 760074 || 757883 | 16777216 | 759645 || 761475 | 758615 | 757257 || 758532 | 760938 | 759842 || 760309 | 758337 | 758832
Group2; 6756.75675; 2026-07-07 09:33:43.856520; 759008 | 759645 | 759892 || 757878 | 16777216 | 759898 || 761737 | 758905 | 757705 || 758732 | 761238 | 760083 || 760493 | 758489 | 758961
Group2; 6768.196389; 2026-07-07 09:33:55.296159; 759259 | 759861 | 760154 || 758035 | 16777216 | 759849 || 761812 | 759005 | 757599 || 758972 | 761193 | 759922 || 760417 | 758426 | 758932
Group2; 6779.635924; 2026-07-07 09:34:06.735694; 759123 | 759886 | 760279 || 758182 | 16777216 | 759987 || 761895 | 758997 | 757832 || 758911 | 761300 | 760057 || 760518 | 758544 | 759083
Group2; 6791.059759; 2026-07-07 09:34:18.159529; 759226 | 759897 | 760140 || 757958 | 16777216 | 760106 || 761810 | 759008 | 757851 || 758903 | 761287 | 760107 || 760520 | 758550 | 759058
Group2; 6802.499336; 2026-07-07 09:34:29.599106; 759050 | 759678 | 760113 || 758104 | 16777216 | 760000 || 761817 | 758924 | 757626 || 758771 | 761180 | 760037 || 760539 | 758632 | 759024
Group2; 6813.938847; 2026-07-07 09:34:41.038617; 759231 | 759849 | 760135 || 757991 | 16777216 | 760078 || 761976 | 759122 | 757784 || 758973 | 761373 | 760186 || 760625 | 758703 | 759101
Group2; 6825.378259; 2026-07-07 09:34:52.478029; 759418 | 759976 | 760366 || 758264 | 16777216 | 760372 || 762105 | 759221 | 757797 || 758992 | 761269 | 760157 || 760644 | 758696 | 759189
Group2; 6836.80229; 2026-07-07 09:35:03.902060; 759410 | 760017 | 760340 || 758279 | 16777216 | 760258 || 762153 | 759204 | 757824 || 759044 | 761471 | 760245 || 760734 | 758703 | 759196
Group3; SecondsElapsed; DateTimePC; N86_NTC1 | N86_NTC2 | N86_TestSB || N87_NTC1 | N87_NTC2 | N87_TestSB || N98_NTC1 | N98_NTC2 | N98_TestSB
Group3; 6836.861551; 2026-07-07 09:35:03.961321; New Node Array: 86 87 98
Group3; 6836.861879; 2026-07-07 09:35:03.961649; 
Group3; 6843.70919; 2026-07-07 09:35:10.808960; N86_NTC1 | N86_NTC2 | N86_TestSB || N87_NTC1 | N87_NTC2 | N87_TestSB || N98_NTC1 | N98_NTC2 | N98_TestSB
Group3; 6850.57306; 2026-07-07 09:35:17.672830; 760989 | 760696 | 759669 || 760270 | 759859 | 759585 || 760345 | 761214 | 758942
Group3; 6857.420376; 2026-07-07 09:35:24.520146; 760857 | 760403 | 759526 || 760391 | 759908 | 759799 || 760525 | 761378 | 759015
Group3; 6864.284437; 2026-07-07 09:35:31.384207; 760808 | 760316 | 759327 || 760029 | 759597 | 759442 || 760232 | 761253 | 759121
Group3; 6871.148309; 2026-07-07 09:35:38.248079; 760780 | 760461 | 759507 || 760124 | 759620 | 759389 || 760192 | 761214 | 759028
Group3; 6878.011718; 2026-07-07 09:35:45.111488; 760799 | 760554 | 759573 || 760405 | 759739 | 759294 || 760308 | 761142 | 758801
Group3; 6884.87556; 2026-07-07 09:35:51.975330; 760780 | 760245 | 759213 || 759944 | 759545 | 759529 || 760292 | 761449 | 759302
Group3; 6891.739609; 2026-07-07 09:35:58.839379; 760853 | 760522 | 759512 || 760160 | 759688 | 759505 || 760263 | 761155 | 758966
Group3; 6898.603481; 2026-07-07 09:36:05.703251; 760586 | 760068 | 759333 || 759977 | 759652 | 759563 || 760395 | 761422 | 759124
Group3; 6905.466883; 2026-07-07 09:36:12.566653; 760698 | 760372 | 759531 || 760120 | 759779 | 759666 || 760466 | 761395 | 759081
Group3; 6912.31492; 2026-07-07 09:36:19.414690; 760815 | 760334 | 759455 || 760161 | 759841 | 759714 || 760548 | 761532 | 759353
Group3; 6919.17836; 2026-07-07 09:36:26.278130; 760900 | 760519 | 759623 || 760298 | 759915 | 759717 || 760513 | 761457 | 759235
Group3; 6926.042124; 2026-07-07 09:36:33.141894; 760937 | 760700 | 759629 || 760347 | 759956 | 759704 || 760507 | 761595 | 759367
Group3; 6932.905404; 2026-07-07 09:36:40.005174; 761045 | 760735 | 759756 || 760561 | 760188 | 760017 || 760788 | 761753 | 759311
Group3; 6939.770154; 2026-07-07 09:36:46.869924; 760992 | 760607 | 759573 || 760263 | 760126 | 759771 || 760715 | 761634 | 759288
Group3; 6946.633278; 2026-07-07 09:36:53.733048; 761011 | 760615 | 759530 || 760326 | 759889 | 759752 || 760591 | 761673 | 759353
Group3; 6953.496983; 2026-07-07 09:37:00.596753; 761046 | 760758 | 759692 || 760292 | 759864 | 759723 || 760488 | 761548 | 759503
Group3; 6960.361319; 2026-07-07 09:37:07.461089; 761054 | 760695 | 759677 || 760344 | 759811 | 759751 || 760516 | 761583 | 759398
Group3; 6967.209179; 2026-07-07 09:37:14.308949; 760953 | 760471 | 759571 || 760149 | 759898 | 759692 || 760526 | 761604 | 759345
Group3; 6974.072566; 2026-07-07 09:37:21.172336; 760972 | 760611 | 759590 || 760320 | 759884 | 759706 || 760674 | 761589 | 759233
Group3; 6980.936653; 2026-07-07 09:37:28.036423; 761027 | 760497 | 759572 || 760266 | 759948 | 759695 || 760473 | 761470 | 759220
Group3; 6987.800522; 2026-07-07 09:37:34.900292; 760853 | 760503 | 759603 || 760497 | 760008 | 759894 || 760645 | 761719 | 759354
Group3; 6994.664087; 2026-07-07 09:37:41.763857; 761051 | 760648 | 759666 || 760278 | 759930 | 759872 || 760677 | 761732 | 759481
Group3; 7001.528184; 2026-07-07 09:37:48.627954; 761133 | 760603 | 759660 || 760381 | 759896 | 759816 || 760625 | 761629 | 759647
Group3; 7008.391859; 2026-07-07 09:37:55.491629; 761140 | 760999 | 759953 || 760708 | 760110 | 759786 || 760780 | 761754 | 759496
Group3; 7015.254655; 2026-07-07 09:38:02.354425; 761248 | 760872 | 759863 || 760654 | 760355 | 760148 || 761022 | 762055 | 759763
Group3; 7022.103433; 2026-07-07 09:38:09.203203; 761468 | 760911 | 760002 || 760678 | 760316 | 760315 || 761046 | 762162 | 760017
Group3; 7028.967217; 2026-07-07 09:38:16.066987; 761579 | 761308 | 760264 || 760846 | 760317 | 760127 || 761040 | 762072 | 759819
Group3; 7035.831103; 2026-07-07 09:38:22.930873; 761553 | 761172 | 760164 || 760877 | 760514 | 760459 || 761275 | 762339 | 760274
Group3; 7042.694465; 2026-07-07 09:38:29.794235; 761845 | 761521 | 760421 || 761074 | 760566 | 760280 || 761256 | 762365 | 760123
Group3; 7049.558606; 2026-07-07 09:38:36.658376; 761843 | 761610 | 760576 || 761420 | 760935 | 760475 || 761450 | 762333 | 760023
Group3; 7056.422532; 2026-07-07 09:38:43.522302; 761810 | 761301 | 760427 || 761086 | 760776 | 760736 || 761514 | 762638 | 760407
Group3; 7063.28614; 2026-07-07 09:38:50.385910; 762037 | 761744 | 760512 || 761043 | 760641 | 760372 || 761293 | 762217 | 759931
Group3; 7070.149796; 2026-07-07 09:38:57.249566; 761733 | 761361 | 760336 || 761009 | 760556 | 760411 || 761243 | 762262 | 760077
Group3; 7076.997244; 2026-07-07 09:39:04.097014; 761715 | 761371 | 760375 || 761060 | 760583 | 760368 || 761223 | 762012 | 759800
Group3; 7083.861191; 2026-07-07 09:39:10.960961; 761387 | 760941 | 760011 || 760701 | 760272 | 760027 || 760931 | 761815 | 759576
Group3; 7090.724965; 2026-07-07 09:39:17.824735; 761326 | 760836 | 759866 || 760618 | 760160 | 759904 || 760802 | 761707 | 759509
Group3; 7097.589148; 2026-07-07 09:39:24.688918; 761154 | 760844 | 759979 || 760704 | 760194 | 759908 || 760797 | 761815 | 759511
Group3; 7104.452909; 2026-07-07 09:39:31.552679; 761187 | 760812 | 759998 || 760864 | 760360 | 760194 || 760954 | 761957 | 759752
Group3; 7111.316224; 2026-07-07 09:39:38.415994; 761432 | 761070 | 760290 || 761033 | 760640 | 760454 || 761216 | 762123 | 759661
Group3; 7118.179466; 2026-07-07 09:39:45.279236; 761474 | 760940 | 760055 || 760935 | 760479 | 760290 || 761202 | 762285 | 759932
Group3; 7125.044077; 2026-07-07 09:39:52.143847; 761625 | 761383 | 760270 || 761060 | 760665 | 760365 || 761253 | 762155 | 759864
Group3; 7131.885292; 2026-07-07 09:39:58.985062; 761567 | 761201 | 760257 || 761174 | 760688 | 760618 || 761419 | 762331 | 760092
Group3; 7138.737887; 2026-07-07 09:40:05.837657; 761631 | 761123 | 760140 || 760904 | 760525 | 760497 || 761300 | 762493 | 760246
Group3; 7145.594402; 2026-07-07 09:40:12.694172; 761817 | 761621 | 760559 || 761296 | 760682 | 760482 || 761295 | 762151 | 759925
Group3; 7152.453485; 2026-07-07 09:40:19.553255; 761559 | 761235 | 760274 || 760959 | 760604 | 760428 || 761283 | 762268 | 760021
Group3; 7159.314937; 2026-07-07 09:40:26.414707; 761717 | 761356 | 760447 || 761083 | 760777 | 760503 || 761435 | 762397 | 760184
Group3; 7166.176646; 2026-07-07 09:40:33.276416; 761797 | 761416 | 760433 || 761067 | 760712 | 760571 || 761379 | 762287 | 759866
Group3; 7173.038823; 2026-07-07 09:40:40.138593; 761645 | 761142 | 760173 || 760880 | 760603 | 760505 || 761269 | 762335 | 760092
Group3; 7179.901656; 2026-07-07 09:40:47.001426; 761632 | 761211 | 760173 || 760894 | 760566 | 760485 || 761338 | 762473 | 760127
Group3; 7186.749201; 2026-07-07 09:40:53.848971; 761782 | 761559 | 760557 || 761080 | 760543 | 760177 || 761093 | 761981 | 759808
Group3; 7193.612753; 2026-07-07 09:41:00.712523; 761543 | 761087 | 760134 || 760943 | 760487 | 760381 || 761245 | 762354 | 760024
Group3; 7200.476743; 2026-07-07 09:41:07.576513; 761744 | 761413 | 760377 || 761151 | 760715 | 760575 || 761364 | 762410 | 760236
Group3; 7207.340501; 2026-07-07 09:41:14.440271; 761816 | 761474 | 760558 || 761356 | 760907 | 760757 || 761590 | 762556 | 760348
Group3; 7214.203716; 2026-07-07 09:41:21.303486; 761730 | 761195 | 760383 || 760812 | 760550 | 760659 || 761306 | 762510 | 760205
Group3; 7221.067245; 2026-07-07 09:41:28.167015; 761827 | 761463 | 760543 || 761272 | 760881 | 760883 || 761609 | 762719 | 760509
Group3; 7227.931427; 2026-07-07 09:41:35.031197; 761956 | 761645 | 760528 || 760968 | 760678 | 760659 || 761415 | 762502 | 760212
Group3; 7234.795051; 2026-07-07 09:41:41.894821; 761848 | 761452 | 760430 || 760919 | 760526 | 760373 || 761214 | 762351 | 760198
Group3; 7241.642985; 2026-07-07 09:41:48.742755; 761787 | 761468 | 760346 || 761091 | 760490 | 760223 || 761164 | 762135 | 759866
Group3; 7248.506704; 2026-07-07 09:41:55.606474; 761627 | 761218 | 760404 || 761151 | 760614 | 760427 || 761195 | 762206 | 759979
Group3; 7255.370487; 2026-07-07 09:42:02.470257; 761412 | 760889 | 759926 || 760797 | 760311 | 760096 || 760993 | 762043 | 759808
Group1; SecondsElapsed; DateTimePC; N95_NTC1 | N95_NTC2 | N95_TestSB || N13_NTC1 | N13_NTC2 | N13_TestSB || N18_NTC1 | N18_NTC2 | N18_TestSB || N19_NTC1 | N19_NTC2 | N19_TestSB || N25_NTC1 | N25_NTC2 | N25_TestSB
Group1; 7255.448064; 2026-07-07 09:42:02.547834; New Node Array: 95 13 18 19 25
Group1; 7255.448468; 2026-07-07 09:42:02.548238; 
Group1; 7266.85587; 2026-07-07 09:42:13.955640; N95_NTC1 | N95_NTC2 | N95_TestSB || N13_NTC1 | N13_NTC2 | N13_TestSB || N18_NTC1 | N18_NTC2 | N18_TestSB || N19_NTC1 | N19_NTC2 | N19_TestSB || N25_NTC1 | N25_NTC2 | N25_TestSB
Group1; 7278.295229; 2026-07-07 09:42:25.394999; 759767 | 761112 | 761116 || 759908 | 759601 | 761503 || 761329 | 760267 | 760261 || 760781 | 759201 | 759468 || 759422 | 760765 | 761424
Group1; 7289.734399; 2026-07-07 09:42:36.834169; 760136 | 761342 | 761348 || 759992 | 759938 | 761822 || 761432 | 760622 | 760580 || 761097 | 759498 | 759722 || 759690 | 760944 | 761393
Group1; 7301.157743; 2026-07-07 09:42:48.257513; 760111 | 761300 | 761382 || 760261 | 760059 | 762052 || 761647 | 760741 | 760745 || 761318 | 759760 | 760057 || 759981 | 761322 | 761793
Group1; 7312.598489; 2026-07-07 09:42:59.698259; 760420 | 761734 | 761915 || 760671 | 760551 | 762574 || 761924 | 761027 | 761053 || 761637 | 759904 | 760183 || 760093 | 761315 | 761877
Group1; 7324.038089; 2026-07-07 09:43:11.137859; 760386 | 761689 | 761898 || 760761 | 760482 | 762481 || 762024 | 761127 | 761091 || 761601 | 759973 | 760204 || 760105 | 761330 | 761697
Group1; 7335.477727; 2026-07-07 09:43:22.577497; 760475 | 761676 | 761538 || 760487 | 760293 | 762267 || 761967 | 761063 | 760783 || 761438 | 759637 | 759733 || 759648 | 760773 | 761362
Group1; 7346.916826; 2026-07-07 09:43:34.016596; 759952 | 761375 | 761472 || 760188 | 759954 | 761799 || 761627 | 760834 | 760625 || 761034 | 759537 | 759713 || 759612 | 760692 | 761142
Group1; 7358.340475; 2026-07-07 09:43:45.440245; 759711 | 760799 | 760895 || 759814 | 759521 | 761701 || 761350 | 760536 | 760383 || 760921 | 759227 | 759289 || 759294 | 760429 | 760966
Group1; 7369.780648; 2026-07-07 09:43:56.880418; 759595 | 760882 | 761069 || 759997 | 759717 | 761915 || 761351 | 760500 | 760361 || 760945 | 759253 | 759575 || 759368 | 760639 | 761111
Group1; 7381.220165; 2026-07-07 09:44:08.319935; 759779 | 761061 | 761200 || 760100 | 760001 | 762165 || 761547 | 760666 | 760861 || 761361 | 759709 | 759691 || 759726 | 760918 | 761628
Group1; 7392.659833; 2026-07-07 09:44:19.759603; 760167 | 761745 | 762091 || 760795 | 760641 | 762724 || 761952 | 760976 | 761242 || 761612 | 759901 | 760100 || 760018 | 761245 | 761776
Group1; 7404.083359; 2026-07-07 09:44:31.183129; 760465 | 761806 | 762133 || 760959 | 760858 | 762852 || 762220 | 761218 | 761126 || 761701 | 759884 | 760173 || 760056 | 761352 | 762181
Group1; 7415.522727; 2026-07-07 09:44:42.622497; 760894 | 761989 | 762035 || 760909 | 760540 | 762540 || 762147 | 761264 | 761085 || 761725 | 760022 | 760163 || 760140 | 761371 | 761762
Group1; 7426.962656; 2026-07-07 09:44:54.062426; 760363 | 761564 | 761690 || 760599 | 760366 | 762215 || 762008 | 761014 | 760877 || 761466 | 759820 | 759825 || 759815 | 760882 | 761399
Group1; 7438.402027; 2026-07-07 09:45:05.501797; 760111 | 761379 | 761345 || 760251 | 760043 | 762043 || 761744 | 760901 | 760700 || 761204 | 759612 | 759778 || 759812 | 760859 | 761132
Group1; 7449.841845; 2026-07-07 09:45:16.941615; 759881 | 761043 | 761149 || 759901 | 759868 | 761899 || 761506 | 760669 | 760609 || 761155 | 759484 | 759576 || 759516 | 760716 | 761372
Group1; 7461.265659; 2026-07-07 09:45:28.365429; 759974 | 761314 | 761527 || 760331 | 760038 | 762192 || 761634 | 760751 | 760898 || 761295 | 759793 | 759817 || 759721 | 760783 | 761228
Group1; 7472.705116; 2026-07-07 09:45:39.804886; 759977 | 761465 | 761798 || 760213 | 760419 | 762571 || 761695 | 761020 | 761027 || 761548 | 759944 | 760066 || 759993 | 761192 | 761792
Group1; 7484.143931; 2026-07-07 09:45:51.243701; 760388 | 761742 | 761991 || 760739 | 760729 | 762810 || 762122 | 761128 | 761199 || 761653 | 759816 | 759967 || 759911 | 761173 | 761804
Group1; 7495.584418; 2026-07-07 09:46:02.684188; 760566 | 761920 | 762019 || 760944 | 760813 | 762588 || 762169 | 761311 | 761048 || 761692 | 759803 | 759952 || 759910 | 761136 | 761872
Group1; 7507.00828; 2026-07-07 09:46:14.108050; 760506 | 761748 | 761866 || 760696 | 760459 | 762295 || 762031 | 761147 | 760894 || 761543 | 759889 | 760085 || 760062 | 761279 | 761775
Group1; 7518.447766; 2026-07-07 09:46:25.547536; 760469 | 761762 | 761884 || 760811 | 760366 | 762227 || 762033 | 761068 | 760857 || 761585 | 759902 | 760169 || 760081 | 761409 | 761993
Group1; 7529.886873; 2026-07-07 09:46:36.986643; 760582 | 761875 | 762034 || 760558 | 760318 | 762228 || 761952 | 761152 | 760827 || 761458 | 759762 | 759951 || 759860 | 760958 | 761373
Group1; 7541.327121; 2026-07-07 09:46:48.426891; 760085 | 761359 | 761558 || 760385 | 760225 | 762215 || 761868 | 760986 | 760768 || 761365 | 759660 | 759691 || 759741 | 760788 | 761232
Group1; 7552.750503; 2026-07-07 09:46:59.850273; 759922 | 761205 | 761302 || 760124 | 759945 | 761964 || 761620 | 760733 | 760583 || 761162 | 759498 | 759831 || 759641 | 761007 | 761549
Group1; 7564.190311; 2026-07-07 09:47:11.290081; 760242 | 761490 | 761571 || 760409 | 760050 | 762167 || 761793 | 760872 | 760845 || 761516 | 759831 | 760036 || 759933 | 761199 | 761775
Group1; 7575.629595; 2026-07-07 09:47:22.729365; 760448 | 761706 | 761813 || 760504 | 760509 | 762601 || 761933 | 761056 | 761247 || 761745 | 760228 | 760548 || 760257 | 761339 | 761780
Group1; 7587.069479; 2026-07-07 09:47:34.169249; 760441 | 761806 | 762007 || 760730 | 760602 | 762555 || 762118 | 761276 | 761207 || 761725 | 760054 | 760059 || 760096 | 761164 | 761606
Group1; 7598.509081; 2026-07-07 09:47:45.608851; 760541 | 761823 | 761928 || 760667 | 760402 | 762368 || 762045 | 761169 | 760961 || 761574 | 759818 | 760069 || 759948 | 761279 | 761831
Group1; 7609.932297; 2026-07-07 09:47:57.032067; 760490 | 761738 | 761944 || 760376 | 760342 | 762215 || 761921 | 761085 | 761052 || 761468 | 759902 | 760214 || 760028 | 761083 | 761517
Group1; 7621.37202; 2026-07-07 09:48:08.471790; 760136 | 761252 | 761371 || 760231 | 760024 | 762075 || 761747 | 760835 | 760682 || 761235 | 759591 | 759942 || 759765 | 761079 | 761666
Group1; 7632.811683; 2026-07-07 09:48:19.911453; 760261 | 761555 | 761718 || 760342 | 760246 | 762149 || 761773 | 760919 | 760699 || 761335 | 759591 | 759601 || 759683 | 760780 | 761242
Group1; 7644.251553; 2026-07-07 09:48:31.351323; 759984 | 761343 | 761655 || 760466 | 760117 | 762233 || 761826 | 760819 | 760710 || 761264 | 759561 | 759825 || 759765 | 760986 | 761532
Group1; 7655.675279; 2026-07-07 09:48:42.775049; 760238 | 761508 | 761656 || 760575 | 760308 | 762272 || 761899 | 760922 | 760738 || 761401 | 759834 | 759995 || 759986 | 761160 | 761722
Group1; 7667.114415; 2026-07-07 09:48:54.214185; 760430 | 761905 | 762050 || 760815 | 760404 | 762262 || 761973 | 761000 | 760878 || 761540 | 759949 | 760082 || 760096 | 761526 | 762172
Group1; 7678.554209; 2026-07-07 09:49:05.653979; 760824 | 762158 | 762324 || 760981 | 760774 | 762562 || 762250 | 761378 | 760975 || 761736 | 759973 | 760158 || 760096 | 761331 | 761774
Group1; 7689.994195; 2026-07-07 09:49:17.093965; 760319 | 761552 | 761742 || 760522 | 760403 | 762382 || 762035 | 761163 | 761023 || 761636 | 759771 | 759946 || 759796 | 760983 | 761678
Group1; 7701.433757; 2026-07-07 09:49:28.533527; 760252 | 761623 | 761858 || 760582 | 760449 | 762324 || 761959 | 760987 | 760915 || 761489 | 759589 | 759706 || 759688 | 760799 | 761303
Group1; 7712.856616; 2026-07-07 09:49:39.956386; 760058 | 761358 | 761425 || 760348 | 760194 | 762231 || 761821 | 760870 | 760808 || 761320 | 759710 | 759862 || 759828 | 761079 | 761599
Group1; 7724.297013; 2026-07-07 09:49:51.396783; 760253 | 761436 | 761605 || 760323 | 760208 | 762134 || 761817 | 760970 | 760781 || 761457 | 759731 | 759818 || 759840 | 761105 | 761720
Group1; 7735.736338; 2026-07-07 09:50:02.836108; 760461 | 761763 | 761905 || 760707 | 760555 | 762426 || 761975 | 761033 | 760947 || 761582 | 759934 | 760223 || 760045 | 761327 | 761950
Group1; 7747.176264; 2026-07-07 09:50:14.276034; 760397 | 761757 | 762169 || 760769 | 760724 | 762692 || 762067 | 761179 | 761170 || 761624 | 759851 | 759968 || 760050 | 761449 | 762027
Group1; 7758.599954; 2026-07-07 09:50:25.699724; 760623 | 761835 | 761820 || 760580 | 760326 | 762342 || 761982 | 761077 | 760958 || 761515 | 759820 | 760062 || 759864 | 761012 | 761624
Group1; 7770.039269; 2026-07-07 09:50:37.139039; 760185 | 761515 | 761638 || 760412 | 760163 | 762015 || 761802 | 760961 | 760860 || 761359 | 759704 | 760031 || 759813 | 761040 | 761367
Group1; 7781.478872; 2026-07-07 09:50:48.578642; 760147 | 761414 | 761623 || 760340 | 760420 | 762566 || 761839 | 761020 | 760973 || 761523 | 759788 | 759904 || 759869 | 761046 | 761897
Group1; 7792.918078; 2026-07-07 09:51:00.017848; 760373 | 761792 | 761934 || 760653 | 760516 | 762698 || 762020 | 761179 | 761065 || 761685 | 759955 | 760032 || 760036 | 761176 | 761683
Group1; 7804.342402; 2026-07-07 09:51:11.442172; 760353 | 761704 | 761863 || 760804 | 760688 | 762409 || 762129 | 761201 | 760979 || 761599 | 759855 | 759993 || 760007 | 761296 | 761821
Group1; 7815.782162; 2026-07-07 09:51:22.881932; 760486 | 761729 | 761843 || 760325 | 760359 | 762324 || 761970 | 761124 | 760990 || 761456 | 759896 | 760046 || 759857 | 761044 | 761648
Group1; 7827.221768; 2026-07-07 09:51:34.321538; 760272 | 761519 | 761543 || 760326 | 760102 | 762091 || 761802 | 760958 | 760778 || 761296 | 759641 | 759672 || 759653 | 760838 | 761320
Group1; 7838.661018; 2026-07-07 09:51:45.760788; 759994 | 761218 | 761422 || 760166 | 760300 | 762241 || 761712 | 760894 | 760800 || 761315 | 759552 | 759715 || 759650 | 760930 | 761478
Group1; 7850.100632; 2026-07-07 09:51:57.200402; 760077 | 761380 | 761524 || 760259 | 760321 | 762405 || 761756 | 760908 | 761002 || 761521 | 759846 | 759772 || 759802 | 760915 | 761642
Group1; 7861.524465; 2026-07-07 09:52:08.624235; 760252 | 761808 | 762141 || 760951 | 760747 | 762471 || 762073 | 761083 | 760956 || 761707 | 760062 | 760209 || 760211 | 761489 | 762074
Group1; 7872.96418; 2026-07-07 09:52:20.063950; 760718 | 762082 | 762468 || 761048 | 760852 | 762679 || 762324 | 761381 | 761316 || 761883 | 760038 | 760230 || 760199 | 761592 | 762242
Group1; 7884.403944; 2026-07-07 09:52:31.503714; 760983 | 762133 | 762163 || 760872 | 760748 | 762801 || 762282 | 761461 | 761302 || 761853 | 760180 | 760405 || 760292 | 761465 | 761968
Group1; 7895.843484; 2026-07-07 09:52:42.943254; 760656 | 762044 | 762040 || 760864 | 760536 | 762549 || 762272 | 761409 | 761121 || 761737 | 760020 | 760163 || 760153 | 761261 | 761831
Group1; 7907.266668; 2026-07-07 09:52:54.366438; 760574 | 761930 | 762097 || 760749 | 760340 | 762239 || 762104 | 761074 | 760811 || 761462 | 759697 | 759968 || 759865 | 761137 | 761678
Group1; 7918.705806; 2026-07-07 09:53:05.805576; 760258 | 761607 | 761740 || 760524 | 760273 | 762316 || 761935 | 761049 | 760975 || 761486 | 759925 | 760029 || 759976 | 761187 | 761752
Group1; 7930.145841; 2026-07-07 09:53:17.245611; 760365 | 761741 | 761943 || 760496 | 760485 | 762412 || 762016 | 761059 | 761009 || 761577 | 759940 | 760195 || 760067 | 761159 | 761700
Group1; 7941.585525; 2026-07-07 09:53:28.685295; 760271 | 761584 | 761775 || 760467 | 760467 | 762625 || 761998 | 761084 | 761251 || 761682 | 759965 | 760015 || 759986 | 761312 | 761853
Group1; 7953.025554; 2026-07-07 09:53:40.125324; 760547 | 761769 | 761941 || 760718 | 760600 | 762569 || 762131 | 761228 | 761065 || 761652 | 759946 | 760108 || 760006 | 761240 | 761884
Group2; SecondsElapsed; DateTimePC; N26_NTC1 | N26_NTC2 | N26_TestSB || N28_NTC1 | N28_NTC2 | N28_TestSB || N35_NTC1 | N35_NTC2 | N35_TestSB || N62_NTC1 | N62_NTC2 | N62_TestSB || N85_NTC1 | N85_NTC2 | N85_TestSB
Group2; 7953.103069; 2026-07-07 09:53:40.202839; New Node Array: 26 28 35 62 85
Group2; 7953.103487; 2026-07-07 09:53:40.203257; 
Group2; 7964.511466; 2026-07-07 09:53:51.611236; N26_NTC1 | N26_NTC2 | N26_TestSB || N28_NTC1 | N28_NTC2 | N28_TestSB || N35_NTC1 | N35_NTC2 | N35_TestSB || N62_NTC1 | N62_NTC2 | N62_TestSB || N85_NTC1 | N85_NTC2 | N85_TestSB
Group2; 7975.950856; 2026-07-07 09:54:03.050626; 760355 | 761024 | 761344 || 759529 | 16777216 | 761456 || 763361 | 760509 | 759246 || 760286 | 762566 | 761281 || 761840 | 759890 | 760445
Group2; 7987.389921; 2026-07-07 09:54:14.489691; 760422 | 761224 | 761638 || 759547 | 16777216 | 761267 || 763202 | 760239 | 758780 || 760004 | 762296 | 761116 || 761713 | 759803 | 760262
Group2; 7998.813629; 2026-07-07 09:54:25.913399; 760335 | 761138 | 761487 || 759469 | 16777216 | 761280 || 763133 | 760361 | 758978 || 760229 | 762478 | 761271 || 761742 | 759754 | 760302
Group2; 8010.253807; 2026-07-07 09:54:37.353577; 760358 | 761148 | 761506 || 759504 | 16777216 | 761334 || 763253 | 760236 | 758811 || 760027 | 762353 | 761263 || 761838 | 759846 | 760298
Group2; 8021.69308; 2026-07-07 09:54:48.792850; 760554 | 761340 | 761779 || 759556 | 16777216 | 761257 || 763163 | 760275 | 759045 || 760195 | 762609 | 761505 || 761926 | 760037 | 760498
Group2; 8033.133155; 2026-07-07 09:55:00.232925; 760785 | 761432 | 761746 || 759667 | 16777216 | 761487 || 763260 | 760419 | 759080 || 760215 | 762682 | 761500 || 762024 | 760090 | 760530
Group2; 8044.572004; 2026-07-07 09:55:11.671774; 760665 | 761291 | 761671 || 759553 | 16777216 | 761602 || 763418 | 760569 | 759225 || 760317 | 762649 | 761442 || 761939 | 759935 | 760523
Group2; 8055.996302; 2026-07-07 09:55:23.096072; 760700 | 761450 | 761841 || 759523 | 16777216 | 761264 || 763056 | 760181 | 759002 || 760121 | 762623 | 761459 || 761896 | 759866 | 760488
Group2; 8067.435589; 2026-07-07 09:55:34.535359; 760420 | 761132 | 761529 || 759554 | 16777216 | 761415 || 763193 | 760239 | 758754 || 759999 | 762390 | 761133 || 761768 | 759811 | 760259
Group2; 8078.875598; 2026-07-07 09:55:45.975368; 760528 | 761239 | 761413 || 759045 | 16777216 | 761024 || 762891 | 760051 | 758772 || 759903 | 762351 | 761198 || 761705 | 759721 | 760193
Group2; 8090.315128; 2026-07-07 09:55:57.414898; 760340 | 761078 | 761444 || 759392 | 16777216 | 761230 || 763070 | 760100 | 758738 || 760018 | 762488 | 761253 || 761794 | 759774 | 760234
Group2; 8101.75361; 2026-07-07 09:56:08.853380; 760427 | 761048 | 761391 || 759433 | 16777216 | 761286 || 763216 | 760310 | 759008 || 760199 | 762592 | 761368 || 761858 | 759878 | 760334
Group2; 8113.178371; 2026-07-07 09:56:20.278141; 760520 | 761263 | 761678 || 759686 | 16777216 | 761505 || 763309 | 760422 | 759044 || 760202 | 762536 | 761402 || 761874 | 759882 | 760407
Group2; 8124.618017; 2026-07-07 09:56:31.717787; 760708 | 761496 | 761841 || 759740 | 16777216 | 761768 || 763491 | 760603 | 759203 || 760279 | 762589 | 761459 || 761992 | 759996 | 760532
Group2; 8136.057322; 2026-07-07 09:56:43.157092; 760794 | 761451 | 761720 || 759553 | 16777216 | 761372 || 763244 | 760481 | 759190 || 760293 | 762753 | 761637 || 762017 | 760041 | 760629
Group2; 8147.497339; 2026-07-07 09:56:54.597109; 760693 | 761349 | 761669 || 759481 | 16777216 | 761268 || 763261 | 760283 | 758997 || 760235 | 762734 | 761542 || 762113 | 760147 | 760479
Group2; 8158.936815; 2026-07-07 09:57:06.036585; 760754 | 761369 | 761627 || 759419 | 16777216 | 761326 || 763161 | 760260 | 759063 || 760193 | 762585 | 761443 || 761911 | 759913 | 760438
Group2; 8170.360279; 2026-07-07 09:57:17.460049; 760546 | 761198 | 761514 || 759253 | 16777216 | 761062 || 763074 | 760116 | 758936 || 760147 | 762449 | 761179 || 761714 | 759653 | 760261
Group2; 8181.800147; 2026-07-07 09:57:28.899917; 760337 | 761079 | 761445 || 759391 | 16777216 | 761441 || 763370 | 760447 | 759009 || 760200 | 762436 | 761282 || 761795 | 759830 | 760362
Group2; 8193.23979; 2026-07-07 09:57:40.339560; 760488 | 761238 | 761545 || 759499 | 16777216 | 761590 || 763417 | 760534 | 759021 || 760212 | 762355 | 761186 || 761793 | 759898 | 760310
Group2; 8204.679254; 2026-07-07 09:57:51.779024; 760770 | 761539 | 761965 || 759876 | 16777216 | 761560 || 763489 | 760505 | 759151 || 760294 | 762599 | 761451 || 761959 | 759990 | 760543
Group2; 8216.103081; 2026-07-07 09:58:03.202851; 760716 | 761560 | 761812 || 759681 | 16777216 | 761793 || 763476 | 760644 | 759297 || 760472 | 762739 | 761623 || 762095 | 760196 | 760665
Group2; 8227.541662; 2026-07-07 09:58:14.641432; 761137 | 761946 | 762078 || 759847 | 16777216 | 761652 || 763404 | 760529 | 759177 || 760337 | 762770 | 761680 || 762206 | 760145 | 760694
Group2; 8238.98199; 2026-07-07 09:58:26.081760; 760946 | 761620 | 761825 || 759608 | 16777216 | 761435 || 763373 | 760462 | 759173 || 760336 | 762835 | 761584 || 762093 | 760133 | 760590
Group2; 8250.421877; 2026-07-07 09:58:37.521647; 760734 | 761466 | 761640 || 759601 | 16777216 | 761264 || 763249 | 760353 | 758922 || 760256 | 762670 | 761440 || 762011 | 760053 | 760429
Group2; 8261.861445; 2026-07-07 09:58:48.961215; 760735 | 761372 | 761722 || 759463 | 16777216 | 761292 || 763248 | 760313 | 758996 || 760200 | 762537 | 761338 || 761905 | 759881 | 760400
Group2; 8273.28521; 2026-07-07 09:59:00.384980; 760491 | 761106 | 761609 || 759509 | 16777216 | 761099 || 763097 | 760182 | 758812 || 760027 | 762476 | 761198 || 761771 | 759742 | 760234
Group2; 8284.724426; 2026-07-07 09:59:11.824196; 760433 | 761217 | 761660 || 759478 | 16777216 | 761469 || 763311 | 760318 | 758852 || 759961 | 762278 | 761144 || 761774 | 759783 | 760265
Group2; 8296.16393; 2026-07-07 09:59:23.263700; 760600 | 761406 | 761649 || 759479 | 16777216 | 761349 || 763180 | 760341 | 759090 || 760336 | 762843 | 761668 || 762036 | 760200 | 760526
Group2; 8307.603705; 2026-07-07 09:59:34.703475; 760987 | 761704 | 762085 || 759776 | 16777216 | 761632 || 763429 | 760501 | 759122 || 760347 | 762769 | 761823 || 762199 | 760332 | 760677
Group2; 8319.027255; 2026-07-07 09:59:46.127025; 761086 | 761884 | 762179 || 759956 | 16777216 | 761803 || 763663 | 760761 | 759445 || 760569 | 763053 | 762016 || 762425 | 760540 | 760906
Group2; 8330.467182; 2026-07-07 09:59:57.566952; 761276 | 761993 | 762194 || 759843 | 16777216 | 761720 || 763649 | 760702 | 759528 || 760708 | 763100 | 761926 || 762434 | 760415 | 760971
Group2; 8341.906178; 2026-07-07 10:00:09.005948; 761083 | 761787 | 762126 || 759933 | 16777216 | 761686 || 763583 | 760648 | 759265 || 760526 | 762947 | 761864 || 762393 | 760424 | 760822
Group2; 8353.345634; 2026-07-07 10:00:20.445404; 761197 | 761801 | 761875 || 759710 | 16777216 | 761493 || 763597 | 760614 | 759360 || 760711 | 763044 | 761765 || 762404 | 760337 | 760811
Group2; 8364.786223; 2026-07-07 10:00:31.885993; 761007 | 761710 | 761944 || 759687 | 16777216 | 761540 || 763531 | 760651 | 759376 || 760575 | 762976 | 761745 || 762278 | 760225 | 760783
Group2; 8376.225305; 2026-07-07 10:00:43.325075; 760869 | 761622 | 762024 || 759905 | 16777216 | 761806 || 763471 | 760646 | 759280 || 760276 | 762674 | 761659 || 762106 | 760212 | 760714
Group2; 8387.649498; 2026-07-07 10:00:54.749268; 760894 | 761424 | 761722 || 759593 | 16777216 | 761687 || 763393 | 760606 | 759378 || 760456 | 762828 | 761627 || 762144 | 760209 | 760690
Group2; 8399.089154; 2026-07-07 10:01:06.188924; 760957 | 761674 | 761992 || 759808 | 16777216 | 761306 || 763376 | 760466 | 759116 || 760494 | 762906 | 761659 || 762171 | 760196 | 760627
Group2; 8410.528276; 2026-07-07 10:01:17.628046; 760876 | 761634 | 761895 || 759611 | 16777216 | 761637 || 763338 | 760616 | 759319 || 760566 | 762973 | 761696 || 762292 | 760292 | 760719
Group2; 8421.968372; 2026-07-07 10:01:29.068142; 760857 | 761505 | 761857 || 759777 | 16777216 | 761697 || 763486 | 760512 | 759305 || 760329 | 762702 | 761732 || 762154 | 760197 | 760702
Group2; 8433.391965; 2026-07-07 10:01:40.491735; 760982 | 761831 | 762164 || 759924 | 16777216 | 761784 || 763559 | 760548 | 759163 || 760368 | 762842 | 761645 || 762167 | 760256 | 760658
Group2; 8444.831247; 2026-07-07 10:01:51.931017; 760920 | 761739 | 762008 || 759748 | 16777216 | 761598 || 763509 | 760533 | 759278 || 760473 | 762952 | 761813 || 762244 | 760353 | 760763
Group2; 8456.271219; 2026-07-07 10:02:03.370989; 761103 | 761702 | 761850 || 759821 | 16777216 | 761611 || 763587 | 760636 | 759095 || 760388 | 762788 | 761605 || 762160 | 760133 | 760617
Group2; 8467.710872; 2026-07-07 10:02:14.810642; 760949 | 761700 | 761864 || 759687 | 16777216 | 761588 || 763420 | 760587 | 759302 || 760509 | 762830 | 761599 || 762060 | 760018 | 760662
Group2; 8479.150283; 2026-07-07 10:02:26.250053; 760715 | 761611 | 761985 || 759788 | 16777216 | 761619 || 763423 | 760490 | 759208 || 760402 | 762892 | 761739 || 762213 | 760305 | 760745
Group2; 8490.573672; 2026-07-07 10:02:37.673442; 760937 | 761516 | 761833 || 759556 | 16777216 | 761445 || 763463 | 760554 | 759331 || 760517 | 763006 | 761868 || 762279 | 760344 | 760719
Group2; 8502.013813; 2026-07-07 10:02:49.113583; 760934 | 761548 | 761840 || 759669 | 16777216 | 761514 || 763335 | 760432 | 759144 || 760370 | 762826 | 761672 || 762152 | 760164 | 760639
Group2; 8513.453765; 2026-07-07 10:03:00.553535; 760966 | 761715 | 761905 || 759513 | 16777216 | 761489 || 763211 | 760439 | 759176 || 760301 | 762782 | 761729 || 762127 | 760240 | 760641
Group2; 8524.892916; 2026-07-07 10:03:11.992686; 761014 | 761618 | 761732 || 759585 | 16777216 | 761522 || 763270 | 760447 | 759202 || 760296 | 762690 | 761476 || 761980 | 760023 | 760548
Group2; 8536.33252; 2026-07-07 10:03:23.432290; 760749 | 761620 | 761888 || 759618 | 16777216 | 761488 || 763321 | 760442 | 759281 || 760435 | 763034 | 761914 || 762215 | 760367 | 760759
Group2; 8547.756248; 2026-07-07 10:03:34.856018; 761007 | 761541 | 761905 || 759633 | 16777216 | 761575 || 763358 | 760489 | 759275 || 760534 | 762967 | 761785 || 762260 | 760255 | 760742
Group2; 8559.195715; 2026-07-07 10:03:46.295485; 760919 | 761617 | 761976 || 759815 | 16777216 | 761896 || 763724 | 760818 | 759551 || 760687 | 763180 | 762087 || 762404 | 760525 | 760915
Group2; 8570.635429; 2026-07-07 10:03:57.735199; 761285 | 761820 | 762057 || 759721 | 16777216 | 761696 || 763607 | 760753 | 759551 || 760851 | 763157 | 761967 || 762440 | 760484 | 760913
Group2; 8582.059271; 2026-07-07 10:04:09.159041; 761209 | 761835 | 762150 || 759882 | 16777216 | 761828 || 763754 | 760929 | 759614 || 760858 | 763190 | 761915 || 762458 | 760416 | 760949
Group2; 8593.489076; 2026-07-07 10:04:20.588846; 761091 | 761794 | 762108 || 760022 | 16777216 | 761933 || 763870 | 761060 | 759626 || 760908 | 763194 | 762022 || 762462 | 760471 | 760981
Group2; 8604.907964; 2026-07-07 10:04:32.007734; 761055 | 761750 | 762090 || 759973 | 16777216 | 762032 || 763837 | 760992 | 759670 || 760890 | 763257 | 762080 || 762550 | 760628 | 761063
Group2; 8616.345238; 2026-07-07 10:04:43.445008; 761296 | 761993 | 762265 || 760084 | 16777216 | 761920 || 763898 | 760990 | 759552 || 760745 | 762992 | 761742 || 762324 | 760263 | 760927
Group2; 8627.78373; 2026-07-07 10:04:54.883500; 761008 | 761847 | 762324 || 760198 | 16777216 | 761990 || 763869 | 760824 | 759516 || 760651 | 762916 | 761687 || 762258 | 760349 | 760934
Group2; 8639.222816; 2026-07-07 10:05:06.322586; 761120 | 761957 | 762169 || 760023 | 16777216 | 761698 || 763559 | 760712 | 759398 || 760553 | 762848 | 761719 || 762293 | 760319 | 760819
Group2; 8650.661781; 2026-07-07 10:05:17.761551; 761034 | 761812 | 762085 || 759937 | 16777216 | 761768 || 763614 | 760738 | 759567 || 760694 | 763185 | 762008 || 762437 | 760443 | 760920
Group3; SecondsElapsed; DateTimePC; N86_NTC1 | N86_NTC2 | N86_TestSB || N87_NTC1 | N87_NTC2 | N87_TestSB || N98_NTC1 | N98_NTC2 | N98_TestSB
Group3; 8650.719816; 2026-07-07 10:05:17.819586; New Node Array: 86 87 98
Group3; 8650.720138; 2026-07-07 10:05:17.819908; 
Group3; 8657.567917; 2026-07-07 10:05:24.667687; N86_NTC1 | N86_NTC2 | N86_TestSB || N87_NTC1 | N87_NTC2 | N87_TestSB || N98_NTC1 | N98_NTC2 | N98_TestSB
Group3; 8664.43111; 2026-07-07 10:05:31.530880; 762529 | 762308 | 761373 || 762041 | 761607 | 761360 || 762009 | 762886 | 760572
Group3; 8671.27926; 2026-07-07 10:05:38.379030; 762496 | 762085 | 761131 || 761879 | 761593 | 761659 || 762263 | 763388 | 761177
Group3; 8678.142652; 2026-07-07 10:05:45.242422; 762750 | 762387 | 761336 || 761721 | 761417 | 761195 || 762046 | 763196 | 760918
Group3; 8685.006411; 2026-07-07 10:05:52.106181; 762586 | 762295 | 761251 || 761833 | 761465 | 761529 || 762180 | 763306 | 761057
Group3; 8691.870119; 2026-07-07 10:05:58.969889; 762566 | 762111 | 761234 || 761739 | 761410 | 761214 || 761987 | 763016 | 760958
Group3; 8698.734002; 2026-07-07 10:06:05.833772; 762572 | 762278 | 761257 || 762053 | 761565 | 761418 || 762219 | 763250 | 761037
Group3; 8705.598431; 2026-07-07 10:06:12.698201; 762628 | 762274 | 761326 || 762009 | 761591 | 761411 || 762236 | 763210 | 760924
Group3; 8712.46168; 2026-07-07 10:06:19.561450; 762615 | 762060 | 761054 || 761818 | 761449 | 761420 || 762134 | 763149 | 760934
Group3; 8719.325458; 2026-07-07 10:06:26.425228; 762538 | 762126 | 761153 || 762022 | 761577 | 761310 || 762166 | 763195 | 761048
Group3; 8726.189105; 2026-07-07 10:06:33.288875; 762601 | 762273 | 761283 || 762067 | 761677 | 761563 || 762248 | 763276 | 760920
Group3; 8733.037119; 2026-07-07 10:06:40.136889; 762648 | 762220 | 761261 || 761996 | 761637 | 761509 || 762277 | 763332 | 760884
Group3; 8739.900843; 2026-07-07 10:06:47.000613; 762596 | 762083 | 761096 || 761800 | 761525 | 761331 || 762284 | 763389 | 761235
Group3; 8746.764253; 2026-07-07 10:06:53.864023; 762854 | 762467 | 761489 || 762106 | 761730 | 761332 || 762304 | 763153 | 760934
Group3; 8753.627983; 2026-07-07 10:07:00.727753; 762577 | 762266 | 761365 || 762120 | 761701 | 761576 || 762410 | 763364 | 761065
Group3; 8760.491926; 2026-07-07 10:07:07.591696; 762696 | 762216 | 761307 || 761794 | 761583 | 761523 || 762253 | 763194 | 760874
Group3; 8767.355891; 2026-07-07 10:07:14.455661; 762625 | 762154 | 761182 || 761996 | 761485 | 761246 || 762014 | 763010 | 760920
Group3; 8774.218736; 2026-07-07 10:07:21.318506; 762472 | 762211 | 761387 || 761922 | 761551 | 761385 || 762098 | 763147 | 760912
Group3; 8781.067325; 2026-07-07 10:07:28.167095; 762579 | 762151 | 761081 || 761792 | 761472 | 761248 || 762139 | 763109 | 760960
Group3; 8787.931142; 2026-07-07 10:07:35.030912; 762726 | 762414 | 761325 || 761882 | 761451 | 761096 || 761972 | 762963 | 760690
Group3; 8794.794642; 2026-07-07 10:07:41.894412; 762400 | 762053 | 761106 || 761932 | 761482 | 761322 || 762116 | 762986 | 760607
Group3; 8801.658618; 2026-07-07 10:07:48.758388; 762383 | 761736 | 760903 || 761819 | 761350 | 761257 || 762140 | 763282 | 761098
Group3; 8808.522131; 2026-07-07 10:07:55.621901; 762633 | 762296 | 761086 || 761541 | 761167 | 761039 || 761852 | 762922 | 760860
Group3; 8815.385856; 2026-07-07 10:08:02.485626; 762441 | 762214 | 761220 || 762092 | 761587 | 761290 || 762230 | 763166 | 760905
Group3; 8822.249939; 2026-07-07 10:08:09.349709; 762495 | 762142 | 761155 || 761878 | 761431 | 761428 || 762241 | 763293 | 761099
Group3; 8829.112767; 2026-07-07 10:08:16.212537; 762613 | 762271 | 761287 || 761808 | 761305 | 761154 || 761963 | 762912 | 760686
Group3; 8835.961534; 2026-07-07 10:08:23.061304; 762443 | 762098 | 761263 || 761954 | 761442 | 761342 || 762064 | 763089 | 760929
Group3; 8842.825082; 2026-07-07 10:08:29.924852; 762532 | 762181 | 761274 || 761940 | 761506 | 761466 || 762214 | 763280 | 760821
Group3; 8849.688973; 2026-07-07 10:08:36.788743; 762486 | 762030 | 761004 || 761915 | 761449 | 761219 || 762120 | 763066 | 760737
Group3; 8856.552701; 2026-07-07 10:08:43.652471; 762526 | 762172 | 761379 || 761942 | 761576 | 761415 || 762201 | 763164 | 760865
Group3; 8863.416573; 2026-07-07 10:08:50.516343; 762455 | 762173 | 761231 || 761916 | 761474 | 761297 || 762146 | 763074 | 760955
Group3; 8870.280254; 2026-07-07 10:08:57.380024; 762594 | 762286 | 761397 || 762128 | 761803 | 761566 || 762356 | 763350 | 761073
Group3; 8877.143573; 2026-07-07 10:09:04.243343; 762563 | 762213 | 761243 || 761980 | 761648 | 761465 || 762297 | 763301 | 760977
Group3; 8884.00724; 2026-07-07 10:09:11.107010; 762654 | 762293 | 761277 || 761995 | 761398 | 761160 || 762145 | 762973 | 760813
Group3; 8890.870998; 2026-07-07 10:09:17.970768; 762572 | 762279 | 761379 || 762244 | 761785 | 761663 || 762426 | 763451 | 761082
Group3; 8897.719366; 2026-07-07 10:09:24.819136; 762697 | 762370 | 761417 || 762046 | 761719 | 761569 || 762358 | 763353 | 761065
Group3; 8904.583032; 2026-07-07 10:09:31.682802; 762731 | 762193 | 761174 || 761957 | 761596 | 761411 || 762293 | 763147 | 760893
Group3; 8911.446562; 2026-07-07 10:09:38.546332; 762617 | 762270 | 761329 || 762159 | 761752 | 761575 || 762313 | 763361 | 761211
Group3; 8918.31067; 2026-07-07 10:09:45.410440; 762825 | 762558 | 761577 || 762342 | 761950 | 761758 || 762524 | 763482 | 761186
Group3; 8925.173909; 2026-07-07 10:09:52.273679; 762875 | 762335 | 761405 || 761992 | 761652 | 761718 || 762526 | 763639 | 761440
Group3; 8932.037649; 2026-07-07 10:09:59.137419; 763050 | 762772 | 761758 || 762430 | 762022 | 761594 || 762601 | 763405 | 761131
Group3; 8938.901477; 2026-07-07 10:10:06.001247; 762894 | 762445 | 761516 || 762334 | 762012 | 761916 || 762729 | 763793 | 761368
Group3; 8945.764515; 2026-07-07 10:10:12.864285; 762856 | 762326 | 761393 || 761875 | 761580 | 761617 || 762263 | 763510 | 761520
Group3; 8952.613153; 2026-07-07 10:10:19.712923; 762875 | 762603 | 761581 || 762121 | 761569 | 761365 || 762246 | 763177 | 760929
Group3; 8959.476992; 2026-07-07 10:10:26.576762; 762580 | 762156 | 761232 || 761889 | 761509 | 761414 || 762230 | 763336 | 761184
Group3; 8966.34105; 2026-07-07 10:10:33.440820; 762658 | 762382 | 761221 || 761887 | 761501 | 761282 || 762171 | 763062 | 760878
Group3; 8973.204694; 2026-07-07 10:10:40.304464; 762491 | 762189 | 761317 || 761937 | 761495 | 760955 || 762018 | 762806 | 760466
Group3; 8980.068132; 2026-07-07 10:10:47.167902; 762295 | 761869 | 760980 || 761594 | 761383 | 761367 || 762042 | 763116 | 760722
Group3; 8986.931261; 2026-07-07 10:10:54.031031; 762312 | 761787 | 760923 || 761509 | 761419 | 761227 || 762087 | 763117 | 760755
Group3; 8993.796068; 2026-07-07 10:11:00.895838; 762359 | 761973 | 760943 || 761552 | 761189 | 760844 || 761813 | 762929 | 760714
Group3; 9000.659587; 2026-07-07 10:11:07.759357; 762339 | 762107 | 761036 || 761647 | 761194 | 760952 || 761852 | 762890 | 760626
Group3; 9007.507363; 2026-07-07 10:11:14.607133; 762325 | 761983 | 760910 || 761807 | 761242 | 760990 || 761926 | 762840 | 760622
Group3; 9014.371077; 2026-07-07 10:11:21.470847; 762351 | 762080 | 760954 || 761612 | 761096 | 760858 || 761813 | 762827 | 760526
Group3; 9021.234788; 2026-07-07 10:11:28.334558; 762276 | 761993 | 760969 || 761790 | 761313 | 760965 || 761915 | 762815 | 760512
Group3; 9028.098864; 2026-07-07 10:11:35.198634; 762221 | 761785 | 760878 || 761494 | 761288 | 761284 || 762055 | 763103 | 760811
Group3; 9034.962623; 2026-07-07 10:11:42.062393; 762304 | 761877 | 760946 || 761572 | 761228 | 760978 || 761801 | 762812 | 760641
Group3; 9041.826229; 2026-07-07 10:11:48.925999; 762325 | 762103 | 761170 || 761943 | 761404 | 761270 || 761997 | 763068 | 760770
Group3; 9048.689708; 2026-07-07 10:11:55.789478; 762378 | 761960 | 760946 || 761519 | 761083 | 760952 || 761843 | 762880 | 760659
Group3; 9055.553719; 2026-07-07 10:12:02.653489; 762293 | 761849 | 760894 || 761463 | 761050 | 760955 || 761763 | 762865 | 760723
Group3; 9062.401132; 2026-07-07 10:12:09.500902; 762394 | 762002 | 760995 || 761869 | 761331 | 761071 || 762020 | 762888 | 760606
Group3; 9069.265065; 2026-07-07 10:12:16.364835; 762284 | 761916 | 760927 || 761544 | 761137 | 760883 || 761780 | 762732 | 760341
Group1; SecondsElapsed; DateTimePC; N95_NTC1 | N95_NTC2 | N95_TestSB || N13_NTC1 | N13_NTC2 | N13_TestSB || N18_NTC1 | N18_NTC2 | N18_TestSB || N19_NTC1 | N19_NTC2 | N19_TestSB || N25_NTC1 | N25_NTC2 | N25_TestSB
Group1; 9069.34237; 2026-07-07 10:12:16.442140; New Node Array: 95 13 18 19 25
Group1; 9069.342734; 2026-07-07 10:12:16.442504; 
Group1; 9080.750102; 2026-07-07 10:12:27.849872; N95_NTC1 | N95_NTC2 | N95_TestSB || N13_NTC1 | N13_NTC2 | N13_TestSB || N18_NTC1 | N18_NTC2 | N18_TestSB || N19_NTC1 | N19_NTC2 | N19_TestSB || N25_NTC1 | N25_NTC2 | N25_TestSB
Group1; 9092.189477; 2026-07-07 10:12:39.289247; 760681 | 761969 | 762104 || 760793 | 760538 | 762627 || 762185 | 761348 | 761272 || 761780 | 760029 | 760382 || 760308 | 761695 | 762202
Group1; 9103.628991; 2026-07-07 10:12:50.728761; 760835 | 762045 | 762159 || 760849 | 760781 | 762879 || 762317 | 761516 | 761493 || 762021 | 760227 | 760331 || 760345 | 761532 | 762056
Group1; 9115.052887; 2026-07-07 10:13:02.152657; 760749 | 761904 | 762016 || 760828 | 760663 | 762634 || 762319 | 761397 | 761291 || 761774 | 760194 | 760416 || 760366 | 761673 | 762143
Group1; 9126.492177; 2026-07-07 10:13:13.591947; 760804 | 761961 | 761998 || 760728 | 760500 | 762422 || 762264 | 761299 | 761065 || 761793 | 760352 | 760457 || 760495 | 761604 | 761996
Group1; 9137.932074; 2026-07-07 10:13:25.031844; 760727 | 761856 | 761954 || 760635 | 760454 | 762487 || 762167 | 761368 | 761284 || 761807 | 760258 | 760241 || 760261 | 761400 | 761820
Group1; 9149.371714; 2026-07-07 10:13:36.471484; 760567 | 761946 | 761968 || 760731 | 760588 | 762486 || 762160 | 761343 | 761168 || 761750 | 760069 | 760125 || 760118 | 761364 | 761988
Group1; 9160.810669; 2026-07-07 10:13:47.910439; 760501 | 761706 | 761873 || 760553 | 760441 | 762488 || 762110 | 761255 | 761103 || 761669 | 760037 | 760326 || 760092 | 761278 | 761801
Group1; 9172.234506; 2026-07-07 10:13:59.334276; 760496 | 761792 | 761990 || 760703 | 760457 | 762293 || 762162 | 761136 | 760973 || 761628 | 759915 | 760163 || 760140 | 761227 | 761705
Group1; 9183.674096; 2026-07-07 10:14:10.773866; 760392 | 761639 | 761952 || 760639 | 760629 | 762724 || 762124 | 761178 | 761010 || 761776 | 759919 | 759884 || 759924 | 761097 | 761982
Group1; 9195.114085; 2026-07-07 10:14:22.213855; 760582 | 761964 | 762072 || 760774 | 760558 | 762550 || 762144 | 761225 | 761171 || 761662 | 759832 | 759929 || 759906 | 761037 | 761569
Group1; 9206.553376; 2026-07-07 10:14:33.653146; 760309 | 761815 | 762052 || 760804 | 760725 | 762688 || 762173 | 761242 | 761271 || 761772 | 759978 | 760201 || 760032 | 761323 | 761953
Group1; 9217.977314; 2026-07-07 10:14:45.077084; 760499 | 761812 | 762012 || 760750 | 760569 | 762448 || 762138 | 761238 | 761028 || 761692 | 760060 | 760335 || 760271 | 761613 | 762199
Group1; 9229.416958; 2026-07-07 10:14:56.516728; 760829 | 762134 | 762253 || 761008 | 760799 | 762775 || 762357 | 761383 | 761350 || 761872 | 760233 | 760289 || 760221 | 761413 | 762132
Group1; 9240.856095; 2026-07-07 10:15:07.955865; 760750 | 762104 | 762111 || 760892 | 760695 | 762755 || 762316 | 761397 | 761432 || 762001 | 760278 | 760374 || 760347 | 761504 | 762105
Group1; 9252.29541; 2026-07-07 10:15:19.395180; 760746 | 762172 | 762412 || 761279 | 760910 | 762662 || 762448 | 761443 | 761316 || 761969 | 760310 | 760505 || 760373 | 761560 | 762161
Group1; 9263.719289; 2026-07-07 10:15:30.819059; 760770 | 762091 | 762354 || 761015 | 760839 | 762903 || 762407 | 761540 | 761459 || 762009 | 760361 | 760558 || 760501 | 761660 | 762190
Group1; 9275.159269; 2026-07-07 10:15:42.259039; 760966 | 762270 | 762097 || 761028 | 760851 | 762875 || 762455 | 761594 | 761618 || 762129 | 760396 | 760479 || 760430 | 761744 | 762287
Group1; 9286.598252; 2026-07-07 10:15:53.698022; 760901 | 762264 | 762489 || 761139 | 761016 | 762892 || 762566 | 761700 | 761577 || 762112 | 760531 | 760684 || 760633 | 761539 | 762021
Group1; 9298.038611; 2026-07-07 10:16:05.138381; 760620 | 761911 | 762068 || 760960 | 760835 | 762916 || 762430 | 761591 | 761594 || 762055 | 760504 | 760539 || 760414 | 761462 | 761855
Group1; 9309.477251; 2026-07-07 10:16:16.577021; 760378 | 761714 | 762079 || 760706 | 760770 | 762953 || 762279 | 761437 | 761513 || 761967 | 760267 | 760329 || 760150 | 761407 | 761973
Group1; 9320.901663; 2026-07-07 10:16:28.001433; 760598 | 761961 | 762155 || 760935 | 760899 | 763019 || 762353 | 761486 | 761322 || 761999 | 760133 | 760127 || 760208 | 761395 | 762011
Group1; 9332.34128; 2026-07-07 10:16:39.441050; 760799 | 762179 | 762325 || 761199 | 761006 | 762810 || 762508 | 761653 | 761228 || 762004 | 760159 | 760263 || 760217 | 761329 | 762053
Group1; 9343.780928; 2026-07-07 10:16:50.880698; 760606 | 762049 | 762366 || 761021 | 760804 | 762712 || 762368 | 761457 | 761194 || 761844 | 760073 | 760325 || 760176 | 761589 | 762101
Group1; 9355.220545; 2026-07-07 10:17:02.320315; 760782 | 762135 | 762300 || 761179 | 760922 | 762817 || 762412 | 761508 | 761342 || 761972 | 760306 | 760543 || 760450 | 761722 | 762203
Group1; 9366.659876; 2026-07-07 10:17:13.759646; 760893 | 761919 | 762020 || 760775 | 760741 | 762975 || 762303 | 761550 | 761553 || 762053 | 760315 | 760243 || 760312 | 761370 | 761996
Group1; 9378.083332; 2026-07-07 10:17:25.183102; 760614 | 762121 | 762405 || 761000 | 761016 | 763005 || 762453 | 761568 | 761281 || 761956 | 760089 | 760407 || 760237 | 761525 | 762171
Group1; 9389.523336; 2026-07-07 10:17:36.623106; 760760 | 762045 | 762241 || 761032 | 760835 | 762688 || 762422 | 761457 | 761415 || 761984 | 760415 | 760622 || 760572 | 761894 | 762376
Group1; 9400.962868; 2026-07-07 10:17:48.062638; 760966 | 762290 | 762219 || 761088 | 760938 | 762923 || 762535 | 761693 | 761645 || 762138 | 760467 | 760444 || 760419 | 761439 | 762080
Group1; 9412.4022; 2026-07-07 10:17:59.501970; 760779 | 762220 | 762562 || 761293 | 761237 | 763210 || 762600 | 761703 | 761658 || 762184 | 760580 | 760731 || 760603 | 761665 | 762294
Group1; 9423.826169; 2026-07-07 10:18:10.925939; 760921 | 762260 | 762558 || 761251 | 761107 | 763169 || 762646 | 761797 | 761732 || 762264 | 760554 | 760681 || 760592 | 761864 | 762591
Group1; 9435.265801; 2026-07-07 10:18:22.365571; 761132 | 762341 | 762515 || 761203 | 760965 | 763041 || 762660 | 761788 | 761638 || 762324 | 760627 | 760740 || 760618 | 761727 | 762424
Group1; 9446.705029; 2026-07-07 10:18:33.804799; 761041 | 762419 | 762565 || 761308 | 761219 | 763171 || 762757 | 761848 | 761745 || 762319 | 760538 | 760830 || 760679 | 761893 | 762507
Group1; 9458.143997; 2026-07-07 10:18:45.243767; 761151 | 762577 | 762751 || 761504 | 761254 | 763208 || 762796 | 761852 | 761603 || 762244 | 760576 | 760850 || 760676 | 762031 | 762604
Group1; 9469.584394; 2026-07-07 10:18:56.684164; 761233 | 762629 | 762709 || 761440 | 761254 | 763155 || 762806 | 761855 | 761896 || 762399 | 760773 | 760870 || 760755 | 761814 | 762223
Group1; 9481.008193; 2026-07-07 10:19:08.107963; 760981 | 762365 | 762455 || 761288 | 761117 | 763113 || 762739 | 761854 | 761563 || 762189 | 760388 | 760615 || 760552 | 761754 | 762187
Group1; 9492.447803; 2026-07-07 10:19:19.547573; 760887 | 762163 | 762268 || 761062 | 760904 | 762883 || 762522 | 761694 | 761655 || 762084 | 760512 | 760676 || 760427 | 761570 | 762027
Group1; 9503.887388; 2026-07-07 10:19:30.987158; 760629 | 761978 | 762172 || 761057 | 760935 | 762987 || 762449 | 761663 | 761558 || 761986 | 760328 | 760520 || 760409 | 761529 | 762125
Group1; 9515.32652; 2026-07-07 10:19:42.426290; 760707 | 762045 | 762325 || 761121 | 760891 | 762846 || 762436 | 761600 | 761598 || 762021 | 760394 | 760653 || 760492 | 761594 | 762120
Group1; 9526.750271; 2026-07-07 10:19:53.850041; 760707 | 762061 | 762268 || 761037 | 761007 | 762885 || 762453 | 761614 | 761473 || 762075 | 760493 | 760716 || 760625 | 761737 | 762085
Group1; 9538.189757; 2026-07-07 10:20:05.289527; 760858 | 762064 | 762188 || 761052 | 760839 | 762914 || 762539 | 761600 | 761728 || 762118 | 760482 | 760624 || 760527 | 761661 | 762172
Group1; 9549.62987; 2026-07-07 10:20:16.729640; 760959 | 762334 | 762615 || 761405 | 761259 | 763071 || 762674 | 761796 | 761659 || 762280 | 760394 | 760505 || 760396 | 761701 | 762225
Group1; 9561.06974; 2026-07-07 10:20:28.169510; 760953 | 762232 | 762386 || 761034 | 760939 | 763052 || 762583 | 761670 | 761591 || 762099 | 760447 | 760620 || 760535 | 761807 | 762328
Group1; 9572.49281; 2026-07-07 10:20:39.592580; 761116 | 762375 | 762491 || 761298 | 761128 | 763104 || 762692 | 761758 | 761670 || 762282 | 760548 | 760691 || 760677 | 761909 | 762493
Group1; 9583.932078; 2026-07-07 10:20:51.031848; 761197 | 762516 | 762560 || 761349 | 761134 | 763108 || 762731 | 761803 | 761753 || 762294 | 760701 | 760890 || 760910 | 762221 | 762715
Group1; 9595.372309; 2026-07-07 10:21:02.472079; 761395 | 762676 | 762686 || 761402 | 761226 | 763217 || 762825 | 761909 | 761840 || 762475 | 760805 | 760877 || 760842 | 762000 | 762547
Group1; 9606.811842; 2026-07-07 10:21:13.911612; 761177 | 762471 | 762553 || 761333 | 761151 | 763182 || 762785 | 761922 | 761772 || 762333 | 760533 | 760562 || 760534 | 761583 | 762130
Group1; 9618.251233; 2026-07-07 10:21:25.351003; 760809 | 762186 | 762514 || 761243 | 761105 | 762938 || 762673 | 761751 | 761484 || 762110 | 760436 | 760629 || 760572 | 761687 | 762191
Group1; 9629.674642; 2026-07-07 10:21:36.774412; 760735 | 761960 | 762182 || 760981 | 760832 | 763102 || 762541 | 761601 | 761639 || 762074 | 760364 | 760511 || 760397 | 761505 | 762278
Group1; 9641.114552; 2026-07-07 10:21:48.214322; 760639 | 762159 | 762464 || 761111 | 761049 | 762940 || 762474 | 761585 | 761418 || 762066 | 760328 | 760390 || 760413 | 761508 | 762003
Group1; 9652.553909; 2026-07-07 10:21:59.653679; 760660 | 761895 | 762067 || 760879 | 760844 | 762938 || 762337 | 761543 | 761468 || 762028 | 760494 | 760613 || 760574 | 761574 | 762102
Group1; 9663.993362; 2026-07-07 10:22:11.093132; 760735 | 762037 | 762188 || 760925 | 760840 | 762987 || 762450 | 761555 | 761622 || 762112 | 760568 | 760615 || 760557 | 761651 | 762294
Group1; 9675.417205; 2026-07-07 10:22:22.516975; 760814 | 762178 | 762520 || 761175 | 760918 | 763072 || 762518 | 761673 | 761640 || 762113 | 760318 | 760494 || 760403 | 761555 | 762076
Group1; 9686.857159; 2026-07-07 10:22:33.956929; 760731 | 762052 | 762245 || 761247 | 761004 | 763048 || 762545 | 761620 | 761597 || 762085 | 760291 | 760363 || 760318 | 761581 | 762196
Group1; 9698.296292; 2026-07-07 10:22:45.396062; 760940 | 762361 | 762703 || 761263 | 761195 | 763194 || 762675 | 761706 | 761659 || 762242 | 760463 | 760526 || 760510 | 761758 | 762473
Group1; 9709.735924; 2026-07-07 10:22:56.835694; 761168 | 762584 | 762690 || 761324 | 761392 | 763351 || 762789 | 761884 | 761754 || 762400 | 760474 | 760512 || 760549 | 761836 | 762402
Group1; 9721.175722; 2026-07-07 10:23:08.275492; 761217 | 762592 | 762566 || 761412 | 761128 | 763028 || 762756 | 761836 | 761700 || 762310 | 760747 | 760848 || 760851 | 761972 | 762366
Group1; 9732.599176; 2026-07-07 10:23:19.698946; 761052 | 762279 | 762468 || 761125 | 760910 | 762868 || 762708 | 761738 | 761505 || 762102 | 760545 | 760802 || 760661 | 761768 | 762140
Group1; 9744.038698; 2026-07-07 10:23:31.138468; 760770 | 762028 | 762198 || 761123 | 761030 | 762835 || 762601 | 761647 | 761465 || 762025 | 760378 | 760602 || 760486 | 761736 | 762347
Group1; 9755.478295; 2026-07-07 10:23:42.578065; 760928 | 762211 | 762329 || 760911 | 760993 | 762918 || 762482 | 761642 | 761604 || 762082 | 760301 | 760317 || 760391 | 761670 | 762278
Group1; 9766.917967; 2026-07-07 10:23:54.017737; 761016 | 762295 | 762286 || 761102 | 760970 | 763056 || 762568 | 761722 | 761744 || 762247 | 760571 | 760608 || 760652 | 761760 | 762371
Group2; SecondsElapsed; DateTimePC; N26_NTC1 | N26_NTC2 | N26_TestSB || N28_NTC1 | N28_NTC2 | N28_TestSB || N35_NTC1 | N35_NTC2 | N35_TestSB || N62_NTC1 | N62_NTC2 | N62_TestSB || N85_NTC1 | N85_NTC2 | N85_TestSB
Group2; 9766.994905; 2026-07-07 10:23:54.094675; New Node Array: 26 28 35 62 85
Group2; 9766.995246; 2026-07-07 10:23:54.095016; 
Group2; 9778.402699; 2026-07-07 10:24:05.502469; N26_NTC1 | N26_NTC2 | N26_TestSB || N28_NTC1 | N28_NTC2 | N28_TestSB || N35_NTC1 | N35_NTC2 | N35_TestSB || N62_NTC1 | N62_NTC2 | N62_TestSB || N85_NTC1 | N85_NTC2 | N85_TestSB
Group2; 9789.842178; 2026-07-07 10:24:16.941948; 760848 | 761452 | 761756 || 759936 | 16777216 | 761858 || 763838 | 760836 | 759431 || 760618 | 762863 | 761664 || 762278 | 760276 | 760808
Group2; 9801.282111; 2026-07-07 10:24:28.381881; 760833 | 761647 | 761962 || 759903 | 16777216 | 761829 || 763711 | 760811 | 759438 || 760641 | 762954 | 761687 || 762279 | 760292 | 760787
Group2; 9812.705759; 2026-07-07 10:24:39.805529; 760808 | 761577 | 761907 || 759952 | 16777216 | 761708 || 763682 | 760759 | 759333 || 760563 | 762858 | 761789 || 762275 | 760365 | 760775
Group2; 9824.145365; 2026-07-07 10:24:51.245135; 761016 | 761591 | 761990 || 759790 | 16777216 | 761834 || 763623 | 760687 | 759434 || 760494 | 763024 | 761803 || 762233 | 760346 | 760830
Group2; 9835.58499; 2026-07-07 10:25:02.684760; 760984 | 761625 | 761760 || 759770 | 16777216 | 761626 || 763509 | 760623 | 759370 || 760534 | 763134 | 761995 || 762390 | 760470 | 760873
Group2; 9847.024324; 2026-07-07 10:25:14.124094; 761163 | 761879 | 762218 || 759999 | 16777216 | 761840 || 763764 | 760855 | 759356 || 760630 | 762913 | 761619 || 762297 | 760296 | 760817
Group2; 9858.464054; 2026-07-07 10:25:25.563824; 760841 | 761567 | 761929 || 760000 | 16777216 | 761773 || 763690 | 760746 | 759366 || 760527 | 762868 | 761658 || 762168 | 760340 | 760724
Group2; 9869.887886; 2026-07-07 10:25:36.987656; 761055 | 761794 | 762186 || 760054 | 16777216 | 761785 || 763633 | 760675 | 759340 || 760560 | 762897 | 761809 || 762324 | 760388 | 760815
Group2; 9881.327448; 2026-07-07 10:25:48.427218; 761102 | 761864 | 762117 || 760028 | 16777216 | 761484 || 763530 | 760582 | 759261 || 760523 | 763045 | 761943 || 762377 | 760557 | 760841
Group2; 9892.767006; 2026-07-07 10:25:59.866776; 761116 | 761762 | 762148 || 759800 | 16777216 | 761613 || 763399 | 760535 | 759286 || 760585 | 763083 | 761909 || 762408 | 760364 | 760759
Group2; 9904.206217; 2026-07-07 10:26:11.305987; 760845 | 761404 | 761719 || 759686 | 16777216 | 761685 || 763522 | 760725 | 759437 || 760587 | 762940 | 761774 || 762225 | 760329 | 760764
Group2; 9915.645755; 2026-07-07 10:26:22.745525; 760941 | 761411 | 761659 || 759588 | 16777216 | 761603 || 763400 | 760612 | 759362 || 760499 | 762945 | 761834 || 762200 | 760219 | 760724
Group2; 9927.06982; 2026-07-07 10:26:34.169590; 760765 | 761460 | 761755 || 759612 | 16777216 | 761807 || 763480 | 760726 | 759454 || 760561 | 762914 | 761739 || 762154 | 760142 | 760715
Group2; 9938.509439; 2026-07-07 10:26:45.609209; 760583 | 761306 | 761601 || 759486 | 16777216 | 761914 || 763599 | 760789 | 759432 || 760687 | 762839 | 761714 || 762131 | 760155 | 760728
Group2; 9949.948155; 2026-07-07 10:26:57.047925; 760782 | 761544 | 761967 || 759888 | 16777216 | 761857 || 763663 | 760809 | 759413 || 760516 | 762836 | 761513 || 762099 | 760043 | 760721
Group2; 9961.388269; 2026-07-07 10:27:08.488039; 760608 | 761369 | 762023 || 759887 | 16777216 | 761811 || 763623 | 760664 | 759188 || 760331 | 762659 | 761717 || 762128 | 760160 | 760749
Group2; 9972.811671; 2026-07-07 10:27:19.911441; 761096 | 761647 | 761882 || 759737 | 16777216 | 761563 || 763553 | 760573 | 759308 || 760545 | 762951 | 761852 || 762274 | 760355 | 760786
Group2; 9984.251454; 2026-07-07 10:27:31.351224; 761066 | 761666 | 761841 || 759609 | 16777216 | 761527 || 763526 | 760590 | 759238 || 760467 | 762776 | 761708 || 762175 | 760183 | 760693
Group2; 9995.691624; 2026-07-07 10:27:42.791394; 760803 | 761349 | 761571 || 759358 | 16777216 | 761609 || 763304 | 760433 | 759436 || 760469 | 762958 | 761854 || 762199 | 760188 | 760771
Group2; 10007.131142; 2026-07-07 10:27:54.230912; 760745 | 761173 | 761476 || 759376 | 16777216 | 761490 || 763543 | 760614 | 759243 || 760442 | 762823 | 761550 || 762035 | 760053 | 760540
Group2; 10018.559734; 2026-07-07 10:28:05.659504; 760671 | 761345 | 761661 || 759583 | 16777216 | 761675 || 763631 | 760730 | 759329 || 760528 | 762823 | 761599 || 762098 | 760059 | 760631
Group2; 10029.96975; 2026-07-07 10:28:17.069520; 760725 | 761457 | 761774 || 759737 | 16777216 | 761475 || 763380 | 760437 | 759141 || 760207 | 762667 | 761495 || 761986 | 760006 | 760568
Group2; 10041.403474; 2026-07-07 10:28:28.503244; 760650 | 761458 | 761813 || 759821 | 16777216 | 761736 || 763566 | 760644 | 759055 || 760299 | 762580 | 761372 || 762045 | 760164 | 760459
Group2; 10052.83974; 2026-07-07 10:28:39.939510; 760854 | 761585 | 761923 || 759759 | 16777216 | 761553 || 763363 | 760546 | 759312 || 760426 | 762772 | 761673 || 762168 | 760128 | 760665
Group2; 10064.278128; 2026-07-07 10:28:51.377898; 760834 | 761575 | 761721 || 759494 | 16777216 | 761457 || 763241 | 760348 | 759097 || 760318 | 762734 | 761671 || 762099 | 760159 | 760604
Group2; 10075.716855; 2026-07-07 10:29:02.816625; 760866 | 761624 | 761840 || 759700 | 16777216 | 761406 || 763422 | 760528 | 759033 || 760424 | 762881 | 761773 || 762201 | 760229 | 760591
Group2; 10087.139853; 2026-07-07 10:29:14.239623; 760893 | 761473 | 761706 || 759572 | 16777216 | 761385 || 763191 | 760316 | 759131 || 760241 | 762630 | 761466 || 761925 | 759983 | 760531
