Group1; SecondsElapsed; DateTimePC; N88_NTC1 | N88_NTC2 | N88_TestSB || N89_NTC1 | N89_NTC2 | N89_TestSB || N90_NTC1 | N90_NTC2 | N90_TestSB || N91_NTC1 | N91_NTC2 | N91_TestSB
Group1; 0.060233; 2026-07-03 19:04:51.180946; New Node Array: 88 89 90 91
Group1; 0.060516; 2026-07-03 19:04:51.181229; 
Group1; 9.196288; 2026-07-03 19:05:00.317001; N88_NTC1 | N88_NTC2 | N88_TestSB || N89_NTC1 | N89_NTC2 | N89_TestSB || N90_NTC1 | N90_NTC2 | N90_TestSB || N91_NTC1 | N91_NTC2 | N91_TestSB
Group1; 18.347263; 2026-07-03 19:05:09.467976; 1287745 | 1281427 | 1283358 || 1281950 | 1285033 | 1285026 || 1281003 | 1285729 | 1286150 || 1282638 | 1282070 | 1282079
Group1; 27.483661; 2026-07-03 19:05:18.604374; 1287939 | 1281552 | 1283592 || 1282137 | 1284998 | 1285081 || 1281011 | 1285753 | 1286135 || 1282605 | 1282230 | 1282626
Group1; 36.63504; 2026-07-03 19:05:27.755753; 1288088 | 1281706 | 1283871 || 1282668 | 1285960 | 1285834 || 1281725 | 1286349 | 1286537 || 1283245 | 1282527 | 1283199
Group1; 45.78673; 2026-07-03 19:05:36.907443; 1288497 | 1282255 | 1284580 || 1283289 | 1286398 | 1286324 || 1282453 | 1286813 | 1287043 || 1283834 | 1283077 | 1283248
Group1; 54.9387; 2026-07-03 19:05:46.059413; 1289055 | 1282682 | 1284860 || 1283859 | 1287383 | 1287051 || 1283179 | 1287587 | 1287747 || 1284415 | 1283572 | 1283388
Group1; 64.090387; 2026-07-03 19:05:55.211100; 1289434 | 1283105 | 1285169 || 1283991 | 1287343 | 1287128 || 1283360 | 1287896 | 1287913 || 1284748 | 1283612 | 1283574
Group1; 73.241729; 2026-07-03 19:06:04.362442; 1289520 | 1283156 | 1285185 || 1283785 | 1286736 | 1286678 || 1282719 | 1287189 | 1287369 || 1284098 | 1283209 | 1282583
Group1; 82.393431; 2026-07-03 19:06:13.514144; 1289160 | 1282548 | 1284567 || 1283081 | 1285924 | 1285967 || 1281980 | 1286415 | 1286633 || 1283442 | 1282646 | 1282563
Group1; 91.545408; 2026-07-03 19:06:22.666121; 1288639 | 1282210 | 1284235 || 1282902 | 1285374 | 1285396 || 1281419 | 1285572 | 1285917 || 1282478 | 1281914 | 1282009
Group1; 100.680857; 2026-07-03 19:06:31.801570; 1287858 | 1281619 | 1283548 || 1282027 | 1284704 | 1284730 || 1280618 | 1285179 | 1285351 || 1282129 | 1281308 | 1280997
Group1; 109.83249; 2026-07-03 19:06:40.953203; 1287144 | 1280924 | 1282929 || 1281533 | 1285048 | 1284825 || 1280715 | 1285321 | 1285427 || 1282074 | 1281215 | 1281197
Group1; 118.984115; 2026-07-03 19:06:50.104828; 1287169 | 1280846 | 1282964 || 1281568 | 1284765 | 1284996 || 1280756 | 1285528 | 1285672 || 1282403 | 1281702 | 1281876
Group1; 128.136287; 2026-07-03 19:06:59.257000; 1287763 | 1281332 | 1283451 || 1282406 | 1285536 | 1285388 || 1281348 | 1286331 | 1286279 || 1283122 | 1282571 | 1282425
Group1; 137.288039; 2026-07-03 19:07:08.408752; 1288426 | 1282022 | 1284019 || 1282808 | 1285934 | 1285854 || 1281900 | 1286595 | 1286653 || 1283577 | 1282874 | 1283056
Group1; 146.439356; 2026-07-03 19:07:17.560069; 1288869 | 1282463 | 1284499 || 1283324 | 1286716 | 1286459 || 1282411 | 1287130 | 1287381 || 1283983 | 1283494 | 1283870
Group1; 155.591374; 2026-07-03 19:07:26.712087; 1289525 | 1283075 | 1285035 || 1283793 | 1286668 | 1286652 || 1282666 | 1287146 | 1287403 || 1284081 | 1283387 | 1283296
Group1; 164.727131; 2026-07-03 19:07:35.847844; 1289292 | 1282939 | 1284943 || 1283667 | 1286743 | 1286629 || 1282683 | 1287189 | 1287138 || 1283971 | 1282899 | 1282351
Group1; 173.878662; 2026-07-03 19:07:44.999375; 1288802 | 1282517 | 1284333 || 1282953 | 1286038 | 1285899 || 1281783 | 1286156 | 1286579 || 1283102 | 1282584 | 1282481
Group1; 183.030462; 2026-07-03 19:07:54.151175; 1288409 | 1282105 | 1284121 || 1282599 | 1285086 | 1285240 || 1281119 | 1285590 | 1286034 || 1282676 | 1281887 | 1281657
Group1; 192.182056; 2026-07-03 19:08:03.302769; 1287876 | 1281468 | 1283529 || 1282174 | 1285065 | 1285026 || 1280985 | 1285230 | 1285616 || 1282065 | 1281143 | 1281449
Group1; 201.333543; 2026-07-03 19:08:12.454256; 1287106 | 1280889 | 1283202 || 1281412 | 1284589 | 1284557 || 1280519 | 1285113 | 1285190 || 1281998 | 1281520 | 1281824
Group1; 210.484843; 2026-07-03 19:08:21.605556; 1287585 | 1281137 | 1283118 || 1282108 | 1284688 | 1284558 || 1280706 | 1285198 | 1285603 || 1282188 | 1281550 | 1281508
Group1; 219.636286; 2026-07-03 19:08:30.756999; 1287513 | 1281123 | 1283215 || 1281931 | 1285547 | 1285278 || 1281228 | 1285942 | 1286175 || 1282799 | 1282085 | 1281895
Group1; 228.788706; 2026-07-03 19:08:39.909419; 1287918 | 1281532 | 1283644 || 1282275 | 1285978 | 1285677 || 1281600 | 1286240 | 1286403 || 1283160 | 1282444 | 1282754
Group1; 237.924621; 2026-07-03 19:08:49.045334; 1288359 | 1282013 | 1284202 || 1282958 | 1286159 | 1285946 || 1281985 | 1286658 | 1286807 || 1283438 | 1282953 | 1283017
Group1; 247.076332; 2026-07-03 19:08:58.197045; 1288883 | 1282463 | 1284576 || 1283312 | 1286799 | 1286630 || 1282719 | 1287163 | 1287197 || 1284140 | 1283116 | 1282918
Group1; 256.227719; 2026-07-03 19:09:07.348432; 1289059 | 1282637 | 1284658 || 1283301 | 1286358 | 1286254 || 1282218 | 1286569 | 1286673 || 1283473 | 1282580 | 1282850
Group1; 265.379334; 2026-07-03 19:09:16.500047; 1288529 | 1282402 | 1284393 || 1282967 | 1285872 | 1285760 || 1281774 | 1285934 | 1286202 || 1282967 | 1282323 | 1282315
Group1; 274.531211; 2026-07-03 19:09:25.651924; 1288332 | 1281979 | 1283887 || 1282597 | 1285271 | 1285208 || 1281319 | 1285575 | 1285705 || 1282400 | 1281710 | 1281891
Group1; 283.682109; 2026-07-03 19:09:34.802822; 1287574 | 1281453 | 1283415 || 1281892 | 1284885 | 1284840 || 1280862 | 1285371 | 1285530 || 1282280 | 1281359 | 1281158
Group1; 292.833963; 2026-07-03 19:09:43.954676; 1287345 | 1281027 | 1283025 || 1281862 | 1284788 | 1284662 || 1280672 | 1285169 | 1285628 || 1282149 | 1281561 | 1281525
Group1; 301.969644; 2026-07-03 19:09:53.090357; 1287546 | 1281112 | 1283132 || 1281798 | 1285227 | 1285079 || 1281017 | 1285880 | 1285893 || 1282634 | 1281806 | 1281644
Group1; 311.121285; 2026-07-03 19:10:02.241998; 1287787 | 1281385 | 1283323 || 1282292 | 1285532 | 1285312 || 1281421 | 1286005 | 1286420 || 1282916 | 1282216 | 1282151
Group1; 320.272845; 2026-07-03 19:10:11.393558; 1288196 | 1281773 | 1283889 || 1282575 | 1285765 | 1285555 || 1281650 | 1286479 | 1286558 || 1283331 | 1282695 | 1282646
Group1; 329.425023; 2026-07-03 19:10:20.545736; 1288617 | 1282251 | 1284172 || 1282853 | 1286052 | 1285900 || 1281812 | 1286727 | 1286943 || 1283572 | 1283038 | 1282823
Group1; 338.576591; 2026-07-03 19:10:29.697304; 1288817 | 1282399 | 1284402 || 1283102 | 1286589 | 1286447 || 1282373 | 1287162 | 1287388 || 1283883 | 1283154 | 1282681
Group1; 347.728104; 2026-07-03 19:10:38.848817; 1288869 | 1282548 | 1284561 || 1282935 | 1285963 | 1285964 || 1281708 | 1286563 | 1286625 || 1283135 | 1282580 | 1282109
Group1; 356.879668; 2026-07-03 19:10:48.000381; 1288394 | 1282029 | 1284091 || 1282668 | 1285280 | 1285384 || 1281317 | 1285657 | 1286017 || 1282687 | 1281994 | 1282164
Group1; 366.031203; 2026-07-03 19:10:57.151916; 1287972 | 1281548 | 1283721 || 1282345 | 1284728 | 1284968 || 1280860 | 1285310 | 1285764 || 1282280 | 1281714 | 1281661
Group1; 375.166937; 2026-07-03 19:11:06.287650; 1287634 | 1281195 | 1283373 || 1281950 | 1284948 | 1284831 || 1280887 | 1285351 | 1285845 || 1282375 | 1281738 | 1281915
Group1; 384.318877; 2026-07-03 19:11:15.439590; 1287808 | 1281427 | 1283515 || 1282236 | 1284794 | 1284820 || 1281082 | 1285170 | 1285404 || 1282354 | 1281551 | 1281639
Group1; 393.470407; 2026-07-03 19:11:24.591120; 1287698 | 1281133 | 1283120 || 1282104 | 1285188 | 1285028 || 1281093 | 1285990 | 1286199 || 1282777 | 1282157 | 1281802
Group1; 402.622134; 2026-07-03 19:11:33.742847; 1287963 | 1281552 | 1283469 || 1282203 | 1285686 | 1285536 || 1281416 | 1286289 | 1286329 || 1283013 | 1282120 | 1282152
Group1; 411.773701; 2026-07-03 19:11:42.894414; 1288103 | 1281829 | 1283913 || 1282606 | 1285930 | 1285563 || 1281814 | 1286550 | 1286849 || 1283593 | 1282986 | 1283009
Group1; 420.925265; 2026-07-03 19:11:52.045978; 1288918 | 1282390 | 1284401 || 1283066 | 1286120 | 1286110 || 1282014 | 1286635 | 1286837 || 1283492 | 1282953 | 1282874
Group1; 430.07698; 2026-07-03 19:12:01.197693; 1288757 | 1282453 | 1284474 || 1283124 | 1286208 | 1286036 || 1282101 | 1286595 | 1286610 || 1283468 | 1282690 | 1282235
Group1; 439.212623; 2026-07-03 19:12:10.333336; 1288505 | 1282144 | 1284144 || 1282689 | 1285487 | 1285444 || 1281425 | 1285790 | 1285949 || 1282722 | 1281877 | 1281886
Group1; 448.364245; 2026-07-03 19:12:19.484958; 1288000 | 1281653 | 1283692 || 1282344 | 1285191 | 1285081 || 1281125 | 1285209 | 1285317 || 1282284 | 1281502 | 1281373
Group1; 457.515974; 2026-07-03 19:12:28.636687; 1287548 | 1281102 | 1283160 || 1281927 | 1285101 | 1284764 || 1280836 | 1284969 | 1285006 || 1281894 | 1281016 | 1280750
Group1; 466.667621; 2026-07-03 19:12:37.788334; 1287040 | 1280750 | 1282732 || 1281510 | 1285195 | 1284806 || 1280887 | 1285669 | 1285490 || 1282410 | 1281407 | 1281014
Group1; 475.819413; 2026-07-03 19:12:46.940126; 1287425 | 1281075 | 1282986 || 1281456 | 1284868 | 1284839 || 1280617 | 1285416 | 1285538 || 1282356 | 1281596 | 1281250
Group1; 484.970982; 2026-07-03 19:12:56.091695; 1287515 | 1281113 | 1283145 || 1281694 | 1284910 | 1284876 || 1280947 | 1285750 | 1286000 || 1282717 | 1282020 | 1281829
Group1; 494.122724; 2026-07-03 19:13:05.243437; 1287951 | 1281513 | 1283489 || 1282182 | 1285251 | 1285102 || 1281092 | 1285888 | 1286073 || 1282899 | 1282361 | 1282472
Group1; 503.258265; 2026-07-03 19:13:14.378978; 1288307 | 1281880 | 1283809 || 1282567 | 1285603 | 1285640 || 1281383 | 1286152 | 1286624 || 1283075 | 1282585 | 1282826
Group1; 512.41001; 2026-07-03 19:13:23.530723; 1288477 | 1282186 | 1284325 || 1282932 | 1285758 | 1285818 || 1281751 | 1286284 | 1286818 || 1283144 | 1282869 | 1283009
Group1; 521.561664; 2026-07-03 19:13:32.682377; 1288857 | 1282467 | 1284487 || 1283030 | 1286073 | 1285967 || 1281885 | 1286870 | 1287224 || 1283555 | 1282680 | 1282360
Group1; 530.713337; 2026-07-03 19:13:41.834050; 1288580 | 1282172 | 1284226 || 1282714 | 1285903 | 1285777 || 1281781 | 1286241 | 1286219 || 1283106 | 1282276 | 1282259
Group1; 539.865394; 2026-07-03 19:13:50.986107; 1288386 | 1281982 | 1283976 || 1282734 | 1285514 | 1285541 || 1281517 | 1285985 | 1286250 || 1282900 | 1282158 | 1281994
Group1; 549.016693; 2026-07-03 19:14:00.137406; 1288072 | 1281687 | 1283567 || 1281936 | 1284718 | 1284938 || 1280706 | 1285665 | 1285977 || 1282524 | 1281830 | 1281325
Group1; 558.168344; 2026-07-03 19:14:09.289057; 1287634 | 1281192 | 1283146 || 1281841 | 1284702 | 1284685 || 1280703 | 1285073 | 1285297 || 1282053 | 1281247 | 1281130
Group2; SecondsElapsed; DateTimePC; N92_NTC1 | N92_NTC2 | N92_TestSB || N93_NTC1 | N93_NTC2 | N93_TestSB || N94_NTC1 | N94_NTC2 | N94_TestSB || N96_NTC1 | N96_NTC2 | N96_TestSB
Group2; 558.227669; 2026-07-03 19:14:09.348382; New Node Array: 92 93 94 96
Group2; 558.227821; 2026-07-03 19:14:09.348534; 
Group2; 567.363187; 2026-07-03 19:14:18.483900; N92_NTC1 | N92_NTC2 | N92_TestSB || N93_NTC1 | N93_NTC2 | N93_TestSB || N94_NTC1 | N94_NTC2 | N94_TestSB || N96_NTC1 | N96_NTC2 | N96_TestSB
Group2; 576.515139; 2026-07-03 19:14:27.635852; 1281990 | 1281451 | 1285133 || 1285572 | 1282165 | 1281485 || 1285143 | 1283787 | 1285599 || 1282892 | 1285406 | 1281627
Group2; 585.651336; 2026-07-03 19:14:36.772049; 1281714 | 1281468 | 1285231 || 1286031 | 1282518 | 1281511 || 1285301 | 1283968 | 1285765 || 1283187 | 1285726 | 1281699
Group2; 594.803049; 2026-07-03 19:14:45.923762; 1282313 | 1281686 | 1285567 || 1286243 | 1282774 | 1281897 || 1285827 | 1284573 | 1286407 || 1283624 | 1285797 | 1281729
Group2; 603.954507; 2026-07-03 19:14:55.075220; 1282162 | 1281547 | 1285703 || 1286093 | 1282961 | 1282384 || 1285954 | 1284884 | 1286775 || 1283948 | 1286437 | 1282442
Group2; 613.106236; 2026-07-03 19:15:04.226949; 1282915 | 1282245 | 1286065 || 1286517 | 1283224 | 1282487 || 1286110 | 1284879 | 1286608 || 1283947 | 1286190 | 1282112
Group2; 622.257835; 2026-07-03 19:15:13.378548; 1282795 | 1282064 | 1286236 || 1286696 | 1283482 | 1282487 || 1286354 | 1284855 | 1286480 || 1283847 | 1286042 | 1281975
Group2; 631.409646; 2026-07-03 19:15:22.530359; 1282586 | 1281867 | 1286110 || 1286527 | 1283328 | 1282639 || 1286259 | 1284980 | 1286292 || 1283634 | 1285715 | 1281706
Group2; 640.561047; 2026-07-03 19:15:31.681760; 1282370 | 1281684 | 1285942 || 1286498 | 1283282 | 1282666 || 1286345 | 1284808 | 1286620 || 1283809 | 1285947 | 1282357
Group2; 649.712653; 2026-07-03 19:15:40.833366; 1282508 | 1282030 | 1285840 || 1286563 | 1283064 | 1282580 || 1286125 | 1284835 | 1286519 || 1283942 | 1286041 | 1282409
Group2; 658.84816; 2026-07-03 19:15:49.968873; 1282614 | 1282082 | 1286068 || 1286598 | 1283371 | 1282618 || 1286368 | 1284985 | 1286837 || 1283972 | 1286258 | 1282245
Group2; 668.000276; 2026-07-03 19:15:59.120989; 1282727 | 1282163 | 1286099 || 1286724 | 1283445 | 1282687 || 1286441 | 1285091 | 1286692 || 1284060 | 1286080 | 1282361
Group2; 677.151976; 2026-07-03 19:16:08.272689; 1282621 | 1282246 | 1286282 || 1286586 | 1283489 | 1282534 || 1286405 | 1284904 | 1286679 || 1283981 | 1286133 | 1282502
Group2; 686.303671; 2026-07-03 19:16:17.424384; 1282964 | 1282185 | 1285927 || 1286697 | 1283065 | 1282192 || 1286155 | 1284578 | 1286416 || 1283607 | 1286051 | 1281693
Group2; 695.45496; 2026-07-03 19:16:26.575673; 1282295 | 1281657 | 1285533 || 1286097 | 1282847 | 1282227 || 1285766 | 1284547 | 1286176 || 1283460 | 1285313 | 1281498
Group2; 704.606871; 2026-07-03 19:16:35.727584; 1281934 | 1281444 | 1285756 || 1285806 | 1282956 | 1281979 || 1285803 | 1284377 | 1285954 || 1283314 | 1285416 | 1281647
Group2; 713.758135; 2026-07-03 19:16:44.878848; 1282126 | 1281575 | 1285652 || 1286131 | 1282926 | 1282129 || 1285835 | 1284358 | 1286117 || 1283286 | 1285375 | 1281299
Group2; 722.893655; 2026-07-03 19:16:54.014368; 1282025 | 1281187 | 1285209 || 1285805 | 1282663 | 1282242 || 1285652 | 1284547 | 1286259 || 1283646 | 1285887 | 1281949
Group2; 732.046124; 2026-07-03 19:17:03.166837; 1282520 | 1281808 | 1285540 || 1286235 | 1282740 | 1281797 || 1285783 | 1284232 | 1286168 || 1283421 | 1286007 | 1281928
Group2; 741.19732; 2026-07-03 19:17:12.318033; 1282383 | 1281833 | 1285347 || 1286105 | 1282928 | 1282437 || 1286062 | 1284681 | 1286456 || 1283669 | 1286009 | 1282213
Group2; 750.349403; 2026-07-03 19:17:21.470116; 1282467 | 1282159 | 1285638 || 1286535 | 1282905 | 1282790 || 1286000 | 1284820 | 1287097 || 1284293 | 1286560 | 1282520
Group2; 759.500715; 2026-07-03 19:17:30.621428; 1283134 | 1282259 | 1285815 || 1286428 | 1283064 | 1282613 || 1286117 | 1284854 | 1286734 || 1284043 | 1286231 | 1282241
Group2; 768.652334; 2026-07-03 19:17:39.773047; 1282868 | 1282093 | 1285987 || 1286601 | 1283159 | 1282432 || 1286236 | 1284811 | 1286744 || 1283860 | 1286253 | 1282599
Group2; 777.803497; 2026-07-03 19:17:48.924210; 1282761 | 1282438 | 1286551 || 1287071 | 1283477 | 1282466 || 1286331 | 1284761 | 1286627 || 1284051 | 1286380 | 1282348
Group2; 786.940348; 2026-07-03 19:17:58.061061; 1282656 | 1282153 | 1285619 || 1286478 | 1282903 | 1282500 || 1286266 | 1284915 | 1286277 || 1283947 | 1285867 | 1282268
Group2; 796.091788; 2026-07-03 19:18:07.212501; 1282425 | 1282207 | 1286299 || 1286907 | 1283603 | 1282791 || 1286497 | 1285102 | 1286404 || 1284075 | 1285894 | 1281336
Group2; 805.24349; 2026-07-03 19:18:16.364203; 1282258 | 1281358 | 1285627 || 1285978 | 1282900 | 1282551 || 1285930 | 1284735 | 1286750 || 1283907 | 1286120 | 1282134
Group2; 814.3945; 2026-07-03 19:18:25.515213; 1282625 | 1281995 | 1285925 || 1286484 | 1283186 | 1282186 || 1286165 | 1284530 | 1286286 || 1283803 | 1285955 | 1281696
Group2; 823.546565; 2026-07-03 19:18:34.667278; 1282467 | 1281495 | 1285432 || 1286169 | 1282713 | 1282274 || 1285751 | 1284622 | 1286794 || 1283954 | 1285972 | 1281915
Group2; 832.698863; 2026-07-03 19:18:43.819576; 1282534 | 1281890 | 1285705 || 1286320 | 1283050 | 1282151 || 1285927 | 1284423 | 1286097 || 1283489 | 1285717 | 1281794
Group2; 841.845865; 2026-07-03 19:18:52.966578; 1282137 | 1281734 | 1285446 || 1286181 | 1282940 | 1282158 || 1286048 | 1284546 | 1286355 || 1283610 | 1285939 | 1281829
Group2; 850.967355; 2026-07-03 19:19:02.088068; 1282387 | 1281743 | 1285737 || 1286196 | 1283063 | 1282371 || 1286071 | 1284707 | 1286714 || 1283878 | 1285942 | 1281595
Group2; 860.112118; 2026-07-03 19:19:11.232831; 1282464 | 1281581 | 1285753 || 1286282 | 1283169 | 1282235 || 1286028 | 1284433 | 1286179 || 1283287 | 1285466 | 1281875
Group2; 869.258952; 2026-07-03 19:19:20.379665; 1282096 | 1281760 | 1286102 || 1286238 | 1283359 | 1282387 || 1285997 | 1284652 | 1286222 || 1283553 | 1285685 | 1281963
Group2; 878.408595; 2026-07-03 19:19:29.529308; 1282192 | 1281734 | 1285967 || 1286485 | 1283252 | 1282388 || 1286274 | 1284854 | 1286544 || 1283907 | 1285938 | 1281796
Group2; 887.560487; 2026-07-03 19:19:38.681200; 1282446 | 1281764 | 1285627 || 1286234 | 1282903 | 1282289 || 1285868 | 1284581 | 1286272 || 1283658 | 1285798 | 1281952
Group2; 896.710479; 2026-07-03 19:19:47.831192; 1282477 | 1281781 | 1285332 || 1286145 | 1282592 | 1282136 || 1285685 | 1284367 | 1286773 || 1283728 | 1286094 | 1281774
Group2; 905.861718; 2026-07-03 19:19:56.982431; 1282559 | 1281615 | 1285414 || 1286039 | 1282644 | 1282232 || 1285619 | 1284576 | 1286195 || 1283443 | 1285507 | 1281546
Group2; 914.996902; 2026-07-03 19:20:06.117615; 1282063 | 1281443 | 1285513 || 1285872 | 1282816 | 1282366 || 1285711 | 1284519 | 1286264 || 1283641 | 1285645 | 1281879
Group2; 924.148878; 2026-07-03 19:20:15.269591; 1282289 | 1281599 | 1285745 || 1286207 | 1283054 | 1282335 || 1286023 | 1284679 | 1286543 || 1283796 | 1285770 | 1281563
Group2; 933.300028; 2026-07-03 19:20:24.420741; 1282428 | 1281581 | 1285665 || 1286287 | 1282975 | 1282111 || 1285849 | 1284563 | 1286697 || 1283792 | 1285972 | 1281938
Group2; 942.451134; 2026-07-03 19:20:33.571847; 1282605 | 1281698 | 1285595 || 1286194 | 1282865 | 1282264 || 1285934 | 1284622 | 1286492 || 1283841 | 1285956 | 1282021
Group2; 951.604118; 2026-07-03 19:20:42.724831; 1282520 | 1281951 | 1285912 || 1286540 | 1283169 | 1282329 || 1286104 | 1284685 | 1286644 || 1283781 | 1285966 | 1281991
Group2; 960.755332; 2026-07-03 19:20:51.876045; 1282620 | 1281894 | 1285778 || 1286338 | 1283177 | 1282961 || 1286208 | 1285190 | 1286992 || 1284391 | 1286288 | 1282036
Group2; 969.906179; 2026-07-03 19:21:01.026892; 1282805 | 1282001 | 1286137 || 1286651 | 1283431 | 1282363 || 1286315 | 1284813 | 1286667 || 1283906 | 1286254 | 1282274
Group2; 979.042682; 2026-07-03 19:21:10.163395; 1282648 | 1282068 | 1285829 || 1286440 | 1283179 | 1282436 || 1286004 | 1284742 | 1286463 || 1283975 | 1286214 | 1281992
Group2; 988.194365; 2026-07-03 19:21:19.315078; 1282837 | 1281895 | 1285877 || 1286488 | 1283199 | 1282793 || 1286304 | 1285100 | 1286846 || 1284142 | 1286204 | 1282018
Group2; 997.346142; 2026-07-03 19:21:28.466855; 1282690 | 1281824 | 1285697 || 1286279 | 1283019 | 1282412 || 1285948 | 1284815 | 1286624 || 1283925 | 1285852 | 1281732
Group2; 1006.497457; 2026-07-03 19:21:37.618170; 1282424 | 1281652 | 1285508 || 1286121 | 1282697 | 1282077 || 1285718 | 1284558 | 1286539 || 1283763 | 1285796 | 1281781
Group2; 1015.648415; 2026-07-03 19:21:46.769128; 1282126 | 1281629 | 1285907 || 1286143 | 1283105 | 1282128 || 1286067 | 1284506 | 1286130 || 1283454 | 1285439 | 1281648
Group2; 1024.801279; 2026-07-03 19:21:55.921992; 1281905 | 1281488 | 1285699 || 1286136 | 1282973 | 1282340 || 1286004 | 1284686 | 1286366 || 1283691 | 1285733 | 1281810
Group2; 1033.952483; 2026-07-03 19:22:05.073196; 1282201 | 1281804 | 1285810 || 1286317 | 1283059 | 1282221 || 1285955 | 1284509 | 1286197 || 1283534 | 1285835 | 1281806
Group2; 1043.103889; 2026-07-03 19:22:14.224602; 1282262 | 1281698 | 1285694 || 1286102 | 1282919 | 1282304 || 1285909 | 1284596 | 1286274 || 1283638 | 1285657 | 1282252
Group2; 1052.240166; 2026-07-03 19:22:23.360879; 1282303 | 1281986 | 1285670 || 1286295 | 1282759 | 1282358 || 1285734 | 1284967 | 1287039 || 1284061 | 1286168 | 1281888
Group2; 1061.391769; 2026-07-03 19:22:32.512482; 1282779 | 1281884 | 1285751 || 1286207 | 1283240 | 1282906 || 1286018 | 1285185 | 1286955 || 1284258 | 1286268 | 1282043
Group2; 1070.543483; 2026-07-03 19:22:41.664196; 1282806 | 1282097 | 1285795 || 1286460 | 1283071 | 1282366 || 1286041 | 1284679 | 1286589 || 1283719 | 1286131 | 1282232
Group2; 1079.69517; 2026-07-03 19:22:50.815883; 1282658 | 1282108 | 1285768 || 1286525 | 1282779 | 1282009 || 1285804 | 1284493 | 1286361 || 1283696 | 1285943 | 1281879
Group2; 1088.84689; 2026-07-03 19:22:59.967603; 1282429 | 1281795 | 1285512 || 1286144 | 1282686 | 1281920 || 1285709 | 1284387 | 1286093 || 1283512 | 1285681 | 1281594
Group2; 1097.998024; 2026-07-03 19:23:09.118737; 1282126 | 1281712 | 1285651 || 1286302 | 1282784 | 1281742 || 1285707 | 1284062 | 1285836 || 1283122 | 1285415 | 1281611
Group2; 1107.149522; 2026-07-03 19:23:18.270235; 1281838 | 1281609 | 1285691 || 1286052 | 1282945 | 1282134 || 1285897 | 1284579 | 1286216 || 1283629 | 1285576 | 1281432
Group2; 1116.285486; 2026-07-03 19:23:27.406199; 1282198 | 1281481 | 1285452 || 1286060 | 1283066 | 1282066 || 1285942 | 1284494 | 1285982 || 1283364 | 1285537 | 1281404
Group3; SecondsElapsed; DateTimePC; N97_NTC1 | N97_NTC2 | N97_TestSB || N98_NTC1 | N98_NTC2 | N98_TestSB || N99_NTC1 | N99_NTC2 | N99_TestSB || N29_NTC1 | N29_NTC2 | N29_TestSB
Group3; 1116.345375; 2026-07-03 19:23:27.466088; New Node Array: 97 98 99 29
Group3; 1116.345658; 2026-07-03 19:23:27.466371; 
Group3; 1125.481187; 2026-07-03 19:23:36.601900; N97_NTC1 | N97_NTC2 | N97_TestSB || N98_NTC1 | N98_NTC2 | N98_TestSB || N99_NTC1 | N99_NTC2 | N99_TestSB || N29_NTC1 | N29_NTC2 | N29_TestSB
Group3; 1134.633197; 2026-07-03 19:23:45.753910; 1281070 | 1284093 | 1284513 || 2206852 | 2026170 | 1879231 || 1287762 | 1284601 | 1282248 || 1285386 | 1287091 | 1282138
Group3; 1143.784107; 2026-07-03 19:23:54.904820; 1281009 | 1284181 | 1284511 || 2244702 | 2075429 | 1933472 || 1287373 | 1284444 | 1282024 || 1285022 | 1287000 | 1282217
Group3; 1152.920581; 2026-07-03 19:24:04.041294; 1281295 | 1284463 | 1284501 || 2210788 | 2047509 | 1923635 || 1287932 | 1284740 | 1282092 || 1285401 | 1287163 | 1282070
Group3; 1162.072114; 2026-07-03 19:24:13.192827; 1281312 | 1284700 | 1284775 || 1834082 | 1749156 | 1673916 || 1287825 | 1284573 | 1282043 || 1285350 | 1287168 | 1282296
Group3; 1171.223473; 2026-07-03 19:24:22.344186; 1281509 | 1284449 | 1284516 || 1884768 | 1761227 | 1669482 || 1287680 | 1284303 | 1281703 || 1285079 | 1287004 | 1282162
Group3; 1180.375217; 2026-07-03 19:24:31.495930; 1281424 | 1284506 | 1284598 || 2181502 | 1992370 | 1846744 || 1287605 | 1284333 | 1282061 || 1284918 | 1286960 | 1281887
Group3; 1189.526908; 2026-07-03 19:24:40.647621; 1281051 | 1284434 | 1284726 || 2255665 | 2081838 | 1932741 || 1287766 | 1284518 | 1281914 || 1285164 | 1287002 | 1281876
Group3; 1198.678759; 2026-07-03 19:24:49.799472; 1281196 | 1284542 | 1284851 || 2255664 | 2087042 | 1943257 || 1287907 | 1284417 | 1281579 || 1284909 | 1286917 | 1281816
Group3; 1207.830476; 2026-07-03 19:24:58.951189; 1280778 | 1284112 | 1284548 || 1891661 | 1793251 | 1705098 || 1287449 | 1284477 | 1281897 || 1285092 | 1286789 | 1282037
Group3; 1216.981988; 2026-07-03 19:25:08.102701; 1281235 | 1284300 | 1284348 || 1849700 | 1734248 | 1643996 || 1287394 | 1284346 | 1281844 || 1285235 | 1287033 | 1282083
Group3; 1226.133568; 2026-07-03 19:25:17.254281; 1281421 | 1284192 | 1284146 || 2054276 | 1873504 | 1748048 || 1287155 | 1284380 | 1281713 || 1284820 | 1286827 | 1281890
Group3; 1235.284814; 2026-07-03 19:25:26.405527; 1280802 | 1284073 | 1284182 || 2238567 | 2059659 | 1906483 || 1287251 | 1284053 | 1281517 || 1284736 | 1286624 | 1281905
Group3; 1244.421399; 2026-07-03 19:25:35.542112; 1280930 | 1284235 | 1284240 || 2106572 | 1947192 | 1836447 || 1287073 | 1283704 | 1281500 || 1284510 | 1286455 | 1282153
Group3; 1253.572702; 2026-07-03 19:25:44.693415; 1281109 | 1284263 | 1284315 || 1836671 | 1741440 | 1656279 || 1286983 | 1283534 | 1281208 || 1284339 | 1286330 | 1281564
Group3; 1262.724374; 2026-07-03 19:25:53.845087; 1280758 | 1284021 | 1284180 || 1830353 | 1720294 | 1631452 || 1286995 | 1283659 | 1280923 || 1284385 | 1286228 | 1281487
Group3; 1271.876391; 2026-07-03 19:26:02.997104; 1280477 | 1284127 | 1284449 || 2051579 | 1871289 | 1742823 || 1287023 | 1283702 | 1281334 || 1284458 | 1286218 | 1281331
Group3; 1281.028126; 2026-07-03 19:26:12.148839; 1280506 | 1283920 | 1284890 || 2269917 | 2092534 | 1935291 || 1287380 | 1284182 | 1281759 || 1284733 | 1286628 | 1281572
Group3; 1290.179729; 2026-07-03 19:26:21.300442; 1280670 | 1283955 | 1284204 || 1814890 | 1712270 | 1625309 || 1287274 | 1284151 | 1281814 || 1284751 | 1286689 | 1282027
Group3; 1299.331181; 2026-07-03 19:26:30.451894; 1280877 | 1283729 | 1283888 || 2056504 | 1868539 | 1735981 || 1287478 | 1284140 | 1281945 || 1284901 | 1286636 | 1281941
Group3; 1308.483052; 2026-07-03 19:26:39.603765; 1281064 | 1284302 | 1284582 || 2268854 | 2088089 | 1925606 || 1287343 | 1284176 | 1282093 || 1284875 | 1286679 | 1282004
Group3; 1317.634356; 2026-07-03 19:26:48.755069; 1281065 | 1284177 | 1284556 || 1993358 | 1855935 | 1752438 || 1287418 | 1284214 | 1281798 || 1284870 | 1286788 | 1281848
Group3; 1326.770657; 2026-07-03 19:26:57.891370; 1280850 | 1284196 | 1284405 || 1826946 | 1710186 | 1617777 || 1287536 | 1284177 | 1281422 || 1284821 | 1286688 | 1281785
Group3; 1335.921964; 2026-07-03 19:27:07.042677; 1280921 | 1284241 | 1284770 || 1975013 | 1809199 | 1691622 || 1287698 | 1284457 | 1281768 || 1284966 | 1286756 | 1281808
Group3; 1345.073263; 2026-07-03 19:27:16.193976; 1280972 | 1284438 | 1284693 || 2132606 | 1929030 | 1778143 || 1287919 | 1284551 | 1281428 || 1285175 | 1286790 | 1281805
Group3; 1354.225184; 2026-07-03 19:27:25.345897; 1280936 | 1284530 | 1284497 || 2220111 | 2031613 | 1868986 || 1287523 | 1284370 | 1281897 || 1285085 | 1286890 | 1281880
Group3; 1363.377209; 2026-07-03 19:27:34.497922; 1280975 | 1284282 | 1284469 || 2266727 | 2085274 | 1919626 || 1287583 | 1284497 | 1282281 || 1285150 | 1287010 | 1282167
Group3; 1372.528803; 2026-07-03 19:27:43.649516; 1281246 | 1284202 | 1284508 || 2028142 | 1874453 | 1762606 || 1287582 | 1284653 | 1282225 || 1285091 | 1287099 | 1282194
Group3; 1381.680209; 2026-07-03 19:27:52.800922; 1281252 | 1284308 | 1284195 || 1816115 | 1703355 | 1610737 || 1287290 | 1284396 | 1281601 || 1284958 | 1287131 | 1282161
Group3; 1390.831877; 2026-07-03 19:28:01.952590; 1281397 | 1284492 | 1284396 || 2043440 | 1858630 | 1725099 || 1287425 | 1284377 | 1281884 || 1284942 | 1286903 | 1281916
Group3; 1399.98351; 2026-07-03 19:28:11.104223; 1281089 | 1284380 | 1284725 || 2263992 | 2078800 | 1909141 || 1287317 | 1284076 | 1281541 || 1284704 | 1286630 | 1281754
Group3; 1409.135414; 2026-07-03 19:28:20.256127; 1280897 | 1284077 | 1284300 || 1818299 | 1712088 | 1619091 || 1287495 | 1284475 | 1282163 || 1284890 | 1286915 | 1282095
Group3; 1418.271339; 2026-07-03 19:28:29.392052; 1281179 | 1284256 | 1284547 || 1879251 | 1735297 | 1628722 || 1287800 | 1284597 | 1282386 || 1285205 | 1287163 | 1282106
Group3; 1427.423218; 2026-07-03 19:28:38.543931; 1281036 | 1284066 | 1284022 || 2163122 | 1956588 | 1797188 || 1287342 | 1284544 | 1282193 || 1285181 | 1287017 | 1282141
Group3; 1436.574678; 2026-07-03 19:28:47.695391; 1281225 | 1284056 | 1284023 || 2204438 | 2016315 | 1873003 || 1287317 | 1284210 | 1281985 || 1284859 | 1286651 | 1281849
Group3; 1445.725893; 2026-07-03 19:28:56.846606; 1280991 | 1284139 | 1284425 || 1815485 | 1699819 | 1603829 || 1287413 | 1284031 | 1281317 || 1284671 | 1286626 | 1281953
Group3; 1454.878084; 2026-07-03 19:29:05.998797; 1281093 | 1284518 | 1284702 || 2060925 | 1860996 | 1721401 || 1287793 | 1284314 | 1281901 || 1285080 | 1286931 | 1281954
Group3; 1464.029399; 2026-07-03 19:29:15.150112; 1281205 | 1284357 | 1284647 || 2263339 | 2081061 | 1915058 || 1287337 | 1284272 | 1282176 || 1285061 | 1286854 | 1281990
Group3; 1473.181165; 2026-07-03 19:29:24.301878; 1281048 | 1284399 | 1284659 || 1968092 | 1833633 | 1726651 || 1287841 | 1284502 | 1281817 || 1284896 | 1286999 | 1282037
Group3; 1482.33301; 2026-07-03 19:29:33.453723; 1281173 | 1284351 | 1284712 || 1809362 | 1700032 | 1605168 || 1287652 | 1284435 | 1282167 || 1285112 | 1286950 | 1282087
Group3; 1491.484715; 2026-07-03 19:29:42.605428; 1281196 | 1284374 | 1284652 || 1956038 | 1793328 | 1672566 || 1287545 | 1284849 | 1282106 || 1285387 | 1287254 | 1281966
Group3; 1500.619752; 2026-07-03 19:29:51.740465; 1281305 | 1284578 | 1284639 || 2249618 | 2059603 | 1893407 || 1287641 | 1284482 | 1281794 || 1285103 | 1287089 | 1282081
Group3; 1509.772477; 2026-07-03 19:30:00.893190; 1281247 | 1284436 | 1284571 || 1892773 | 1776933 | 1676618 || 1287595 | 1284508 | 1281940 || 1285082 | 1287033 | 1281962
Group3; 1518.923252; 2026-07-03 19:30:10.043965; 1281265 | 1284472 | 1284990 || 1925478 | 1767848 | 1652266 || 1287585 | 1284138 | 1282017 || 1284839 | 1286771 | 1282032
Group3; 1528.075189; 2026-07-03 19:30:19.195902; 1281076 | 1284204 | 1284607 || 2260122 | 2068470 | 1910274 || 1287885 | 1284398 | 1281784 || 1285078 | 1286896 | 1282209
Group3; 1537.226861; 2026-07-03 19:30:28.347574; 1281303 | 1284469 | 1284636 || 2080334 | 1873799 | 1731694 || 1287752 | 1284390 | 1281740 || 1285152 | 1286909 | 1281860
Group3; 1546.37813; 2026-07-03 19:30:37.498843; 1280943 | 1284277 | 1285208 || 1823189 | 1697558 | 1599567 || 1288024 | 1284726 | 1282152 || 1285230 | 1287266 | 1281948
Group3; 1555.529647; 2026-07-03 19:30:46.650360; 1281007 | 1284118 | 1284583 || 2159972 | 1974734 | 1843659 || 1287395 | 1284410 | 1281988 || 1284937 | 1286940 | 1281931
Group3; 1564.681397; 2026-07-03 19:30:55.802110; 1281145 | 1284347 | 1284446 || 2183935 | 1986410 | 1824636 || 1287484 | 1284650 | 1282302 || 1285366 | 1287172 | 1282381
Group3; 1573.833005; 2026-07-03 19:31:04.953718; 1281512 | 1284517 | 1284425 || 1833581 | 1701137 | 1600047 || 1287450 | 1284228 | 1281690 || 1284902 | 1286789 | 1282230
Group3; 1582.984569; 2026-07-03 19:31:14.105282; 1281337 | 1284499 | 1284604 || 1944690 | 1817344 | 1706858 || 1287671 | 1284707 | 1281915 || 1285302 | 1287013 | 1282387
Group3; 1592.120924; 2026-07-03 19:31:23.241637; 1281525 | 1284724 | 1285031 || 2266777 | 2077747 | 1919630 || 1287778 | 1284662 | 1282093 || 1285328 | 1287170 | 1282476
Group3; 1601.273153; 2026-07-03 19:31:32.393866; 1281630 | 1284811 | 1285045 || 2214201 | 2022394 | 1855462 || 1287916 | 1284645 | 1282357 || 1285440 | 1287240 | 1282432
Group3; 1610.424444; 2026-07-03 19:31:41.545157; 1281683 | 1284819 | 1285078 || 2109326 | 1896160 | 1748470 || 1287909 | 1284648 | 1282348 || 1285261 | 1287139 | 1282309
Group3; 1619.576398; 2026-07-03 19:31:50.697111; 1281259 | 1284510 | 1284998 || 1949552 | 1778431 | 1656136 || 1288017 | 1284697 | 1281956 || 1285296 | 1287139 | 1282068
Group3; 1628.727986; 2026-07-03 19:31:59.848699; 1281254 | 1284402 | 1284624 || 1826383 | 1691302 | 1590059 || 1287894 | 1284547 | 1281939 || 1285163 | 1287095 | 1281838
Group3; 1637.879339; 2026-07-03 19:32:09.000052; 1280986 | 1284269 | 1284825 || 1817550 | 1706027 | 1605432 || 1287657 | 1284388 | 1281765 || 1285069 | 1286911 | 1281900
Group3; 1647.031294; 2026-07-03 19:32:18.152007; 1281049 | 1284227 | 1284331 || 2123921 | 1949368 | 1816431 || 1287408 | 1284667 | 1282292 || 1285103 | 1287130 | 1282310
Group3; 1656.182649; 2026-07-03 19:32:27.303362; 1281442 | 1284454 | 1284471 || 2215313 | 2021671 | 1856326 || 1287850 | 1284716 | 1282285 || 1285571 | 1287462 | 1282533
Group3; 1665.334257; 2026-07-03 19:32:36.454970; 1281821 | 1284802 | 1284507 || 1848053 | 1707064 | 1601412 || 1287563 | 1284617 | 1282293 || 1285240 | 1287168 | 1282487
Group3; 1674.470369; 2026-07-03 19:32:45.591082; 1281532 | 1284646 | 1284910 || 2136671 | 1955978 | 1823553 || 1288115 | 1284757 | 1282109 || 1285273 | 1287329 | 1282268
Group1; SecondsElapsed; DateTimePC; N88_NTC1 | N88_NTC2 | N88_TestSB || N89_NTC1 | N89_NTC2 | N89_TestSB || N90_NTC1 | N90_NTC2 | N90_TestSB || N91_NTC1 | N91_NTC2 | N91_TestSB
Group1; 1674.530123; 2026-07-03 19:32:45.650836; New Node Array: 88 89 90 91
Group1; 1674.530526; 2026-07-03 19:32:45.651239; 
Group1; 1683.666109; 2026-07-03 19:32:54.786822; N88_NTC1 | N88_NTC2 | N88_TestSB || N89_NTC1 | N89_NTC2 | N89_TestSB || N90_NTC1 | N90_NTC2 | N90_TestSB || N91_NTC1 | N91_NTC2 | N91_TestSB
Group1; 1692.81735; 2026-07-03 19:33:03.938063; 1287966 | 1281667 | 1283624 || 1282245 | 1285813 | 1285532 || 1281459 | 1286430 | 1286483 || 1283106 | 1282516 | 1282277
Group1; 1701.969148; 2026-07-03 19:33:13.089861; 1288324 | 1281938 | 1283796 || 1282581 | 1285387 | 1285269 || 1281280 | 1285989 | 1286217 || 1282827 | 1282439 | 1282237
Group1; 1711.105083; 2026-07-03 19:33:22.225796; 1288151 | 1281848 | 1283779 || 1282449 | 1285276 | 1285257 || 1281233 | 1285983 | 1286302 || 1282742 | 1282242 | 1282413
Group1; 1720.256798; 2026-07-03 19:33:31.377511; 1288143 | 1281759 | 1283941 || 1282531 | 1285550 | 1285579 || 1281528 | 1285852 | 1286186 || 1282860 | 1282021 | 1282068
Group1; 1729.408714; 2026-07-03 19:33:40.529427; 1287923 | 1281583 | 1283711 || 1282288 | 1285179 | 1285201 || 1281102 | 1285718 | 1285816 || 1282599 | 1281894 | 1281778
Group1; 1738.559178; 2026-07-03 19:33:49.679891; 1287763 | 1281407 | 1283528 || 1282084 | 1284892 | 1284780 || 1280905 | 1285574 | 1285717 || 1282473 | 1281964 | 1281710
Group1; 1747.711804; 2026-07-03 19:33:58.832517; 1287827 | 1281480 | 1283357 || 1282074 | 1284831 | 1284861 || 1280883 | 1285280 | 1285947 || 1282256 | 1281891 | 1282024
Group1; 1756.863131; 2026-07-03 19:34:07.983844; 1287770 | 1281424 | 1283395 || 1282046 | 1285011 | 1284892 || 1281068 | 1285554 | 1285733 || 1282472 | 1281646 | 1281523
Group1; 1765.998907; 2026-07-03 19:34:17.119620; 1287541 | 1281195 | 1283294 || 1281937 | 1285489 | 1285163 || 1281350 | 1285631 | 1285617 || 1282504 | 1281719 | 1281612
Group1; 1775.150828; 2026-07-03 19:34:26.271541; 1287685 | 1281310 | 1283309 || 1282144 | 1285521 | 1284980 || 1281325 | 1285554 | 1285669 || 1282592 | 1281652 | 1282042
Group1; 1784.302261; 2026-07-03 19:34:35.422974; 1287848 | 1281541 | 1283473 || 1282346 | 1285405 | 1285240 || 1281318 | 1285889 | 1286218 || 1282949 | 1282201 | 1281983
Group1; 1793.45391; 2026-07-03 19:34:44.574623; 1288159 | 1281775 | 1283630 || 1282273 | 1285519 | 1285465 || 1281456 | 1286492 | 1286528 || 1283391 | 1282187 | 1281882
Group1; 1802.605904; 2026-07-03 19:34:53.726617; 1288300 | 1281830 | 1283749 || 1282342 | 1285519 | 1285381 || 1281348 | 1285984 | 1286121 || 1282888 | 1282200 | 1281896
Group1; 1811.757359; 2026-07-03 19:35:02.878072; 1288167 | 1281735 | 1283590 || 1282263 | 1285260 | 1285183 || 1281149 | 1285692 | 1285856 || 1282667 | 1282059 | 1281893
Group1; 1820.909223; 2026-07-03 19:35:12.029936; 1288063 | 1281572 | 1283572 || 1282214 | 1285443 | 1285343 || 1281242 | 1285820 | 1285884 || 1282629 | 1281916 | 1281997
Group1; 1830.060836; 2026-07-03 19:35:21.181549; 1287896 | 1281539 | 1283568 || 1282189 | 1285187 | 1285165 || 1281142 | 1285645 | 1285880 || 1282591 | 1281822 | 1282004
Group1; 1839.196263; 2026-07-03 19:35:30.316976; 1287768 | 1281484 | 1283715 || 1282330 | 1285768 | 1285549 || 1281566 | 1285838 | 1286052 || 1282799 | 1281931 | 1281783
Group1; 1848.347979; 2026-07-03 19:35:39.468692; 1287908 | 1281469 | 1283548 || 1282229 | 1285174 | 1285132 || 1281209 | 1285769 | 1285874 || 1282677 | 1281913 | 1281879
Group1; 1857.49997; 2026-07-03 19:35:48.620683; 1287864 | 1281506 | 1283523 || 1282217 | 1285331 | 1285403 || 1281235 | 1285872 | 1286237 || 1282858 | 1282235 | 1281861
Group1; 1866.6511; 2026-07-03 19:35:57.771813; 1288125 | 1281613 | 1283639 || 1282112 | 1285334 | 1285327 || 1281183 | 1285771 | 1286016 || 1282652 | 1281927 | 1282025
Group1; 1875.803376; 2026-07-03 19:36:06.924089; 1287919 | 1281562 | 1283636 || 1282200 | 1285168 | 1285155 || 1281052 | 1285872 | 1286407 || 1282839 | 1282482 | 1282299
Group1; 1884.954405; 2026-07-03 19:36:16.075118; 1288331 | 1281902 | 1283798 || 1282373 | 1284966 | 1285129 || 1280953 | 1285438 | 1286032 || 1282483 | 1281804 | 1281994
Group1; 1894.106173; 2026-07-03 19:36:25.226886; 1287872 | 1281462 | 1283626 || 1282102 | 1285233 | 1285150 || 1281116 | 1285593 | 1285768 || 1282559 | 1281773 | 1282123
Group1; 1903.242792; 2026-07-03 19:36:34.363505; 1287740 | 1281463 | 1283621 || 1282336 | 1285524 | 1285310 || 1281353 | 1285690 | 1285797 || 1282564 | 1281785 | 1281551
Group1; 1912.394105; 2026-07-03 19:36:43.514818; 1287632 | 1281355 | 1283372 || 1282004 | 1285026 | 1285042 || 1280996 | 1285821 | 1286160 || 1282788 | 1281999 | 1281770
Group1; 1921.545725; 2026-07-03 19:36:52.666438; 1287909 | 1281437 | 1283606 || 1282145 | 1285429 | 1285541 || 1281391 | 1285940 | 1286087 || 1282953 | 1282069 | 1281488
Group1; 1930.697213; 2026-07-03 19:37:01.817926; 1287899 | 1281444 | 1283433 || 1282026 | 1285145 | 1285132 || 1281003 | 1285967 | 1286299 || 1282851 | 1282323 | 1282076
Group1; 1939.849219; 2026-07-03 19:37:10.969932; 1288156 | 1281716 | 1283662 || 1282329 | 1285516 | 1285315 || 1281325 | 1286027 | 1286076 || 1282791 | 1282115 | 1281999
Group1; 1949.000815; 2026-07-03 19:37:20.121528; 1288144 | 1281697 | 1283665 || 1282342 | 1285328 | 1285262 || 1281344 | 1285789 | 1286197 || 1282854 | 1282205 | 1282099
Group1; 1958.152479; 2026-07-03 19:37:29.273192; 1288161 | 1281691 | 1283728 || 1282290 | 1285727 | 1285296 || 1281523 | 1286297 | 1286251 || 1283052 | 1282433 | 1282332
Group1; 1967.288264; 2026-07-03 19:37:38.408977; 1288373 | 1282007 | 1283862 || 1282568 | 1285538 | 1285465 || 1281530 | 1286388 | 1286924 || 1283216 | 1282865 | 1282300
Group1; 1976.439901; 2026-07-03 19:37:47.560614; 1288416 | 1282050 | 1283913 || 1282480 | 1285799 | 1285578 || 1281373 | 1286228 | 1286344 || 1283028 | 1282368 | 1282413
Group1; 1985.591622; 2026-07-03 19:37:56.712335; 1288374 | 1281982 | 1284117 || 1282664 | 1285359 | 1285530 || 1281511 | 1285963 | 1286149 || 1282869 | 1282313 | 1282344
Group1; 1994.743314; 2026-07-03 19:38:05.864027; 1288259 | 1281903 | 1283960 || 1282596 | 1285432 | 1285363 || 1281346 | 1285610 | 1285870 || 1282657 | 1282059 | 1282324
Group1; 2003.89509; 2026-07-03 19:38:15.015803; 1288088 | 1281769 | 1283908 || 1282606 | 1285735 | 1285507 || 1281550 | 1285683 | 1285828 || 1282592 | 1281686 | 1281875
Group1; 2013.046418; 2026-07-03 19:38:24.167131; 1287836 | 1281512 | 1283639 || 1282246 | 1285238 | 1285085 || 1281188 | 1285295 | 1285554 || 1282458 | 1281607 | 1281524
Group1; 2022.197902; 2026-07-03 19:38:33.318615; 1287620 | 1281259 | 1283304 || 1281891 | 1284941 | 1284947 || 1280942 | 1285648 | 1285945 || 1282632 | 1281824 | 1281230
Group1; 2031.349879; 2026-07-03 19:38:42.470592; 1287833 | 1281355 | 1283260 || 1281873 | 1284954 | 1284934 || 1280887 | 1285599 | 1285729 || 1282436 | 1281681 | 1281578
Group1; 2040.485776; 2026-07-03 19:38:51.606489; 1287646 | 1281274 | 1283301 || 1281931 | 1285042 | 1285173 || 1281163 | 1285863 | 1286134 || 1282913 | 1282003 | 1281666
Group1; 2049.637458; 2026-07-03 19:39:00.758171; 1288051 | 1281447 | 1283486 || 1282044 | 1285172 | 1285105 || 1280972 | 1285818 | 1286148 || 1282666 | 1282117 | 1281898
Group1; 2058.789074; 2026-07-03 19:39:09.909787; 1287957 | 1281611 | 1283621 || 1282199 | 1285239 | 1285184 || 1281159 | 1285740 | 1286115 || 1282720 | 1282387 | 1282453
Group1; 2067.940776; 2026-07-03 19:39:19.061489; 1288363 | 1281921 | 1283787 || 1282498 | 1285104 | 1285147 || 1281163 | 1285691 | 1285887 || 1282793 | 1282150 | 1282094
Group1; 2077.0921; 2026-07-03 19:39:28.212813; 1288326 | 1281829 | 1283678 || 1282513 | 1285834 | 1285472 || 1281616 | 1285921 | 1286244 || 1282857 | 1282092 | 1282361
Group1; 2086.243822; 2026-07-03 19:39:37.364535; 1288196 | 1281817 | 1283972 || 1282508 | 1285651 | 1285439 || 1281462 | 1286100 | 1286157 || 1282966 | 1282348 | 1282427
Group1; 2095.395353; 2026-07-03 19:39:46.516066; 1288313 | 1281943 | 1284051 || 1282758 | 1285768 | 1285614 || 1281615 | 1285932 | 1286094 || 1282874 | 1282085 | 1281549
Group1; 2104.531494; 2026-07-03 19:39:55.652207; 1288007 | 1281704 | 1283548 || 1282075 | 1285249 | 1284925 || 1281240 | 1285941 | 1285696 || 1282774 | 1281620 | 1281288
Group1; 2113.682912; 2026-07-03 19:40:04.803625; 1287692 | 1281231 | 1283180 || 1281707 | 1284909 | 1284807 || 1280733 | 1285702 | 1285767 || 1282537 | 1281729 | 1281158
Group1; 2122.834919; 2026-07-03 19:40:13.955632; 1287601 | 1281157 | 1283051 || 1281627 | 1284431 | 1284551 || 1280429 | 1284977 | 1285170 || 1281957 | 1281234 | 1281435
Group1; 2131.986587; 2026-07-03 19:40:23.107300; 1287221 | 1280890 | 1282974 || 1281559 | 1284485 | 1284439 || 1280466 | 1284721 | 1284972 || 1281822 | 1280945 | 1281192
Group1; 2141.138414; 2026-07-03 19:40:32.259127; 1287103 | 1280658 | 1282794 || 1281644 | 1284318 | 1284163 || 1280490 | 1284623 | 1285069 || 1281725 | 1281111 | 1281479
Group1; 2150.289741; 2026-07-03 19:40:41.410454; 1287171 | 1280764 | 1282841 || 1281612 | 1284521 | 1284390 || 1280493 | 1284968 | 1285149 || 1282093 | 1281478 | 1281552
Group1; 2159.441629; 2026-07-03 19:40:50.562342; 1287334 | 1281002 | 1283124 || 1281962 | 1285235 | 1284983 || 1281160 | 1285252 | 1285606 || 1282403 | 1281438 | 1281709
Group1; 2168.592806; 2026-07-03 19:40:59.713519; 1287500 | 1281137 | 1283341 || 1282071 | 1285058 | 1284983 || 1280930 | 1285325 | 1285364 || 1282250 | 1281440 | 1281811
Group1; 2177.72909; 2026-07-03 19:41:08.849803; 1287445 | 1281304 | 1283448 || 1282013 | 1285036 | 1284932 || 1281013 | 1285526 | 1285453 || 1282455 | 1281483 | 1281273
Group1; 2186.880337; 2026-07-03 19:41:18.001050; 1287508 | 1281083 | 1283115 || 1281791 | 1285049 | 1284893 || 1281033 | 1285423 | 1285647 || 1282364 | 1281616 | 1281745
Group1; 2196.032328; 2026-07-03 19:41:27.153041; 1287536 | 1281164 | 1283234 || 1281854 | 1285349 | 1284933 || 1281055 | 1285993 | 1285907 || 1282704 | 1281816 | 1281283
Group1; 2205.184104; 2026-07-03 19:41:36.304817; 1287819 | 1281275 | 1283141 || 1281911 | 1284912 | 1284876 || 1280835 | 1285350 | 1285693 || 1282201 | 1281759 | 1281909
Group1; 2214.335794; 2026-07-03 19:41:45.456507; 1287763 | 1281426 | 1283349 || 1282099 | 1285169 | 1285094 || 1281167 | 1285882 | 1286097 || 1282815 | 1282278 | 1282154
Group1; 2223.487431; 2026-07-03 19:41:54.608144; 1288180 | 1281773 | 1283721 || 1282355 | 1285436 | 1285257 || 1281396 | 1285814 | 1286010 || 1282802 | 1282140 | 1282639
Group1; 2232.638973; 2026-07-03 19:42:03.759686; 1288185 | 1281800 | 1284080 || 1282750 | 1285826 | 1285842 || 1281855 | 1285931 | 1286691 || 1283134 | 1282648 | 1283088
Group2; SecondsElapsed; DateTimePC; N92_NTC1 | N92_NTC2 | N92_TestSB || N93_NTC1 | N93_NTC2 | N93_TestSB || N94_NTC1 | N94_NTC2 | N94_TestSB || N96_NTC1 | N96_NTC2 | N96_TestSB
Group2; 2232.699049; 2026-07-03 19:42:03.819762; New Node Array: 92 93 94 96
Group2; 2232.69942; 2026-07-03 19:42:03.820133; 
Group2; 2241.834726; 2026-07-03 19:42:12.955439; N92_NTC1 | N92_NTC2 | N92_TestSB || N93_NTC1 | N93_NTC2 | N93_TestSB || N94_NTC1 | N94_NTC2 | N94_TestSB || N96_NTC1 | N96_NTC2 | N96_TestSB
Group2; 2250.986427; 2026-07-03 19:42:22.107140; 1283205 | 1282577 | 1286576 || 1287019 | 1283622 | 1282602 || 1286607 | 1284996 | 1286650 || 1283975 | 1286173 | 1282753
Group2; 2260.137561; 2026-07-03 19:42:31.258274; 1282760 | 1282361 | 1286496 || 1287111 | 1283474 | 1282632 || 1286429 | 1284832 | 1286652 || 1283779 | 1286107 | 1282323
Group2; 2269.273919; 2026-07-03 19:42:40.394632; 1282638 | 1281977 | 1285649 || 1286370 | 1282726 | 1281991 || 1285671 | 1284321 | 1286704 || 1283778 | 1286127 | 1282042
Group2; 2278.425556; 2026-07-03 19:42:49.546269; 1282792 | 1281798 | 1285437 || 1286023 | 1282600 | 1281870 || 1285473 | 1284103 | 1286090 || 1283280 | 1285359 | 1281445
Group2; 2287.576405; 2026-07-03 19:42:58.697118; 1281852 | 1281214 | 1285526 || 1285729 | 1282870 | 1282176 || 1285689 | 1284226 | 1285883 || 1283150 | 1285125 | 1281332
Group2; 2296.716999; 2026-07-03 19:43:07.837712; 1281831 | 1281176 | 1285168 || 1285786 | 1282447 | 1282041 || 1285562 | 1284379 | 1286459 || 1283681 | 1285712 | 1281208
Group2; 2305.859878; 2026-07-03 19:43:16.980591; 1282343 | 1281184 | 1284888 || 1285727 | 1282471 | 1282078 || 1285670 | 1284400 | 1286498 || 1283715 | 1285645 | 1281729
Group2; 2315.006075; 2026-07-03 19:43:26.126788; 1282181 | 1281441 | 1285200 || 1285884 | 1282472 | 1281953 || 1285532 | 1284242 | 1286417 || 1283505 | 1285720 | 1281674
Group2; 2324.138619; 2026-07-03 19:43:35.259332; 1282321 | 1281603 | 1285715 || 1285988 | 1283225 | 1282717 || 1285960 | 1285032 | 1286280 || 1283952 | 1285689 | 1281656
Group2; 2333.288653; 2026-07-03 19:43:44.409366; 1282246 | 1281863 | 1286223 || 1286453 | 1283355 | 1282584 || 1286282 | 1284988 | 1286915 || 1284421 | 1286653 | 1282678
Group2; 2342.439663; 2026-07-03 19:43:53.560376; 1283256 | 1282203 | 1286016 || 1286595 | 1283070 | 1282796 || 1286164 | 1285111 | 1287223 || 1284338 | 1286418 | 1282047
Group2; 2351.590799; 2026-07-03 19:44:02.711512; 1282971 | 1282085 | 1285817 || 1286618 | 1283347 | 1282748 || 1286362 | 1285125 | 1287047 || 1284328 | 1286693 | 1282690
Group2; 2360.741439; 2026-07-03 19:44:11.862152; 1283200 | 1282690 | 1286411 || 1287113 | 1283766 | 1282987 || 1286670 | 1285266 | 1286994 || 1284293 | 1286310 | 1282197
Group2; 2369.893771; 2026-07-03 19:44:21.014484; 1282819 | 1282114 | 1285969 || 1286599 | 1283342 | 1282324 || 1286173 | 1284808 | 1286602 || 1283932 | 1286156 | 1282528
Group2; 2379.045315; 2026-07-03 19:44:30.166028; 1282978 | 1282413 | 1285880 || 1286696 | 1283067 | 1282343 || 1285988 | 1284661 | 1286494 || 1283778 | 1286066 | 1282302
Group2; 2388.196448; 2026-07-03 19:44:39.317161; 1282400 | 1282113 | 1285838 || 1286451 | 1282996 | 1282177 || 1285914 | 1284662 | 1286434 || 1283730 | 1286018 | 1281803
Group2; 2397.332556; 2026-07-03 19:44:48.453269; 1282477 | 1281760 | 1285554 || 1286263 | 1282902 | 1282409 || 1285957 | 1284971 | 1286847 || 1284313 | 1286424 | 1282027
Group2; 2406.484269; 2026-07-03 19:44:57.604982; 1282802 | 1281808 | 1285964 || 1286307 | 1283289 | 1282595 || 1286262 | 1285090 | 1287027 || 1284223 | 1286436 | 1282236
Group2; 2415.635869; 2026-07-03 19:45:06.756582; 1282862 | 1282078 | 1286097 || 1286647 | 1283623 | 1282924 || 1286598 | 1285366 | 1287160 || 1284430 | 1286662 | 1282547
Group2; 2424.787628; 2026-07-03 19:45:15.908341; 1283195 | 1282500 | 1286314 || 1286993 | 1283582 | 1282893 || 1286509 | 1285195 | 1287192 || 1284309 | 1286424 | 1282335
Group2; 2433.938918; 2026-07-03 19:45:25.059631; 1283009 | 1282105 | 1286096 || 1286611 | 1283467 | 1282869 || 1286411 | 1285099 | 1286860 || 1284140 | 1286576 | 1282691
Group2; 2443.090711; 2026-07-03 19:45:34.211424; 1282951 | 1282502 | 1286161 || 1286804 | 1283072 | 1282312 || 1286187 | 1284920 | 1287060 || 1284354 | 1286634 | 1282692
Group2; 2452.241683; 2026-07-03 19:45:43.362396; 1283209 | 1282507 | 1286115 || 1286886 | 1283137 | 1282641 || 1286242 | 1285147 | 1286680 || 1284042 | 1286311 | 1282795
Group2; 2461.378238; 2026-07-03 19:45:52.498951; 1282903 | 1282500 | 1286555 || 1287183 | 1283366 | 1282522 || 1286543 | 1284790 | 1286751 || 1283879 | 1286165 | 1282310
Group2; 2470.53004; 2026-07-03 19:46:01.650753; 1282671 | 1282122 | 1286174 || 1286594 | 1283518 | 1282720 || 1286344 | 1284868 | 1286152 || 1283634 | 1285708 | 1281691
Group2; 2479.681033; 2026-07-03 19:46:10.801746; 1282142 | 1281883 | 1285930 || 1286432 | 1283195 | 1282250 || 1286077 | 1284657 | 1286383 || 1283672 | 1285860 | 1281588
Group2; 2488.833448; 2026-07-03 19:46:19.954161; 1282371 | 1281629 | 1285436 || 1285936 | 1282657 | 1282071 || 1285721 | 1284315 | 1286349 || 1283528 | 1286045 | 1282248
Group2; 2497.984751; 2026-07-03 19:46:29.105464; 1282457 | 1282133 | 1285964 || 1286447 | 1283325 | 1282596 || 1286245 | 1284979 | 1286534 || 1283744 | 1285800 | 1282118
Group2; 2507.135871; 2026-07-03 19:46:38.256584; 1282469 | 1281944 | 1285785 || 1286468 | 1283236 | 1282808 || 1286311 | 1284937 | 1286785 || 1284019 | 1286254 | 1282387
Group2; 2516.288159; 2026-07-03 19:46:47.408872; 1282775 | 1282271 | 1286504 || 1286800 | 1283705 | 1283181 || 1286729 | 1285585 | 1287251 || 1284751 | 1286671 | 1282691
Group2; 2525.42347; 2026-07-03 19:46:56.544183; 1283207 | 1282675 | 1286620 || 1287101 | 1283990 | 1283001 || 1286832 | 1285452 | 1287217 || 1284455 | 1286476 | 1282386
Group2; 2534.575721; 2026-07-03 19:47:05.696434; 1283040 | 1282380 | 1286666 || 1287031 | 1283981 | 1283052 || 1286827 | 1285325 | 1287074 || 1284433 | 1286678 | 1282442
Group2; 2543.72677; 2026-07-03 19:47:14.847483; 1283105 | 1282404 | 1286071 || 1286738 | 1283324 | 1282737 || 1286348 | 1285099 | 1286777 || 1284245 | 1286250 | 1282385
Group2; 2552.87911; 2026-07-03 19:47:23.999823; 1282905 | 1282241 | 1286275 || 1286889 | 1283419 | 1282447 || 1286387 | 1284879 | 1286708 || 1283888 | 1285851 | 1281779
Group2; 2562.030368; 2026-07-03 19:47:33.151081; 1282442 | 1281748 | 1285913 || 1286280 | 1282960 | 1282150 || 1286011 | 1284591 | 1286883 || 1284267 | 1286440 | 1282582
Group2; 2571.182368; 2026-07-03 19:47:42.303081; 1283071 | 1282396 | 1286396 || 1286982 | 1283421 | 1282369 || 1286282 | 1284763 | 1286653 || 1283957 | 1286472 | 1282102
Group2; 2580.333843; 2026-07-03 19:47:51.454556; 1282855 | 1282214 | 1286022 || 1286531 | 1283340 | 1282724 || 1286238 | 1285003 | 1287166 || 1284358 | 1286437 | 1282666
Group2; 2589.469705; 2026-07-03 19:48:00.590418; 1283115 | 1282569 | 1286609 || 1287180 | 1283932 | 1283149 || 1286900 | 1285518 | 1287270 || 1284611 | 1286713 | 1282966
Group2; 2598.62145; 2026-07-03 19:48:09.742163; 1283255 | 1282691 | 1286491 || 1287089 | 1283834 | 1283348 || 1286826 | 1285664 | 1287704 || 1284982 | 1287117 | 1282767
Group2; 2607.772724; 2026-07-03 19:48:18.893437; 1283585 | 1282805 | 1286670 || 1287315 | 1284138 | 1283487 || 1287198 | 1285858 | 1287412 || 1284757 | 1286740 | 1282810
Group2; 2616.924457; 2026-07-03 19:48:28.045170; 1283193 | 1282720 | 1286578 || 1287232 | 1283679 | 1282517 || 1286445 | 1284798 | 1286653 || 1283838 | 1286048 | 1282472
Group2; 2626.076313; 2026-07-03 19:48:37.197026; 1282642 | 1282201 | 1286368 || 1286810 | 1283535 | 1282249 || 1286287 | 1284661 | 1286436 || 1283795 | 1285952 | 1281774
Group2; 2635.228141; 2026-07-03 19:48:46.348854; 1282621 | 1281752 | 1285383 || 1286154 | 1282764 | 1282078 || 1285799 | 1284379 | 1285960 || 1283185 | 1285243 | 1281595
Group2; 2644.37975; 2026-07-03 19:48:55.500463; 1281937 | 1281411 | 1285517 || 1286043 | 1282932 | 1282512 || 1286076 | 1284586 | 1286198 || 1283653 | 1285409 | 1281396
Group2; 2653.51521; 2026-07-03 19:49:04.635923; 1281832 | 1281350 | 1285717 || 1285927 | 1283152 | 1282479 || 1286020 | 1284857 | 1286482 || 1283866 | 1286015 | 1282003
Group2; 2662.666807; 2026-07-03 19:49:13.787520; 1282579 | 1281909 | 1285624 || 1286392 | 1283046 | 1282500 || 1286119 | 1284911 | 1286723 || 1284061 | 1286099 | 1282178
Group2; 2671.818264; 2026-07-03 19:49:22.938977; 1282763 | 1282093 | 1286475 || 1286825 | 1283688 | 1282729 || 1286559 | 1285207 | 1286972 || 1284266 | 1286746 | 1283035
Group2; 2680.970501; 2026-07-03 19:49:32.091214; 1283327 | 1282771 | 1286740 || 1287245 | 1283823 | 1283214 || 1286886 | 1285500 | 1287141 || 1284569 | 1286550 | 1282682
Group2; 2690.122256; 2026-07-03 19:49:41.242969; 1283215 | 1282625 | 1286755 || 1287226 | 1283959 | 1283238 || 1287025 | 1285490 | 1287225 || 1284491 | 1286705 | 1283186
Group2; 2699.273863; 2026-07-03 19:49:50.394576; 1283249 | 1282848 | 1286503 || 1287303 | 1283460 | 1282408 || 1286497 | 1284933 | 1286815 || 1284163 | 1286258 | 1282331
Group2; 2708.425468; 2026-07-03 19:49:59.546181; 1282755 | 1282222 | 1286074 || 1286778 | 1283475 | 1282584 || 1286453 | 1284952 | 1286483 || 1283776 | 1285872 | 1281778
Group2; 2717.560783; 2026-07-03 19:50:08.681496; 1282372 | 1281670 | 1285776 || 1286391 | 1283136 | 1282162 || 1286070 | 1284451 | 1285850 || 1282880 | 1285200 | 1281720
Group2; 2726.712873; 2026-07-03 19:50:17.833586; 1281830 | 1281654 | 1285698 || 1286280 | 1283097 | 1282371 || 1286053 | 1284686 | 1286290 || 1283660 | 1285810 | 1281834
Group2; 2735.864213; 2026-07-03 19:50:26.984926; 1282345 | 1281747 | 1285644 || 1286198 | 1282782 | 1281956 || 1285743 | 1284395 | 1286252 || 1283546 | 1285885 | 1282011
Group2; 2745.016221; 2026-07-03 19:50:36.136934; 1282325 | 1281820 | 1285871 || 1286413 | 1283224 | 1282416 || 1286193 | 1284696 | 1286349 || 1283605 | 1286146 | 1282454
Group2; 2754.167187; 2026-07-03 19:50:45.287900; 1282708 | 1282270 | 1286366 || 1286922 | 1283624 | 1282686 || 1286549 | 1284808 | 1286881 || 1284287 | 1286460 | 1282609
Group2; 2763.319109; 2026-07-03 19:50:54.439822; 1283050 | 1282344 | 1286725 || 1287083 | 1284021 | 1283093 || 1286905 | 1285357 | 1287242 || 1284356 | 1286936 | 1283309
Group2; 2772.470786; 2026-07-03 19:51:03.591499; 1283197 | 1283065 | 1287197 || 1287548 | 1284483 | 1283716 || 1287388 | 1286079 | 1287950 || 1285264 | 1287434 | 1283516
Group2; 2781.622754; 2026-07-03 19:51:12.743467; 1283921 | 1283251 | 1287020 || 1287709 | 1284186 | 1283179 || 1287149 | 1285599 | 1287293 || 1284464 | 1286527 | 1283139
Group2; 2790.758549; 2026-07-03 19:51:21.879262; 1283245 | 1282794 | 1286799 || 1287467 | 1284015 | 1283048 || 1286985 | 1285286 | 1286907 || 1284231 | 1286609 | 1282609
Group3; SecondsElapsed; DateTimePC; N97_NTC1 | N97_NTC2 | N97_TestSB || N98_NTC1 | N98_NTC2 | N98_TestSB || N99_NTC1 | N99_NTC2 | N99_TestSB || N29_NTC1 | N29_NTC2 | N29_TestSB
Group3; 2790.818844; 2026-07-03 19:51:21.939557; New Node Array: 97 98 99 29
Group3; 2790.819439; 2026-07-03 19:51:21.940152; 
Group3; 2799.954373; 2026-07-03 19:51:31.075086; N97_NTC1 | N97_NTC2 | N97_TestSB || N98_NTC1 | N98_NTC2 | N98_TestSB || N99_NTC1 | N99_NTC2 | N99_TestSB || N29_NTC1 | N29_NTC2 | N29_TestSB
Group3; 2809.105935; 2026-07-03 19:51:40.226648; 1281017 | 1283981 | 1283974 || 2252865 | 2085106 | 1937722 || 1286959 | 1283969 | 1281756 || 1284543 | 1286705 | 1281768
Group3; 2818.257605; 2026-07-03 19:51:49.378318; 1280834 | 1284082 | 1284230 || 1821580 | 1727072 | 1644338 || 1287348 | 1283952 | 1281414 || 1284695 | 1286474 | 1281708
Group3; 2827.393248; 2026-07-03 19:51:58.513961; 1280846 | 1284087 | 1284033 || 2080958 | 1895140 | 1764508 || 1287050 | 1284288 | 1282298 || 1284613 | 1286812 | 1282161
Group3; 2836.544975; 2026-07-03 19:52:07.665688; 1281071 | 1284329 | 1284820 || 2270371 | 2097813 | 1943274 || 1288027 | 1285028 | 1282301 || 1285493 | 1287339 | 1282132
Group3; 2845.696583; 2026-07-03 19:52:16.817296; 1281314 | 1284595 | 1285368 || 1824205 | 1731498 | 1649100 || 1288331 | 1284792 | 1282080 || 1285533 | 1287385 | 1282485
Group3; 2854.848598; 2026-07-03 19:52:25.969311; 1281683 | 1284867 | 1285267 || 1852165 | 1729596 | 1637910 || 1288168 | 1285184 | 1282378 || 1285797 | 1287635 | 1283074
Group3; 2863.999562; 2026-07-03 19:52:35.120275; 1282109 | 1285190 | 1285356 || 2090610 | 1901371 | 1763749 || 1288606 | 1285500 | 1282846 || 1286086 | 1287881 | 1282766
Group3; 2873.151771; 2026-07-03 19:52:44.272484; 1281967 | 1285007 | 1285000 || 2253924 | 2075810 | 1920711 || 1288123 | 1284767 | 1282196 || 1285457 | 1287300 | 1282325
Group3; 2882.303061; 2026-07-03 19:52:53.423774; 1281372 | 1284862 | 1284794 || 2213341 | 2035220 | 1894282 || 1287642 | 1284129 | 1281646 || 1284745 | 1286850 | 1281980
Group3; 2891.454942; 2026-07-03 19:53:02.575655; 1281237 | 1284319 | 1284209 || 1861009 | 1757814 | 1665914 || 1287049 | 1284060 | 1281850 || 1284810 | 1286668 | 1281838
Group3; 2900.606146; 2026-07-03 19:53:11.726859; 1280972 | 1284004 | 1284314 || 1842901 | 1717843 | 1624651 || 1287301 | 1284438 | 1281665 || 1284919 | 1286713 | 1282079
Group3; 2909.758157; 2026-07-03 19:53:20.878870; 1280860 | 1284330 | 1284601 || 2093988 | 1897979 | 1756113 || 1287307 | 1284185 | 1282266 || 1285141 | 1287098 | 1282792
Group3; 2918.893629; 2026-07-03 19:53:30.014342; 1281663 | 1284714 | 1284675 || 2220852 | 2034712 | 1875845 || 1288017 | 1284858 | 1282453 || 1285570 | 1287377 | 1282789
Group3; 2928.045263; 2026-07-03 19:53:39.165976; 1281923 | 1285219 | 1285337 || 2265646 | 2084468 | 1918707 || 1288296 | 1285083 | 1282397 || 1285747 | 1287637 | 1283035
Group3; 2937.196694; 2026-07-03 19:53:48.317407; 1282249 | 1285459 | 1285408 || 2163526 | 1980061 | 1846562 || 1288659 | 1285157 | 1282503 || 1285821 | 1287662 | 1283102
Group3; 2946.34879; 2026-07-03 19:53:57.469503; 1281944 | 1285427 | 1285737 || 1834598 | 1730786 | 1637471 || 1288353 | 1284859 | 1282183 || 1285583 | 1287419 | 1282666
Group3; 2955.500957; 2026-07-03 19:54:06.621670; 1281644 | 1284766 | 1284681 || 1813059 | 1694889 | 1599309 || 1287738 | 1284766 | 1282245 || 1285363 | 1287195 | 1282162
Group3; 2964.65251; 2026-07-03 19:54:15.773223; 1281384 | 1284607 | 1284630 || 1921274 | 1767633 | 1652238 || 1287616 | 1284422 | 1281740 || 1284937 | 1286823 | 1281540
Group3; 2973.804189; 2026-07-03 19:54:24.924902; 1280608 | 1283930 | 1284152 || 2031573 | 1842189 | 1705656 || 1286929 | 1284028 | 1281494 || 1284620 | 1286533 | 1281487
Group3; 2982.955667; 2026-07-03 19:54:34.076380; 1280620 | 1283584 | 1283959 || 2182904 | 1982329 | 1812298 || 1287107 | 1283888 | 1281432 || 1284487 | 1286438 | 1281603
Group3; 2992.10725; 2026-07-03 19:54:43.227963; 1280763 | 1283853 | 1283870 || 2238186 | 2048589 | 1883481 || 1287142 | 1284227 | 1281972 || 1284783 | 1286738 | 1281891
Group3; 3001.242861; 2026-07-03 19:54:52.363574; 1281111 | 1284076 | 1283962 || 2228328 | 2038260 | 1880479 || 1287205 | 1284213 | 1281843 || 1284964 | 1286939 | 1282540
Group3; 3010.394841; 2026-07-03 19:55:01.515554; 1281579 | 1284363 | 1284351 || 1926404 | 1799229 | 1694250 || 1287546 | 1284625 | 1282059 || 1285253 | 1287145 | 1282252
Group3; 3019.546104; 2026-07-03 19:55:10.666817; 1281519 | 1284857 | 1285097 || 1826435 | 1696445 | 1594721 || 1287889 | 1284947 | 1282743 || 1285706 | 1287568 | 1282782
Group3; 3028.698095; 2026-07-03 19:55:19.818808; 1282048 | 1284814 | 1284827 || 2070203 | 1869911 | 1721721 || 1288031 | 1284607 | 1282121 || 1285432 | 1287308 | 1282866
Group3; 3037.850148; 2026-07-03 19:55:28.970861; 1281791 | 1284940 | 1285188 || 2202496 | 2007085 | 1836922 || 1287877 | 1284785 | 1282692 || 1285397 | 1287362 | 1282459
Group3; 3047.001324; 2026-07-03 19:55:38.122037; 1281530 | 1284654 | 1284898 || 2249450 | 2062816 | 1892087 || 1287821 | 1284719 | 1282207 || 1285223 | 1287214 | 1282411
Group3; 3056.153404; 2026-07-03 19:55:47.274117; 1281185 | 1284591 | 1284786 || 2067670 | 1894919 | 1772195 || 1287855 | 1284594 | 1282476 || 1285239 | 1287184 | 1282387
Group3; 3065.305051; 2026-07-03 19:55:56.425764; 1281476 | 1284674 | 1284593 || 1802490 | 1694815 | 1595792 || 1287463 | 1284726 | 1282293 || 1285344 | 1287191 | 1281996
Group3; 3074.456437; 2026-07-03 19:56:05.577150; 1281030 | 1284151 | 1284553 || 1849947 | 1703539 | 1595936 || 1287358 | 1284256 | 1282148 || 1285020 | 1286856 | 1282105
Group3; 3083.591697; 2026-07-03 19:56:14.712410; 1281310 | 1284595 | 1284476 || 2060291 | 1859012 | 1710751 || 1287578 | 1284679 | 1282128 || 1285188 | 1287066 | 1282395
Group3; 3092.743897; 2026-07-03 19:56:23.864610; 1281427 | 1284566 | 1284534 || 2261230 | 2072498 | 1898769 || 1287648 | 1284304 | 1281579 || 1284978 | 1286814 | 1281789
Group3; 3101.895497; 2026-07-03 19:56:33.016210; 1281080 | 1284233 | 1284464 || 1902355 | 1778636 | 1673305 || 1287532 | 1284697 | 1282356 || 1285069 | 1286850 | 1282281
Group3; 3111.047234; 2026-07-03 19:56:42.167947; 1281116 | 1284316 | 1284724 || 1832867 | 1697785 | 1592508 || 1287965 | 1284786 | 1282016 || 1285533 | 1287138 | 1282155
Group3; 3120.199162; 2026-07-03 19:56:51.319875; 1281500 | 1284324 | 1284163 || 2090061 | 1880065 | 1725120 || 1287206 | 1284333 | 1282343 || 1285098 | 1286883 | 1282573
Group3; 3129.350589; 2026-07-03 19:57:00.471302; 1281533 | 1284647 | 1284730 || 2215888 | 2021207 | 1850711 || 1287571 | 1284405 | 1281803 || 1285092 | 1286994 | 1282466
Group3; 3138.501957; 2026-07-03 19:57:09.622670; 1281512 | 1284790 | 1284874 || 2181713 | 1990460 | 1841411 || 1287458 | 1284389 | 1282418 || 1285145 | 1287235 | 1282674
Group3; 3147.653467; 2026-07-03 19:57:18.774180; 1281747 | 1284924 | 1285171 || 1791034 | 1678292 | 1577990 || 1288169 | 1284972 | 1282275 || 1285531 | 1287366 | 1282494
Group3; 3156.805147; 2026-07-03 19:57:27.925860; 1281745 | 1284611 | 1284653 || 2106932 | 1891433 | 1734482 || 1287897 | 1284719 | 1282381 || 1285258 | 1287316 | 1282655
Group3; 3165.941346; 2026-07-03 19:57:37.062059; 1281698 | 1284698 | 1284697 || 2113393 | 1928852 | 1798273 || 1287603 | 1284455 | 1282101 || 1285122 | 1287032 | 1282113
Group3; 3175.092557; 2026-07-03 19:57:46.213270; 1281258 | 1284414 | 1284394 || 1976130 | 1790561 | 1658184 || 1287117 | 1283948 | 1281547 || 1284548 | 1286756 | 1281965
Group3; 3184.244367; 2026-07-03 19:57:55.365080; 1281170 | 1284288 | 1284272 || 2175443 | 1982158 | 1843581 || 1287244 | 1283984 | 1281355 || 1284596 | 1286575 | 1281903
Group3; 3193.396386; 2026-07-03 19:58:04.517099; 1281058 | 1284546 | 1284692 || 1812327 | 1685572 | 1580884 || 1287292 | 1283726 | 1281772 || 1284481 | 1286550 | 1281787
Group3; 3202.548702; 2026-07-03 19:58:13.669415; 1280882 | 1284127 | 1284411 || 2087009 | 1876422 | 1720821 || 1287766 | 1284521 | 1281803 || 1285177 | 1286895 | 1281985
Group3; 3211.699616; 2026-07-03 19:58:22.820329; 1281234 | 1284226 | 1284238 || 2256666 | 2065762 | 1891037 || 1287382 | 1284133 | 1281450 || 1284730 | 1286666 | 1281743
Group3; 3220.851331; 2026-07-03 19:58:31.972044; 1280954 | 1284309 | 1284325 || 1794506 | 1675844 | 1572946 || 1287297 | 1284164 | 1281583 || 1284937 | 1286643 | 1282006
Group3; 3230.002959; 2026-07-03 19:58:41.123672; 1281284 | 1284713 | 1284939 || 2188570 | 1986741 | 1817871 || 1287785 | 1284334 | 1281540 || 1284792 | 1286964 | 1282125
Group3; 3239.154549; 2026-07-03 19:58:50.275262; 1281184 | 1284363 | 1284689 || 1971308 | 1827442 | 1710280 || 1287661 | 1284494 | 1282064 || 1285055 | 1287001 | 1282253
Group3; 3248.305614; 2026-07-03 19:58:59.426327; 1281219 | 1284736 | 1285143 || 2027219 | 1823846 | 1682391 || 1287587 | 1284218 | 1281713 || 1285080 | 1286949 | 1282490
Group3; 3257.441352; 2026-07-03 19:59:08.562065; 1281555 | 1284911 | 1284957 || 1993269 | 1839665 | 1717309 || 1287656 | 1284265 | 1281504 || 1284987 | 1286937 | 1281909
Group3; 3266.59372; 2026-07-03 19:59:17.714433; 1281297 | 1284861 | 1285014 || 2132005 | 1922345 | 1762998 || 1287852 | 1284613 | 1282127 || 1285226 | 1287083 | 1282134
Group3; 3275.745361; 2026-07-03 19:59:26.866074; 1281274 | 1284552 | 1284961 || 1800646 | 1675856 | 1574917 || 1287998 | 1284942 | 1282393 || 1285506 | 1287385 | 1282546
Group3; 3284.897134; 2026-07-03 19:59:36.017847; 1281698 | 1284596 | 1284533 || 2244578 | 2053076 | 1884256 || 1287769 | 1284615 | 1282473 || 1285355 | 1287239 | 1282755
Group3; 3294.048317; 2026-07-03 19:59:45.169030; 1281883 | 1285097 | 1284895 || 1946329 | 1765860 | 1636273 || 1287608 | 1284551 | 1282722 || 1285200 | 1287241 | 1282465
Group3; 3303.200094; 2026-07-03 19:59:54.320807; 1281629 | 1284424 | 1284480 || 1826836 | 1710687 | 1604237 || 1287455 | 1284298 | 1281787 || 1284942 | 1286862 | 1282470
Group3; 3312.351675; 2026-07-03 20:00:03.472388; 1281498 | 1284897 | 1285117 || 2248222 | 2054440 | 1880894 || 1287821 | 1284724 | 1282811 || 1285367 | 1287328 | 1282925
Group3; 3321.503394; 2026-07-03 20:00:12.624107; 1281989 | 1285135 | 1284545 || 1969507 | 1780986 | 1644363 || 1287529 | 1284727 | 1281990 || 1285411 | 1287522 | 1282817
Group3; 3330.654773; 2026-07-03 20:00:21.775486; 1282087 | 1285277 | 1285367 || 1802170 | 1687885 | 1583577 || 1287982 | 1284505 | 1281852 || 1285339 | 1287142 | 1282536
Group3; 3339.790809; 2026-07-03 20:00:30.911522; 1281608 | 1284892 | 1285061 || 2245113 | 2048071 | 1867024 || 1287822 | 1284704 | 1282440 || 1285453 | 1287419 | 1282724
Group3; 3348.942978; 2026-07-03 20:00:40.063691; 1281943 | 1285127 | 1285167 || 2019899 | 1815927 | 1668400 || 1287434 | 1284138 | 1281860 || 1285058 | 1286988 | 1282375
Group1; SecondsElapsed; DateTimePC; N88_NTC1 | N88_NTC2 | N88_TestSB || N89_NTC1 | N89_NTC2 | N89_TestSB || N90_NTC1 | N90_NTC2 | N90_TestSB || N91_NTC1 | N91_NTC2 | N91_TestSB
Group1; 3349.00273; 2026-07-03 20:00:40.123443; New Node Array: 88 89 90 91
Group1; 3349.003087; 2026-07-03 20:00:40.123800; 
Group1; 3358.138254; 2026-07-03 20:00:49.258967; N88_NTC1 | N88_NTC2 | N88_TestSB || N89_NTC1 | N89_NTC2 | N89_TestSB || N90_NTC1 | N90_NTC2 | N90_TestSB || N91_NTC1 | N91_NTC2 | N91_TestSB
Group1; 3367.289907; 2026-07-03 20:00:58.410620; 1287499 | 1281244 | 1283488 || 1282245 | 1285646 | 1285414 || 1281526 | 1285968 | 1285777 || 1282481 | 1281621 | 1281755
Group1; 3376.44155; 2026-07-03 20:01:07.562263; 1287457 | 1281453 | 1283352 || 1281959 | 1285385 | 1285211 || 1281250 | 1285752 | 1286048 || 1282680 | 1282034 | 1282105
Group1; 3385.577379; 2026-07-03 20:01:16.698092; 1288028 | 1281616 | 1283684 || 1282388 | 1285745 | 1285516 || 1281448 | 1286316 | 1286552 || 1283138 | 1282452 | 1282062
Group1; 3394.728898; 2026-07-03 20:01:25.849611; 1288283 | 1281935 | 1283889 || 1282470 | 1285942 | 1285809 || 1281829 | 1286764 | 1286962 || 1283633 | 1282602 | 1282435
Group1; 3403.88023; 2026-07-03 20:01:35.000943; 1288559 | 1282136 | 1284278 || 1282753 | 1285888 | 1286051 || 1281943 | 1286709 | 1287100 || 1283765 | 1283059 | 1282703
Group1; 3413.032446; 2026-07-03 20:01:44.153159; 1288920 | 1282419 | 1284408 || 1283112 | 1285976 | 1285940 || 1281947 | 1286793 | 1286933 || 1283540 | 1282842 | 1282233
Group1; 3422.184173; 2026-07-03 20:01:53.304886; 1288577 | 1282246 | 1284073 || 1282721 | 1285524 | 1285403 || 1281569 | 1286035 | 1286343 || 1283073 | 1282449 | 1282368
Group1; 3431.335786; 2026-07-03 20:02:02.456499; 1288366 | 1281956 | 1283941 || 1282596 | 1285217 | 1285339 || 1281248 | 1285663 | 1286004 || 1282734 | 1281874 | 1281481
Group1; 3440.487449; 2026-07-03 20:02:11.608162; 1287802 | 1281392 | 1283499 || 1282147 | 1285079 | 1284989 || 1281121 | 1285612 | 1285680 || 1282490 | 1281775 | 1281520
Group1; 3449.622568; 2026-07-03 20:02:20.743281; 1287576 | 1281230 | 1283306 || 1281849 | 1285232 | 1285088 || 1281094 | 1285595 | 1285684 || 1282565 | 1281789 | 1281769
Group1; 3458.774841; 2026-07-03 20:02:29.895554; 1287855 | 1281411 | 1283334 || 1282217 | 1285422 | 1285227 || 1281405 | 1285734 | 1285860 || 1282673 | 1281803 | 1281642
Group1; 3467.926458; 2026-07-03 20:02:39.047171; 1287779 | 1281418 | 1283410 || 1282251 | 1285613 | 1285414 || 1281440 | 1286340 | 1286493 || 1283217 | 1282355 | 1282049
Group1; 3477.077882; 2026-07-03 20:02:48.198595; 1288251 | 1281847 | 1283780 || 1282529 | 1285982 | 1285692 || 1281744 | 1286315 | 1286482 || 1283232 | 1282527 | 1282769
Group1; 3486.22967; 2026-07-03 20:02:57.350383; 1288570 | 1282179 | 1284263 || 1283021 | 1286163 | 1285977 || 1282101 | 1286685 | 1286639 || 1283552 | 1282893 | 1282566
Group1; 3495.381277; 2026-07-03 20:03:06.501990; 1288780 | 1282346 | 1284224 || 1282963 | 1285863 | 1285736 || 1281860 | 1286331 | 1286916 || 1283405 | 1282831 | 1282659
Group1; 3504.532721; 2026-07-03 20:03:15.653434; 1288795 | 1282391 | 1284177 || 1282990 | 1285764 | 1285764 || 1281701 | 1285931 | 1286308 || 1282870 | 1282318 | 1282427
Group1; 3513.669069; 2026-07-03 20:03:24.789782; 1288308 | 1282054 | 1284061 || 1282730 | 1285586 | 1285323 || 1281366 | 1286043 | 1286291 || 1282867 | 1282350 | 1281890
Group1; 3522.820653; 2026-07-03 20:03:33.941366; 1288158 | 1281768 | 1283669 || 1282575 | 1285419 | 1285271 || 1281439 | 1285556 | 1285632 || 1282699 | 1281709 | 1281521
Group1; 3531.97205; 2026-07-03 20:03:43.092763; 1287717 | 1281305 | 1283376 || 1282208 | 1285369 | 1285119 || 1281232 | 1285703 | 1285828 || 1282676 | 1281914 | 1281827
Group1; 3541.124005; 2026-07-03 20:03:52.244718; 1287882 | 1281481 | 1283509 || 1282317 | 1285463 | 1285315 || 1281363 | 1285931 | 1286068 || 1282870 | 1281844 | 1281258
Group1; 3550.275783; 2026-07-03 20:04:01.396496; 1287785 | 1281385 | 1283316 || 1282192 | 1285630 | 1285102 || 1281649 | 1286459 | 1286421 || 1283279 | 1282595 | 1282344
Group1; 3559.426248; 2026-07-03 20:04:10.546961; 1288389 | 1282044 | 1283942 || 1282780 | 1286039 | 1285869 || 1281826 | 1286424 | 1286667 || 1283303 | 1282553 | 1282767
Group1; 3568.578884; 2026-07-03 20:04:19.699597; 1288451 | 1282068 | 1284229 || 1282848 | 1286107 | 1286046 || 1282059 | 1286702 | 1286896 || 1283578 | 1282763 | 1282366
Group1; 3577.71469; 2026-07-03 20:04:28.835403; 1288650 | 1282266 | 1284242 || 1282889 | 1286054 | 1285848 || 1281933 | 1286538 | 1286744 || 1283490 | 1282743 | 1282576
Group1; 3586.866391; 2026-07-03 20:04:37.987104; 1288680 | 1282290 | 1284276 || 1282974 | 1286043 | 1285917 || 1281903 | 1286397 | 1286478 || 1283198 | 1282301 | 1281965
Group1; 3596.017974; 2026-07-03 20:04:47.138687; 1288215 | 1281821 | 1283954 || 1282524 | 1285706 | 1285408 || 1281566 | 1285730 | 1285720 || 1282710 | 1281785 | 1282101
Group1; 3605.169664; 2026-07-03 20:04:56.290377; 1287856 | 1281640 | 1283671 || 1282178 | 1285305 | 1285325 || 1281142 | 1285762 | 1286023 || 1282480 | 1281831 | 1281697
Group1; 3614.320935; 2026-07-03 20:05:05.441648; 1287727 | 1281447 | 1283413 || 1281954 | 1285277 | 1285236 || 1281098 | 1285756 | 1286024 || 1282826 | 1282081 | 1281969
Group1; 3623.472514; 2026-07-03 20:05:14.593227; 1288085 | 1281588 | 1283652 || 1282339 | 1285493 | 1285372 || 1281380 | 1285918 | 1286425 || 1282904 | 1282600 | 1282472
Group1; 3632.624223; 2026-07-03 20:05:23.744936; 1288470 | 1281947 | 1283982 || 1282764 | 1285861 | 1285742 || 1281796 | 1286410 | 1286696 || 1283438 | 1282794 | 1282836
Group1; 3641.760176; 2026-07-03 20:05:32.880889; 1288694 | 1282238 | 1284195 || 1283061 | 1285793 | 1285659 || 1281911 | 1286484 | 1286751 || 1283486 | 1282799 | 1283258
Group1; 3650.911556; 2026-07-03 20:05:42.032269; 1288888 | 1282383 | 1284571 || 1283284 | 1286278 | 1286137 || 1282137 | 1286545 | 1286990 || 1283462 | 1282866 | 1282850
Group1; 3660.063557; 2026-07-03 20:05:51.184270; 1288858 | 1282487 | 1284500 || 1283083 | 1285685 | 1285703 || 1281712 | 1286293 | 1286344 || 1283057 | 1282317 | 1282380
Group1; 3669.215434; 2026-07-03 20:06:00.336147; 1288339 | 1282019 | 1284118 || 1282825 | 1285736 | 1285678 || 1281717 | 1285737 | 1285897 || 1282662 | 1281827 | 1281657
Group1; 3678.367151; 2026-07-03 20:06:09.487864; 1287733 | 1281616 | 1283575 || 1282043 | 1285427 | 1285253 || 1281188 | 1285801 | 1286107 || 1282641 | 1281893 | 1281908
Group1; 3687.518756; 2026-07-03 20:06:18.639469; 1287749 | 1281487 | 1283553 || 1282071 | 1284900 | 1284854 || 1280856 | 1285314 | 1285606 || 1282286 | 1281551 | 1281680
Group1; 3696.670322; 2026-07-03 20:06:27.791035; 1287489 | 1281135 | 1283331 || 1281972 | 1284999 | 1284981 || 1281051 | 1285725 | 1285825 || 1282798 | 1282113 | 1282231
Group1; 3705.821528; 2026-07-03 20:06:36.942241; 1288180 | 1281712 | 1283619 || 1282452 | 1285159 | 1285196 || 1281139 | 1286027 | 1286711 || 1282844 | 1282660 | 1282225
Group1; 3714.957723; 2026-07-03 20:06:46.078436; 1288471 | 1281946 | 1283812 || 1282555 | 1285799 | 1285659 || 1281717 | 1286436 | 1286709 || 1283444 | 1282842 | 1282962
Group1; 3724.109386; 2026-07-03 20:06:55.230099; 1288801 | 1282323 | 1284346 || 1283116 | 1285897 | 1285767 || 1281872 | 1286558 | 1286686 || 1283572 | 1282998 | 1282798
Group1; 3733.257866; 2026-07-03 20:07:04.378579; 1288898 | 1282388 | 1284421 || 1283087 | 1285674 | 1285936 || 1281811 | 1286497 | 1287195 || 1283738 | 1283049 | 1282944
Group1; 3742.395403; 2026-07-03 20:07:13.516116; 1289083 | 1282457 | 1284492 || 1283155 | 1285920 | 1285881 || 1281955 | 1286505 | 1286929 || 1283406 | 1282765 | 1282631
Group1; 3751.538887; 2026-07-03 20:07:22.659600; 1288777 | 1282308 | 1284392 || 1282950 | 1285925 | 1285947 || 1281833 | 1286179 | 1286475 || 1283094 | 1282320 | 1281704
Group1; 3760.686271; 2026-07-03 20:07:31.806984; 1288273 | 1281816 | 1283778 || 1282497 | 1285410 | 1285372 || 1281513 | 1285667 | 1285715 || 1282647 | 1281851 | 1281648
Group1; 3769.835484; 2026-07-03 20:07:40.956197; 1287868 | 1281421 | 1283500 || 1282060 | 1285110 | 1284952 || 1281020 | 1285585 | 1285548 || 1282454 | 1281391 | 1281304
Group1; 3778.970015; 2026-07-03 20:07:50.090728; 1287388 | 1281098 | 1283183 || 1281864 | 1285290 | 1284996 || 1281091 | 1285615 | 1285744 || 1282547 | 1281585 | 1281311
Group1; 3788.120753; 2026-07-03 20:07:59.241466; 1287598 | 1281164 | 1283409 || 1282099 | 1285289 | 1285013 || 1281027 | 1285582 | 1285638 || 1282478 | 1281813 | 1281971
Group1; 3797.272638; 2026-07-03 20:08:08.393351; 1287663 | 1281496 | 1283524 || 1282150 | 1285648 | 1285469 || 1281443 | 1286049 | 1286121 || 1282983 | 1282173 | 1282037
Group1; 3806.424134; 2026-07-03 20:08:17.544847; 1288085 | 1281696 | 1283734 || 1282532 | 1285420 | 1285135 || 1281323 | 1285931 | 1286326 || 1282984 | 1282396 | 1282503
Group1; 3815.575322; 2026-07-03 20:08:26.696035; 1288380 | 1281910 | 1284002 || 1282852 | 1285763 | 1285735 || 1281681 | 1286324 | 1286509 || 1283083 | 1282641 | 1282477
Group1; 3824.727241; 2026-07-03 20:08:35.847954; 1288434 | 1282101 | 1284043 || 1282717 | 1286029 | 1285709 || 1281774 | 1286607 | 1286852 || 1283552 | 1283010 | 1282837
Group1; 3833.878656; 2026-07-03 20:08:44.999369; 1288845 | 1282407 | 1284402 || 1283149 | 1286050 | 1286010 || 1281978 | 1286141 | 1286421 || 1283186 | 1282531 | 1282689
Group1; 3843.013823; 2026-07-03 20:08:54.134536; 1288535 | 1282171 | 1284341 || 1282960 | 1285707 | 1285716 || 1281792 | 1286085 | 1286360 || 1283052 | 1282388 | 1282388
Group1; 3852.165708; 2026-07-03 20:09:03.286421; 1288329 | 1281960 | 1283981 || 1282573 | 1285350 | 1285484 || 1281311 | 1285878 | 1286255 || 1282825 | 1282196 | 1282008
Group1; 3861.31732; 2026-07-03 20:09:12.438033; 1288101 | 1281717 | 1283775 || 1282321 | 1285275 | 1285309 || 1281271 | 1285819 | 1286169 || 1282741 | 1282146 | 1282372
Group1; 3870.469323; 2026-07-03 20:09:21.590036; 1288162 | 1281772 | 1283820 || 1282424 | 1285279 | 1285208 || 1281329 | 1285477 | 1285919 || 1282631 | 1281975 | 1282276
Group1; 3879.620684; 2026-07-03 20:09:30.741397; 1288181 | 1281651 | 1283789 || 1282613 | 1285350 | 1285285 || 1281402 | 1285783 | 1286330 || 1282747 | 1282178 | 1282270
Group1; 3888.772721; 2026-07-03 20:09:39.893434; 1288157 | 1281798 | 1283939 || 1282674 | 1285647 | 1285547 || 1281633 | 1286281 | 1286522 || 1283209 | 1282660 | 1282475
Group1; 3897.924146; 2026-07-03 20:09:49.044859; 1288583 | 1282155 | 1284201 || 1282857 | 1285456 | 1285575 || 1281502 | 1285735 | 1286146 || 1282801 | 1282213 | 1282629
Group1; 3907.0596; 2026-07-03 20:09:58.180313; 1288283 | 1281915 | 1284094 || 1282755 | 1285847 | 1285717 || 1281786 | 1286093 | 1286251 || 1283051 | 1282372 | 1282001
Group2; SecondsElapsed; DateTimePC; N92_NTC1 | N92_NTC2 | N92_TestSB || N93_NTC1 | N93_NTC2 | N93_TestSB || N94_NTC1 | N94_NTC2 | N94_TestSB || N96_NTC1 | N96_NTC2 | N96_TestSB
Group2; 3907.119783; 2026-07-03 20:09:58.240496; New Node Array: 92 93 94 96
Group2; 3907.120131; 2026-07-03 20:09:58.240844; 
Group2; 3916.255606; 2026-07-03 20:10:07.376319; N92_NTC1 | N92_NTC2 | N92_TestSB || N93_NTC1 | N93_NTC2 | N93_TestSB || N94_NTC1 | N94_NTC2 | N94_TestSB || N96_NTC1 | N96_NTC2 | N96_TestSB
Group2; 3925.406751; 2026-07-03 20:10:16.527464; 1282815 | 1282190 | 1286157 || 1286682 | 1283206 | 1282193 || 1286068 | 1284626 | 1286713 || 1283752 | 1286136 | 1282724
Group2; 3934.558404; 2026-07-03 20:10:25.679117; 1282699 | 1282345 | 1285827 || 1286726 | 1282775 | 1281779 || 1285896 | 1284406 | 1286271 || 1283663 | 1286045 | 1281980
Group2; 3943.694092; 2026-07-03 20:10:34.814805; 1282514 | 1282138 | 1285860 || 1286639 | 1283241 | 1282374 || 1286277 | 1284789 | 1286600 || 1284003 | 1286051 | 1281769
Group2; 3952.845862; 2026-07-03 20:10:43.966575; 1282569 | 1281703 | 1285545 || 1286187 | 1282799 | 1282300 || 1285823 | 1284477 | 1286436 || 1283733 | 1285814 | 1282110
Group2; 3961.997442; 2026-07-03 20:10:53.118155; 1282269 | 1281814 | 1285471 || 1286207 | 1282855 | 1282284 || 1285896 | 1284745 | 1286611 || 1283934 | 1286049 | 1282045
Group2; 3971.149261; 2026-07-03 20:11:02.269974; 1282519 | 1281984 | 1285923 || 1286509 | 1283296 | 1282593 || 1286292 | 1285006 | 1286742 || 1284106 | 1286157 | 1281998
Group2; 3980.301238; 2026-07-03 20:11:11.421951; 1282719 | 1281913 | 1285795 || 1286326 | 1283061 | 1282619 || 1285934 | 1284736 | 1286944 || 1284068 | 1286219 | 1282151
Group2; 3989.452917; 2026-07-03 20:11:20.573630; 1282810 | 1282011 | 1286005 || 1286552 | 1283279 | 1282682 || 1286351 | 1285097 | 1286860 || 1284294 | 1286329 | 1282236
Group2; 3998.60424; 2026-07-03 20:11:29.724953; 1282751 | 1282143 | 1286274 || 1286550 | 1283456 | 1282558 || 1286365 | 1284988 | 1287047 || 1284297 | 1286672 | 1283122
Group2; 4007.740106; 2026-07-03 20:11:38.860819; 1283184 | 1282756 | 1286474 || 1287151 | 1283432 | 1282534 || 1286552 | 1285013 | 1287030 || 1284192 | 1286700 | 1283096
Group2; 4016.890773; 2026-07-03 20:11:48.011486; 1283193 | 1282870 | 1286709 || 1287380 | 1284000 | 1283147 || 1286962 | 1285388 | 1287046 || 1284465 | 1286285 | 1282430
Group2; 4026.043236; 2026-07-03 20:11:57.163949; 1282813 | 1282236 | 1286192 || 1286755 | 1283505 | 1282986 || 1286550 | 1285241 | 1287184 || 1284371 | 1286539 | 1282065
Group2; 4035.194988; 2026-07-03 20:12:06.315701; 1282953 | 1282074 | 1285884 || 1286614 | 1283179 | 1282236 || 1286070 | 1284641 | 1286535 || 1283751 | 1285886 | 1281850
Group2; 4044.346315; 2026-07-03 20:12:15.467028; 1282503 | 1281735 | 1285724 || 1286306 | 1283119 | 1282676 || 1286047 | 1284959 | 1286756 || 1284044 | 1285897 | 1281510
Group2; 4053.498355; 2026-07-03 20:12:24.619068; 1282496 | 1281562 | 1285377 || 1285934 | 1283059 | 1282588 || 1285968 | 1284860 | 1286677 || 1283806 | 1285955 | 1281881
Group2; 4062.649864; 2026-07-03 20:12:33.770577; 1282439 | 1281606 | 1285360 || 1285878 | 1282674 | 1282594 || 1285629 | 1284746 | 1287049 || 1284171 | 1286361 | 1282039
Group2; 4071.785263; 2026-07-03 20:12:42.905976; 1282851 | 1282083 | 1285561 || 1286140 | 1282905 | 1282310 || 1285900 | 1284822 | 1286945 || 1284251 | 1286519 | 1282505
Group2; 4080.937277; 2026-07-03 20:12:52.057990; 1282989 | 1282333 | 1286253 || 1286873 | 1283606 | 1282510 || 1286491 | 1284903 | 1286500 || 1283717 | 1285893 | 1282107
Group2; 4090.088678; 2026-07-03 20:13:01.209391; 1282518 | 1281960 | 1285923 || 1286490 | 1283169 | 1282506 || 1286159 | 1284725 | 1286655 || 1283912 | 1285976 | 1282193
Group2; 4099.240743; 2026-07-03 20:13:10.361456; 1282533 | 1282093 | 1286070 || 1286672 | 1283275 | 1282597 || 1286271 | 1285005 | 1286971 || 1284361 | 1286195 | 1282214
Group2; 4108.392227; 2026-07-03 20:13:19.512940; 1282623 | 1281822 | 1285989 || 1286215 | 1283317 | 1282652 || 1286343 | 1285037 | 1286956 || 1283985 | 1286344 | 1282235
Group2; 4117.543896; 2026-07-03 20:13:28.664609; 1283007 | 1282139 | 1285702 || 1286423 | 1282914 | 1282189 || 1285911 | 1284685 | 1286562 || 1283994 | 1286184 | 1282305
Group2; 4126.695422; 2026-07-03 20:13:37.816135; 1282745 | 1282133 | 1286051 || 1286698 | 1283288 | 1282214 || 1286216 | 1284628 | 1286070 || 1283519 | 1285649 | 1281786
Group2; 4135.830286; 2026-07-03 20:13:46.950999; 1282066 | 1281566 | 1285991 || 1286423 | 1283112 | 1281890 || 1286215 | 1284379 | 1286025 || 1283250 | 1285249 | 1281972
Group2; 4144.98238; 2026-07-03 20:13:56.103093; 1282057 | 1281793 | 1286011 || 1286376 | 1283329 | 1282463 || 1286244 | 1284832 | 1286139 || 1283623 | 1285508 | 1281823
Group2; 4154.133858; 2026-07-03 20:14:05.254571; 1282153 | 1281659 | 1285659 || 1286403 | 1283174 | 1282455 || 1286220 | 1284872 | 1286165 || 1283610 | 1285564 | 1281520
Group2; 4163.286018; 2026-07-03 20:14:14.406731; 1282026 | 1281407 | 1285354 || 1285847 | 1282837 | 1282710 || 1285745 | 1284743 | 1286475 || 1283981 | 1285943 | 1281841
Group2; 4172.437501; 2026-07-03 20:14:23.558214; 1282356 | 1281747 | 1285681 || 1286208 | 1282926 | 1282132 || 1285890 | 1284317 | 1286108 || 1283419 | 1285584 | 1281811
Group2; 4181.589402; 2026-07-03 20:14:32.710115; 1282209 | 1281738 | 1285355 || 1285986 | 1282742 | 1282394 || 1285774 | 1284694 | 1286503 || 1283768 | 1285883 | 1281990
Group2; 4190.741051; 2026-07-03 20:14:41.861764; 1282323 | 1281875 | 1285822 || 1286317 | 1283001 | 1282009 || 1285908 | 1284464 | 1286246 || 1283713 | 1285927 | 1282277
Group2; 4199.892526; 2026-07-03 20:14:51.013239; 1282559 | 1282028 | 1285792 || 1286441 | 1282754 | 1282049 || 1285864 | 1284469 | 1286620 || 1283940 | 1286119 | 1282363
Group2; 4209.028406; 2026-07-03 20:15:00.149119; 1282644 | 1282157 | 1286085 || 1286609 | 1283297 | 1282628 || 1286255 | 1284779 | 1286417 || 1283713 | 1285626 | 1281519
Group2; 4218.179787; 2026-07-03 20:15:09.300500; 1282219 | 1281460 | 1285852 || 1286471 | 1283194 | 1282306 || 1286158 | 1284542 | 1286461 || 1283880 | 1286230 | 1282264
Group2; 4227.331873; 2026-07-03 20:15:18.452586; 1282667 | 1282036 | 1285669 || 1286352 | 1283041 | 1282221 || 1285971 | 1284660 | 1286422 || 1284022 | 1286499 | 1282578
Group2; 4236.483361; 2026-07-03 20:15:27.604074; 1282923 | 1282394 | 1285967 || 1286789 | 1283069 | 1282658 || 1286225 | 1284959 | 1287036 || 1284392 | 1286601 | 1282904
Group2; 4245.635025; 2026-07-03 20:15:36.755738; 1283204 | 1282641 | 1286250 || 1286882 | 1283509 | 1282795 || 1286344 | 1285016 | 1287150 || 1284289 | 1286542 | 1282589
Group2; 4254.786027; 2026-07-03 20:15:45.906740; 1283122 | 1282511 | 1286467 || 1287169 | 1283778 | 1282727 || 1286754 | 1285190 | 1286770 || 1283953 | 1286419 | 1282876
Group2; 4263.937938; 2026-07-03 20:15:55.058651; 1282835 | 1282604 | 1286363 || 1287044 | 1283415 | 1282573 || 1286400 | 1285107 | 1286844 || 1284204 | 1286283 | 1282106
Group2; 4273.073974; 2026-07-03 20:16:04.194687; 1282825 | 1282021 | 1285497 || 1286401 | 1282726 | 1282058 || 1285862 | 1284539 | 1286321 || 1283761 | 1285903 | 1282185
Group2; 4282.225256; 2026-07-03 20:16:13.345969; 1282468 | 1281909 | 1285797 || 1286330 | 1282714 | 1281786 || 1285709 | 1284241 | 1286419 || 1283383 | 1285759 | 1281886
Group2; 4291.377276; 2026-07-03 20:16:22.497989; 1282348 | 1281776 | 1285597 || 1286143 | 1282761 | 1281875 || 1285671 | 1284218 | 1285891 || 1283260 | 1285282 | 1281436
Group2; 4300.528978; 2026-07-03 20:16:31.649691; 1281822 | 1281210 | 1285437 || 1285901 | 1282591 | 1281728 || 1285572 | 1284274 | 1286047 || 1283477 | 1285641 | 1281894
Group2; 4309.680207; 2026-07-03 20:16:40.800920; 1282152 | 1281694 | 1285716 || 1286274 | 1282906 | 1282005 || 1285748 | 1284334 | 1286194 || 1283352 | 1285553 | 1282040
Group2; 4318.832111; 2026-07-03 20:16:49.952824; 1282212 | 1281860 | 1286084 || 1286531 | 1283081 | 1282061 || 1286088 | 1284603 | 1286351 || 1283882 | 1285991 | 1282231
Group2; 4327.983454; 2026-07-03 20:16:59.104167; 1282597 | 1282014 | 1285990 || 1286527 | 1283250 | 1282663 || 1286294 | 1284973 | 1287062 || 1284289 | 1286320 | 1282278
Group2; 4337.119364; 2026-07-03 20:17:08.240077; 1282878 | 1282229 | 1286130 || 1286753 | 1283449 | 1283034 || 1286496 | 1285141 | 1286822 || 1284002 | 1286254 | 1282530
Group2; 4346.271151; 2026-07-03 20:17:17.391864; 1282545 | 1282332 | 1286068 || 1286570 | 1283392 | 1282452 || 1286283 | 1284926 | 1286793 || 1284152 | 1286313 | 1282537
Group2; 4355.422441; 2026-07-03 20:17:26.543154; 1282847 | 1282189 | 1285844 || 1286537 | 1283275 | 1282737 || 1286306 | 1285185 | 1286957 || 1284311 | 1286248 | 1282101
Group2; 4364.574169; 2026-07-03 20:17:35.694882; 1282798 | 1281948 | 1285753 || 1286502 | 1283081 | 1282497 || 1286147 | 1284633 | 1286423 || 1283749 | 1286122 | 1282383
Group2; 4373.726127; 2026-07-03 20:17:44.846840; 1282465 | 1282101 | 1286012 || 1286544 | 1283277 | 1282684 || 1286230 | 1284923 | 1286552 || 1284067 | 1286245 | 1282447
Group2; 4382.877666; 2026-07-03 20:17:53.998379; 1282557 | 1282028 | 1285847 || 1286556 | 1283117 | 1282560 || 1285970 | 1284967 | 1286826 || 1284067 | 1286334 | 1282364
Group2; 4392.029528; 2026-07-03 20:18:03.150241; 1282874 | 1282204 | 1286258 || 1286712 | 1283501 | 1282639 || 1286445 | 1284910 | 1286605 || 1284005 | 1286107 | 1282300
Group2; 4401.18093; 2026-07-03 20:18:12.301643; 1282679 | 1282199 | 1286370 || 1286805 | 1283187 | 1282170 || 1286160 | 1284737 | 1287014 || 1284405 | 1286683 | 1282739
Group2; 4410.316456; 2026-07-03 20:18:21.437169; 1283040 | 1282581 | 1286535 || 1287185 | 1283876 | 1283128 || 1286848 | 1285486 | 1287230 || 1284566 | 1286743 | 1282737
Group2; 4419.468567; 2026-07-03 20:18:30.589280; 1283182 | 1282626 | 1286609 || 1287132 | 1283773 | 1282401 || 1286610 | 1284782 | 1286493 || 1283778 | 1285818 | 1282650
Group2; 4428.620083; 2026-07-03 20:18:39.740796; 1282750 | 1282165 | 1286523 || 1286966 | 1283732 | 1282553 || 1286669 | 1284752 | 1286300 || 1283716 | 1286156 | 1282341
Group2; 4437.771252; 2026-07-03 20:18:48.891965; 1282635 | 1282283 | 1285995 || 1286640 | 1283384 | 1282467 || 1286289 | 1284789 | 1286501 || 1283963 | 1286191 | 1282095
Group2; 4446.923671; 2026-07-03 20:18:58.044384; 1282687 | 1281939 | 1285888 || 1286417 | 1283052 | 1281982 || 1285980 | 1284555 | 1286396 || 1283682 | 1285963 | 1282125
Group2; 4456.075008; 2026-07-03 20:19:07.195721; 1282457 | 1281980 | 1285989 || 1286473 | 1283196 | 1282546 || 1286193 | 1284796 | 1286343 || 1283710 | 1285890 | 1282183
Group2; 4465.226178; 2026-07-03 20:19:16.346891; 1282498 | 1282150 | 1286512 || 1286925 | 1283602 | 1282569 || 1286731 | 1284842 | 1286652 || 1283725 | 1286223 | 1283042
Group3; SecondsElapsed; DateTimePC; N97_NTC1 | N97_NTC2 | N97_TestSB || N98_NTC1 | N98_NTC2 | N98_TestSB || N99_NTC1 | N99_NTC2 | N99_TestSB || N29_NTC1 | N29_NTC2 | N29_TestSB
Group3; 4465.286376; 2026-07-03 20:19:16.407089; New Node Array: 97 98 99 29
Group3; 4465.286629; 2026-07-03 20:19:16.407342; 
Group3; 4474.422338; 2026-07-03 20:19:25.543051; N97_NTC1 | N97_NTC2 | N97_TestSB || N98_NTC1 | N98_NTC2 | N98_TestSB || N99_NTC1 | N99_NTC2 | N99_TestSB || N29_NTC1 | N29_NTC2 | N29_TestSB
Group3; 4483.573921; 2026-07-03 20:19:34.694634; 1281592 | 1285134 | 1286054 || 2123039 | 1965883 | 1853570 || 1288434 | 1285177 | 1282624 || 1285782 | 1287649 | 1282781
Group3; 4492.725228; 2026-07-03 20:19:43.845941; 1281978 | 1285409 | 1285896 || 2198118 | 2024634 | 1874027 || 1288868 | 1285553 | 1282888 || 1286153 | 1287948 | 1282929
Group3; 4501.861266; 2026-07-03 20:19:52.981979; 1281969 | 1284886 | 1284681 || 1804200 | 1701393 | 1619424 || 1287962 | 1284573 | 1282129 || 1285353 | 1287213 | 1282086
Group3; 4511.01299; 2026-07-03 20:20:02.133703; 1281020 | 1284613 | 1285037 || 2218893 | 2042946 | 1914167 || 1287736 | 1284307 | 1281555 || 1284912 | 1286586 | 1281394
Group3; 4520.164195; 2026-07-03 20:20:11.284908; 1280527 | 1283805 | 1284523 || 2085103 | 1892558 | 1759469 || 1287193 | 1284060 | 1281526 || 1284804 | 1286595 | 1281668
Group3; 4529.316159; 2026-07-03 20:20:20.436872; 1280783 | 1283796 | 1284052 || 1872601 | 1772139 | 1680856 || 1287267 | 1284154 | 1281726 || 1284655 | 1286545 | 1281626
Group3; 4538.467908; 2026-07-03 20:20:29.588621; 1280722 | 1283899 | 1283857 || 2204708 | 2028900 | 1876242 || 1286807 | 1283650 | 1281656 || 1284414 | 1286295 | 1281598
Group3; 4547.61925; 2026-07-03 20:20:38.739963; 1280662 | 1283929 | 1284274 || 1797068 | 1693177 | 1605973 || 1287496 | 1284351 | 1282012 || 1284884 | 1286847 | 1281736
Group3; 4556.770715; 2026-07-03 20:20:47.891428; 1281062 | 1283987 | 1284362 || 2255443 | 2079067 | 1915887 || 1287379 | 1284655 | 1282262 || 1285122 | 1287042 | 1282220
Group3; 4565.922775; 2026-07-03 20:20:57.043488; 1281310 | 1284558 | 1285233 || 1930587 | 1774599 | 1663970 || 1288044 | 1284637 | 1282467 || 1285427 | 1287262 | 1282695
Group3; 4575.073977; 2026-07-03 20:21:06.194690; 1281887 | 1285127 | 1285131 || 1884690 | 1775732 | 1679081 || 1288134 | 1285315 | 1283193 || 1285938 | 1287729 | 1283171
Group3; 4584.225502; 2026-07-03 20:21:15.346215; 1282399 | 1285306 | 1285191 || 2196300 | 2013666 | 1855712 || 1288480 | 1285267 | 1282742 || 1285830 | 1287749 | 1282933
Group3; 4593.361871; 2026-07-03 20:21:24.482584; 1282005 | 1285000 | 1285075 || 1804547 | 1706493 | 1615909 || 1287921 | 1284717 | 1282277 || 1285257 | 1287313 | 1282669
Group3; 4602.513486; 2026-07-03 20:21:33.634199; 1281837 | 1285162 | 1285310 || 2185782 | 1995811 | 1837965 || 1287975 | 1284556 | 1281729 || 1285163 | 1286922 | 1281757
Group3; 4611.664675; 2026-07-03 20:21:42.785388; 1280865 | 1284072 | 1284097 || 1863735 | 1756385 | 1658689 || 1287012 | 1283760 | 1281593 || 1284369 | 1286244 | 1281246
Group3; 4620.816723; 2026-07-03 20:21:51.937436; 1280474 | 1283308 | 1283251 || 2193415 | 2007309 | 1848151 || 1286583 | 1283552 | 1281212 || 1284250 | 1285994 | 1280680
Group3; 4629.968333; 2026-07-03 20:22:01.089046; 1280050 | 1282941 | 1283347 || 1795915 | 1681781 | 1589467 || 1286224 | 1283205 | 1281097 || 1283958 | 1285802 | 1281160
Group3; 4639.119996; 2026-07-03 20:22:10.240709; 1280139 | 1283161 | 1283140 || 2239646 | 2053492 | 1885131 || 1286180 | 1283451 | 1281024 || 1284169 | 1286049 | 1281599
Group3; 4648.271631; 2026-07-03 20:22:19.392344; 1280579 | 1283188 | 1283523 || 1794435 | 1688028 | 1593603 || 1286736 | 1283786 | 1281271 || 1284381 | 1286198 | 1281193
Group3; 4657.422648; 2026-07-03 20:22:28.543361; 1280562 | 1283652 | 1283824 || 2104648 | 1896292 | 1745455 || 1286743 | 1283842 | 1281340 || 1284532 | 1286464 | 1281578
Group3; 4666.574342; 2026-07-03 20:22:37.695055; 1280879 | 1283987 | 1284146 || 2035702 | 1879642 | 1762937 || 1287074 | 1284034 | 1281636 || 1284629 | 1286550 | 1281583
Group3; 4675.712068; 2026-07-03 20:22:46.832781; 1280766 | 1283850 | 1284183 || 1950821 | 1779377 | 1656907 || 1287401 | 1284505 | 1281979 || 1285119 | 1286925 | 1281988
Group3; 4684.862281; 2026-07-03 20:22:55.982994; 1281173 | 1284245 | 1284399 || 2231503 | 2046084 | 1885317 || 1287565 | 1284378 | 1281969 || 1284952 | 1286912 | 1282303
Group3; 4694.014006; 2026-07-03 20:23:05.134719; 1281324 | 1284336 | 1284379 || 1811492 | 1685660 | 1587705 || 1287944 | 1284816 | 1282186 || 1285694 | 1287301 | 1282111
Group3; 4703.16573; 2026-07-03 20:23:14.286443; 1281484 | 1284437 | 1284651 || 2243708 | 2054801 | 1883947 || 1287802 | 1284238 | 1281545 || 1285021 | 1286948 | 1282119
Group3; 4712.317229; 2026-07-03 20:23:23.437942; 1281282 | 1284365 | 1284346 || 1790334 | 1677657 | 1580443 || 1287342 | 1284396 | 1282162 || 1285079 | 1286875 | 1282299
Group3; 4721.46857; 2026-07-03 20:23:32.589283; 1281383 | 1284106 | 1283857 || 2200080 | 2009143 | 1842982 || 1287272 | 1284082 | 1281714 || 1284903 | 1286640 | 1281507
Group3; 4730.620462; 2026-07-03 20:23:41.741175; 1280758 | 1283573 | 1284342 || 1973113 | 1829755 | 1718124 || 1287065 | 1283699 | 1281419 || 1284365 | 1286338 | 1281529
Group3; 4739.771683; 2026-07-03 20:23:50.892396; 1280899 | 1283875 | 1283703 || 1955709 | 1782883 | 1656111 || 1286501 | 1283508 | 1280916 || 1284202 | 1286151 | 1281136
Group3; 4748.923627; 2026-07-03 20:24:00.044340; 1280532 | 1283459 | 1283281 || 2159952 | 1970649 | 1835798 || 1286244 | 1283153 | 1280795 || 1283717 | 1285644 | 1280827
Group3; 4758.059625; 2026-07-03 20:24:09.180338; 1279956 | 1283752 | 1283815 || 1841023 | 1699472 | 1589989 || 1286690 | 1283372 | 1280996 || 1283829 | 1285813 | 1280930
Group3; 4767.211147; 2026-07-03 20:24:18.331860; 1280091 | 1283312 | 1283633 || 2219169 | 2028333 | 1859663 || 1286509 | 1283390 | 1280879 || 1283988 | 1285863 | 1281086
Group3; 4776.361858; 2026-07-03 20:24:27.482571; 1280188 | 1283312 | 1283301 || 1894965 | 1770822 | 1665792 || 1286388 | 1283347 | 1280980 || 1283947 | 1285916 | 1281183
Group3; 4785.514451; 2026-07-03 20:24:36.635164; 1280388 | 1283520 | 1283559 || 1843425 | 1700084 | 1593988 || 1286623 | 1283503 | 1281106 || 1284270 | 1286052 | 1281379
Group3; 4794.665677; 2026-07-03 20:24:45.786390; 1280506 | 1283865 | 1284113 || 2203410 | 2012641 | 1844632 || 1286849 | 1283716 | 1281346 || 1284284 | 1286189 | 1281287
Group3; 4803.817762; 2026-07-03 20:24:54.938475; 1280532 | 1283504 | 1283543 || 1816965 | 1706597 | 1607894 || 1286549 | 1283273 | 1281189 || 1284063 | 1286001 | 1281476
Group3; 4812.969383; 2026-07-03 20:25:04.090096; 1280637 | 1283839 | 1284166 || 1904591 | 1745815 | 1626961 || 1287067 | 1283883 | 1281348 || 1284524 | 1286337 | 1281390
Group3; 4822.120932; 2026-07-03 20:25:13.241645; 1280616 | 1283491 | 1283327 || 2237891 | 2044316 | 1871969 || 1286541 | 1283431 | 1281325 || 1284157 | 1286172 | 1281345
Group3; 4831.272433; 2026-07-03 20:25:22.393146; 1280620 | 1283625 | 1283650 || 2053759 | 1884202 | 1762859 || 1286551 | 1283079 | 1280636 || 1283846 | 1285769 | 1280894
Group3; 4840.408212; 2026-07-03 20:25:31.528925; 1280302 | 1283419 | 1283807 || 1791608 | 1679718 | 1580897 || 1286630 | 1283190 | 1280695 || 1283901 | 1285726 | 1281070
Group3; 4849.560002; 2026-07-03 20:25:40.680715; 1280188 | 1283813 | 1284236 || 1830219 | 1693569 | 1588937 || 1287024 | 1283543 | 1280807 || 1284220 | 1285702 | 1280736
Group3; 4858.71131; 2026-07-03 20:25:49.832023; 1279856 | 1283218 | 1284007 || 2135903 | 1921821 | 1756820 || 1286973 | 1283795 | 1281264 || 1284464 | 1286126 | 1281044
Group3; 4867.863279; 2026-07-03 20:25:58.983992; 1280238 | 1283147 | 1283681 || 2212805 | 2018733 | 1864301 || 1286873 | 1283623 | 1281359 || 1284277 | 1286087 | 1281462
Group3; 4877.014263; 2026-07-03 20:26:08.134976; 1280562 | 1283692 | 1283721 || 1798135 | 1679845 | 1580063 || 1286630 | 1283388 | 1281204 || 1284238 | 1286084 | 1281683
Group3; 4886.166219; 2026-07-03 20:26:17.286932; 1280646 | 1283655 | 1283601 || 2019388 | 1827239 | 1684915 || 1286580 | 1283453 | 1280902 || 1284173 | 1286045 | 1281208
Group3; 4895.318246; 2026-07-03 20:26:26.438959; 1280190 | 1283492 | 1283783 || 2221839 | 2028141 | 1858026 || 1286853 | 1283824 | 1281234 || 1284419 | 1286288 | 1281410
Group3; 4904.46993; 2026-07-03 20:26:35.590643; 1280739 | 1283871 | 1283526 || 1941384 | 1806969 | 1692694 || 1286555 | 1283574 | 1281671 || 1284532 | 1286277 | 1281560
Group3; 4913.621431; 2026-07-03 20:26:44.742144; 1280692 | 1283818 | 1284026 || 1958040 | 1781808 | 1652352 || 1287135 | 1283862 | 1281215 || 1284481 | 1286347 | 1281482
Group3; 4922.756924; 2026-07-03 20:26:53.877637; 1280635 | 1284326 | 1284799 || 2235622 | 2038608 | 1866645 || 1287500 | 1284023 | 1281493 || 1284758 | 1286571 | 1281820
Group3; 4931.908961; 2026-07-03 20:27:03.029674; 1280855 | 1283918 | 1284252 || 1862046 | 1741903 | 1634858 || 1287208 | 1283860 | 1281383 || 1284699 | 1286556 | 1281693
Group3; 4941.060135; 2026-07-03 20:27:12.180848; 1280920 | 1283976 | 1284079 || 1996285 | 1805766 | 1667880 || 1287194 | 1283986 | 1281311 || 1284703 | 1286607 | 1281548
Group3; 4950.211266; 2026-07-03 20:27:21.331979; 1280919 | 1283971 | 1283971 || 2080222 | 1906375 | 1777313 || 1286910 | 1283698 | 1281625 || 1284526 | 1286313 | 1281868
Group3; 4959.363849; 2026-07-03 20:27:30.484562; 1280807 | 1283923 | 1283773 || 1975324 | 1796164 | 1661037 || 1286759 | 1283875 | 1281750 || 1284512 | 1286403 | 1281744
Group3; 4968.515491; 2026-07-03 20:27:39.636204; 1280642 | 1283838 | 1284256 || 2205554 | 2012895 | 1855684 || 1287156 | 1283912 | 1281366 || 1284639 | 1286433 | 1281402
Group3; 4977.667167; 2026-07-03 20:27:48.787880; 1280603 | 1283836 | 1284185 || 1835809 | 1692888 | 1585214 || 1286914 | 1283702 | 1281137 || 1284302 | 1286226 | 1281449
Group3; 4986.818716; 2026-07-03 20:27:57.939429; 1280716 | 1283941 | 1284209 || 2198640 | 2003183 | 1832923 || 1287011 | 1283564 | 1281000 || 1284182 | 1286074 | 1281202
Group3; 4995.969789; 2026-07-03 20:28:07.090502; 1280592 | 1283589 | 1283402 || 2114024 | 1926336 | 1793688 || 1286692 | 1283415 | 1280733 || 1284109 | 1285850 | 1280967
Group3; 5005.105634; 2026-07-03 20:28:16.226347; 1280235 | 1283280 | 1283739 || 1831275 | 1689407 | 1582969 || 1286559 | 1283406 | 1281114 || 1284119 | 1285928 | 1281263
Group3; 5014.257568; 2026-07-03 20:28:25.378281; 1280424 | 1283614 | 1283683 || 2202537 | 2003934 | 1833261 || 1286342 | 1282921 | 1280570 || 1283525 | 1285560 | 1281027
Group3; 5023.409275; 2026-07-03 20:28:34.529988; 1279920 | 1283169 | 1283181 || 2003497 | 1845615 | 1722593 || 1286214 | 1283014 | 1280983 || 1283795 | 1285568 | 1280754
Group1; SecondsElapsed; DateTimePC; N88_NTC1 | N88_NTC2 | N88_TestSB || N89_NTC1 | N89_NTC2 | N89_TestSB || N90_NTC1 | N90_NTC2 | N90_TestSB || N91_NTC1 | N91_NTC2 | N91_TestSB
Group1; 5023.469422; 2026-07-03 20:28:34.590135; New Node Array: 88 89 90 91
Group1; 5023.469785; 2026-07-03 20:28:34.590498; 
Group1; 5032.605111; 2026-07-03 20:28:43.725824; N88_NTC1 | N88_NTC2 | N88_TestSB || N89_NTC1 | N89_NTC2 | N89_TestSB || N90_NTC1 | N90_NTC2 | N90_TestSB || N91_NTC1 | N91_NTC2 | N91_TestSB
Group1; 5041.756293; 2026-07-03 20:28:52.877006; 1286779 | 1280157 | 1282115 || 1281246 | 1283830 | 1284051 || 1280111 | 1284594 | 1284893 || 1281563 | 1280812 | 1280730
Group1; 5050.892398; 2026-07-03 20:29:02.013111; 1286623 | 1280243 | 1282318 || 1281095 | 1284162 | 1284003 || 1280095 | 1284925 | 1285197 || 1281787 | 1281147 | 1280805
Group1; 5060.043923; 2026-07-03 20:29:11.164636; 1286887 | 1280533 | 1282406 || 1281199 | 1284115 | 1284021 || 1280064 | 1284606 | 1284953 || 1281571 | 1280892 | 1280639
Group1; 5069.195819; 2026-07-03 20:29:20.316532; 1286733 | 1280351 | 1282326 || 1281179 | 1283988 | 1283953 || 1280122 | 1284670 | 1284915 || 1281571 | 1281191 | 1280947
Group1; 5078.347412; 2026-07-03 20:29:29.468125; 1286978 | 1280635 | 1282495 || 1281371 | 1284440 | 1284212 || 1280357 | 1284853 | 1285157 || 1281807 | 1281210 | 1281413
Group1; 5087.499036; 2026-07-03 20:29:38.619749; 1287034 | 1280732 | 1282802 || 1281374 | 1284152 | 1284170 || 1280088 | 1284871 | 1285725 || 1281719 | 1281313 | 1281558
Group1; 5096.650642; 2026-07-03 20:29:47.771355; 1287234 | 1280810 | 1282948 || 1281642 | 1284456 | 1284509 || 1280594 | 1285142 | 1285298 || 1282191 | 1281410 | 1281106
Group1; 5105.802136; 2026-07-03 20:29:56.922849; 1287307 | 1280829 | 1282750 || 1281550 | 1284578 | 1284573 || 1280481 | 1285210 | 1285518 || 1282164 | 1281317 | 1280978
Group1; 5114.937559; 2026-07-03 20:30:06.058272; 1287252 | 1280844 | 1282748 || 1281432 | 1284403 | 1284377 || 1280405 | 1284931 | 1285256 || 1281971 | 1281263 | 1281254
Group1; 5124.089334; 2026-07-03 20:30:15.210047; 1287239 | 1280779 | 1282873 || 1281584 | 1284485 | 1284320 || 1280519 | 1285234 | 1285432 || 1282141 | 1281848 | 1281618
Group1; 5133.241028; 2026-07-03 20:30:24.361741; 1287497 | 1281083 | 1283049 || 1281748 | 1284533 | 1284483 || 1280593 | 1285466 | 1285659 || 1282372 | 1281800 | 1281429
Group1; 5142.393186; 2026-07-03 20:30:33.513899; 1287606 | 1281170 | 1283076 || 1281929 | 1284732 | 1284528 || 1280767 | 1285231 | 1285532 || 1282195 | 1281686 | 1281654
Group1; 5151.544826; 2026-07-03 20:30:42.665539; 1287626 | 1281206 | 1283241 || 1281855 | 1284899 | 1284759 || 1280641 | 1285703 | 1285965 || 1282412 | 1282128 | 1282015
Group1; 5160.696115; 2026-07-03 20:30:51.816828; 1287797 | 1281529 | 1283584 || 1282267 | 1285149 | 1285209 || 1281218 | 1285771 | 1286243 || 1282924 | 1282298 | 1282019
Group1; 5169.845059; 2026-07-03 20:31:00.965772; 1288147 | 1281632 | 1283686 || 1282254 | 1284976 | 1285089 || 1281071 | 1285376 | 1285690 || 1282523 | 1281816 | 1282189
Group1; 5178.968508; 2026-07-03 20:31:10.089221; 1287805 | 1281470 | 1283637 || 1282348 | 1285179 | 1285007 || 1281148 | 1285215 | 1285470 || 1282294 | 1281643 | 1281703
Group1; 5188.113415; 2026-07-03 20:31:19.234128; 1287689 | 1281236 | 1283349 || 1282101 | 1284893 | 1284753 || 1280748 | 1285314 | 1285419 || 1282215 | 1281523 | 1281451
Group1; 5197.26128; 2026-07-03 20:31:28.381993; 1287310 | 1281179 | 1283187 || 1281756 | 1285141 | 1285048 || 1280973 | 1284757 | 1285398 || 1282087 | 1281399 | 1281504
Group1; 5206.410816; 2026-07-03 20:31:37.531529; 1287356 | 1281006 | 1283066 || 1281888 | 1284830 | 1284589 || 1280678 | 1285030 | 1285301 || 1282069 | 1281682 | 1281346
Group1; 5215.561164; 2026-07-03 20:31:46.681877; 1287512 | 1281054 | 1283002 || 1281789 | 1284715 | 1284581 || 1280731 | 1285362 | 1285511 || 1282286 | 1281465 | 1281024
Group1; 5224.712209; 2026-07-03 20:31:55.832922; 1287439 | 1280905 | 1282976 || 1281684 | 1285009 | 1284891 || 1280973 | 1285508 | 1285632 || 1282287 | 1281556 | 1281499
Group1; 5233.863285; 2026-07-03 20:32:04.983998; 1287502 | 1281142 | 1283159 || 1282028 | 1285091 | 1284909 || 1281019 | 1285565 | 1285500 || 1282480 | 1281509 | 1281400
Group1; 5242.998054; 2026-07-03 20:32:14.118767; 1287482 | 1281112 | 1283079 || 1281789 | 1285137 | 1284914 || 1281008 | 1285750 | 1285620 || 1282645 | 1281755 | 1281436
Group1; 5252.150495; 2026-07-03 20:32:23.271208; 1287593 | 1281171 | 1283273 || 1282006 | 1284892 | 1284791 || 1280789 | 1285224 | 1285439 || 1282174 | 1281347 | 1281254
Group1; 5261.301742; 2026-07-03 20:32:32.422455; 1287326 | 1280972 | 1283016 || 1281810 | 1285047 | 1284745 || 1280861 | 1285489 | 1285623 || 1282287 | 1281586 | 1281198
Group1; 5270.45322; 2026-07-03 20:32:41.573933; 1287448 | 1280968 | 1282851 || 1281555 | 1284739 | 1284510 || 1280689 | 1285240 | 1285108 || 1282113 | 1281232 | 1280775
Group1; 5279.605423; 2026-07-03 20:32:50.726136; 1287131 | 1280675 | 1282629 || 1281363 | 1284684 | 1284503 || 1280555 | 1285074 | 1285247 || 1281982 | 1281220 | 1281080
Group1; 5288.756649; 2026-07-03 20:32:59.877362; 1287194 | 1280735 | 1282748 || 1281494 | 1284305 | 1284217 || 1280296 | 1284648 | 1285001 || 1281652 | 1280875 | 1280501
Group1; 5297.90839; 2026-07-03 20:33:09.029103; 1286752 | 1280421 | 1282367 || 1281076 | 1284264 | 1284262 || 1280250 | 1284804 | 1284855 || 1281701 | 1280854 | 1280666
Group1; 5307.044606; 2026-07-03 20:33:18.165319; 1286734 | 1280372 | 1282465 || 1281271 | 1284537 | 1284344 || 1280294 | 1284774 | 1284892 || 1281599 | 1280830 | 1281080
Group1; 5316.195841; 2026-07-03 20:33:27.316554; 1286840 | 1280646 | 1282624 || 1281428 | 1284313 | 1284126 || 1280260 | 1284858 | 1284971 || 1281952 | 1281143 | 1281024
Group1; 5325.34761; 2026-07-03 20:33:36.468323; 1287066 | 1280612 | 1282564 || 1281657 | 1285095 | 1284622 || 1280877 | 1285400 | 1285208 || 1282184 | 1281256 | 1281091
Group1; 5334.499111; 2026-07-03 20:33:45.619824; 1287190 | 1280842 | 1282879 || 1281523 | 1285065 | 1284804 || 1280862 | 1285628 | 1285592 || 1282436 | 1281601 | 1281549
Group1; 5343.650776; 2026-07-03 20:33:54.771489; 1287571 | 1281183 | 1283247 || 1281890 | 1284855 | 1284819 || 1280647 | 1285426 | 1285644 || 1282250 | 1281695 | 1281175
Group1; 5352.80245; 2026-07-03 20:34:03.923163; 1287565 | 1281065 | 1283024 || 1281773 | 1284687 | 1284599 || 1280812 | 1285510 | 1285714 || 1282474 | 1281652 | 1281270
Group1; 5361.954064; 2026-07-03 20:34:13.074777; 1287613 | 1281089 | 1283092 || 1281898 | 1285344 | 1284989 || 1281107 | 1285477 | 1285612 || 1282519 | 1281588 | 1281330
Group1; 5371.089541; 2026-07-03 20:34:22.210254; 1287489 | 1281029 | 1283141 || 1281620 | 1285315 | 1285039 || 1281038 | 1285278 | 1285384 || 1282402 | 1281375 | 1281351
Group1; 5380.240973; 2026-07-03 20:34:31.361686; 1287464 | 1281009 | 1283102 || 1281832 | 1285004 | 1284874 || 1281150 | 1285119 | 1285486 || 1282308 | 1281445 | 1281342
Group1; 5389.392792; 2026-07-03 20:34:40.513505; 1287386 | 1280935 | 1283029 || 1281794 | 1284908 | 1284734 || 1280792 | 1285249 | 1285248 || 1282135 | 1281248 | 1281187
Group1; 5398.544398; 2026-07-03 20:34:49.665111; 1287176 | 1280881 | 1283020 || 1281655 | 1284816 | 1284653 || 1280656 | 1285081 | 1285186 || 1282081 | 1281296 | 1281048
Group1; 5407.69658; 2026-07-03 20:34:58.817293; 1287267 | 1280800 | 1282843 || 1281295 | 1284749 | 1284497 || 1280569 | 1285573 | 1285325 || 1282321 | 1281468 | 1280913
Group1; 5416.847074; 2026-07-03 20:35:07.967787; 1287373 | 1280843 | 1282782 || 1281420 | 1284485 | 1284350 || 1280518 | 1285162 | 1285253 || 1282049 | 1281392 | 1281161
Group1; 5425.999804; 2026-07-03 20:35:17.120517; 1287298 | 1280891 | 1282829 || 1281619 | 1284766 | 1284574 || 1280682 | 1285326 | 1285349 || 1282297 | 1281439 | 1280933
Group1; 5435.135344; 2026-07-03 20:35:26.256057; 1287195 | 1280923 | 1282736 || 1281273 | 1284512 | 1284420 || 1280434 | 1285043 | 1285112 || 1281889 | 1281157 | 1280959
Group1; 5444.286965; 2026-07-03 20:35:35.407678; 1287041 | 1280707 | 1282695 || 1281428 | 1284497 | 1284322 || 1280329 | 1284942 | 1285228 || 1281887 | 1281051 | 1280756
Group1; 5453.438525; 2026-07-03 20:35:44.559238; 1286988 | 1280559 | 1282497 || 1281012 | 1284186 | 1284062 || 1280097 | 1284649 | 1284722 || 1281534 | 1280752 | 1280722
Group1; 5462.59024; 2026-07-03 20:35:53.710953; 1286656 | 1280392 | 1282371 || 1281003 | 1284371 | 1284025 || 1280157 | 1284851 | 1285115 || 1281758 | 1281136 | 1280515
Group1; 5471.741945; 2026-07-03 20:36:02.862658; 1287016 | 1280515 | 1282408 || 1281105 | 1284239 | 1284064 || 1280074 | 1284772 | 1285163 || 1281669 | 1280937 | 1280894
Group1; 5480.892641; 2026-07-03 20:36:12.013354; 1286940 | 1280532 | 1282578 || 1281179 | 1284301 | 1284217 || 1280281 | 1284764 | 1285003 || 1281800 | 1280843 | 1280771
Group1; 5490.044998; 2026-07-03 20:36:21.165711; 1286821 | 1280496 | 1282463 || 1281154 | 1284379 | 1284228 || 1280387 | 1284923 | 1285100 || 1281929 | 1281161 | 1280868
Group1; 5499.180691; 2026-07-03 20:36:30.301404; 1287164 | 1280646 | 1282623 || 1281371 | 1284256 | 1284331 || 1280356 | 1284953 | 1285204 || 1281922 | 1281200 | 1281269
Group1; 5508.332479; 2026-07-03 20:36:39.453192; 1287118 | 1280757 | 1282804 || 1281515 | 1284566 | 1284453 || 1280402 | 1284935 | 1285160 || 1281953 | 1281209 | 1281204
Group1; 5517.48419; 2026-07-03 20:36:48.604903; 1287203 | 1280727 | 1282818 || 1281499 | 1284636 | 1284651 || 1280508 | 1285218 | 1285669 || 1282069 | 1281484 | 1281361
Group1; 5526.635399; 2026-07-03 20:36:57.756112; 1287442 | 1281024 | 1282983 || 1281575 | 1284550 | 1284419 || 1280512 | 1284981 | 1285223 || 1281954 | 1281582 | 1281280
Group1; 5535.787183; 2026-07-03 20:37:06.907896; 1287243 | 1280920 | 1282926 || 1281685 | 1284855 | 1284651 || 1280804 | 1285263 | 1285245 || 1282097 | 1281343 | 1281426
Group1; 5544.938565; 2026-07-03 20:37:16.059278; 1287322 | 1280945 | 1282975 || 1281711 | 1284752 | 1284613 || 1280595 | 1285239 | 1285414 || 1282103 | 1281406 | 1281369
Group1; 5554.090819; 2026-07-03 20:37:25.211532; 1287417 | 1280976 | 1283111 || 1281818 | 1285169 | 1285051 || 1280957 | 1285434 | 1285597 || 1282402 | 1281518 | 1281573
Group1; 5563.226117; 2026-07-03 20:37:34.346830; 1287589 | 1281153 | 1283186 || 1282001 | 1285142 | 1285032 || 1280943 | 1285483 | 1285746 || 1282380 | 1281574 | 1281327
Group1; 5572.377803; 2026-07-03 20:37:43.498516; 1287582 | 1281169 | 1283152 || 1281806 | 1285012 | 1284901 || 1280945 | 1285486 | 1285624 || 1282406 | 1281580 | 1281374
Group1; 5581.529535; 2026-07-03 20:37:52.650248; 1287588 | 1281173 | 1283155 || 1281892 | 1284971 | 1284800 || 1280879 | 1285335 | 1285438 || 1282183 | 1281651 | 1281628
Group2; SecondsElapsed; DateTimePC; N92_NTC1 | N92_NTC2 | N92_TestSB || N93_NTC1 | N93_NTC2 | N93_TestSB || N94_NTC1 | N94_NTC2 | N94_TestSB || N96_NTC1 | N96_NTC2 | N96_TestSB
Group2; 5581.589687; 2026-07-03 20:37:52.710400; New Node Array: 92 93 94 96
Group2; 5581.590056; 2026-07-03 20:37:52.710769; 
Group2; 5590.725042; 2026-07-03 20:38:01.845755; N92_NTC1 | N92_NTC2 | N92_TestSB || N93_NTC1 | N93_NTC2 | N93_TestSB || N94_NTC1 | N94_NTC2 | N94_TestSB || N96_NTC1 | N96_NTC2 | N96_TestSB
Group2; 5599.87662; 2026-07-03 20:38:10.997333; 1282552 | 1281641 | 1285377 || 1286070 | 1282719 | 1282361 || 1285770 | 1284932 | 1286401 || 1283969 | 1285850 | 1281650
Group2; 5609.028231; 2026-07-03 20:38:20.148944; 1282240 | 1281698 | 1285783 || 1286180 | 1283135 | 1282695 || 1286192 | 1284964 | 1286641 || 1283897 | 1285978 | 1281986
Group2; 5618.164345; 2026-07-03 20:38:29.285058; 1282491 | 1281885 | 1285608 || 1286320 | 1282975 | 1282490 || 1285961 | 1284788 | 1286686 || 1283970 | 1286106 | 1281893
Group2; 5627.314997; 2026-07-03 20:38:38.435710; 1282646 | 1281845 | 1285730 || 1286253 | 1283174 | 1282800 || 1286080 | 1285071 | 1286632 || 1284074 | 1285936 | 1281969
Group2; 5636.467564; 2026-07-03 20:38:47.588277; 1282335 | 1281793 | 1285717 || 1286127 | 1283191 | 1282394 || 1286015 | 1284758 | 1286523 || 1283935 | 1286024 | 1282177
Group2; 5645.619256; 2026-07-03 20:38:56.739969; 1282629 | 1282015 | 1285695 || 1286360 | 1282961 | 1282171 || 1285914 | 1284742 | 1286840 || 1283931 | 1286305 | 1282107
Group2; 5654.770089; 2026-07-03 20:39:05.890802; 1282889 | 1281987 | 1285681 || 1286489 | 1283000 | 1282254 || 1285971 | 1284586 | 1286421 || 1283773 | 1286008 | 1282191
Group2; 5663.922524; 2026-07-03 20:39:15.043237; 1282482 | 1282063 | 1285646 || 1286529 | 1282831 | 1281855 || 1285966 | 1284298 | 1286463 || 1283584 | 1286019 | 1282133
Group2; 5673.07405; 2026-07-03 20:39:24.194763; 1282594 | 1281860 | 1285660 || 1286317 | 1283057 | 1282455 || 1286077 | 1284844 | 1286652 || 1283914 | 1285834 | 1281993
Group2; 5682.209575; 2026-07-03 20:39:33.330288; 1282444 | 1281795 | 1286339 || 1286666 | 1283950 | 1283434 || 1286806 | 1285409 | 1287186 || 1284320 | 1286685 | 1283165
Group2; 5691.361024; 2026-07-03 20:39:42.481737; 1283254 | 1283129 | 1287341 || 1287834 | 1284644 | 1283833 || 1287472 | 1286225 | 1288269 || 1285523 | 1287776 | 1284198
Group2; 5700.512796; 2026-07-03 20:39:51.633509; 1284419 | 1284023 | 1288465 || 1288758 | 1285949 | 1285444 || 1289008 | 1287828 | 1289690 || 1287062 | 1289533 | 1285646
Group2; 5709.664904; 2026-07-03 20:40:00.785617; 1286091 | 1285601 | 1289615 || 1290297 | 1287354 | 1286757 || 1290185 | 1289151 | 1291302 || 1288595 | 1290899 | 1287153
Group2; 5718.816311; 2026-07-03 20:40:09.937024; 1287480 | 1287079 | 1291463 || 1291735 | 1289117 | 1288509 || 1291919 | 1291069 | 1293113 || 1290301 | 1292647 | 1288816
Group2; 5727.968296; 2026-07-03 20:40:19.089009; 1289097 | 1288629 | 1293062 || 1293284 | 1291119 | 1290411 || 1294072 | 1293060 | 1294920 || 1292302 | 1294447 | 1290586
Group2; 5737.119285; 2026-07-03 20:40:28.239998; 1290910 | 1290521 | 1294669 || 1295363 | 1292388 | 1292185 || 1295501 | 1294674 | 1297285 || 1294282 | 1296785 | 1293049
Group2; 5746.255384; 2026-07-03 20:40:37.376097; 1293275 | 1292738 | 1296655 || 1297239 | 1294103 | 1293843 || 1296946 | 1296022 | 1298639 || 1295637 | 1298601 | 1294785
Group2; 5755.407118; 2026-07-03 20:40:46.527831; 1295044 | 1294711 | 1299029 || 1299452 | 1296364 | 1295979 || 1299477 | 1298297 | 1300614 || 1297777 | 1300495 | 1297325
Group2; 5764.558745; 2026-07-03 20:40:55.679458; 1296752 | 1297130 | 1301367 || 1301736 | 1298746 | 1298387 || 1301661 | 1300612 | 1302749 || 1299680 | 1302374 | 1298820
Group2; 5773.710363; 2026-07-03 20:41:04.831076; 1298561 | 1298492 | 1303341 || 1303232 | 1300850 | 1300601 || 1303863 | 1302868 | 1305644 || 1302802 | 1305397 | 1302666
Group2; 5782.861983; 2026-07-03 20:41:13.982696; 1301504 | 1302033 | 1307663 || 1307610 | 1306830 | 1306738 || 1309761 | 1309570 | 1313019 || 1309775 | 1313557 | 1311045
Group2; 5792.013673; 2026-07-03 20:41:23.134386; 1310151 | 1310601 | 1316223 || 1316545 | 1314086 | 1315724 || 1317908 | 1317350 | 1321498 || 1318153 | 1322073 | 1319815
Group2; 5801.165517; 2026-07-03 20:41:32.286230; 1318233 | 1319085 | 1324705 || 1324520 | 1322985 | 1324039 || 1325903 | 1326109 | 1330241 || 1326379 | 1330153 | 1328134
Group2; 5810.31681; 2026-07-03 20:41:41.437523; 1326516 | 1327191 | 1333157 || 1333034 | 1331378 | 1332384 || 1335071 | 1335312 | 1338616 || 1335511 | 1339982 | 1336876
Group2; 5819.468337; 2026-07-03 20:41:50.589050; 1334449 | 1336918 | 1342359 || 1342630 | 1341149 | 1341608 || 1344360 | 1344745 | 1348129 || 1345238 | 1348594 | 1346298
Group2; 5828.604305; 2026-07-03 20:41:59.725018; 1344580 | 1345974 | 1351227 || 1351063 | 1349365 | 1351061 || 1352734 | 1352442 | 1357116 || 1353167 | 1357629 | 1355171
Group2; 5837.755879; 2026-07-03 20:42:08.876592; 1353790 | 1354443 | 1360542 || 1360163 | 1358756 | 1359604 || 1361163 | 1362229 | 1366048 || 1362148 | 1366478 | 1363872
Group2; 5846.907521; 2026-07-03 20:42:18.028234; 1362387 | 1362630 | 1368970 || 1368639 | 1366813 | 1367677 || 1370091 | 1369879 | 1374470 || 1369707 | 1374480 | 1371609
Group2; 5856.059159; 2026-07-03 20:42:27.179872; 1370558 | 1371087 | 1376391 || 1377037 | 1374657 | 1374868 || 1377791 | 1378086 | 1381499 || 1377626 | 1380702 | 1379032
Group2; 5865.210852; 2026-07-03 20:42:36.331565; 1377412 | 1378397 | 1384147 || 1383542 | 1382160 | 1382383 || 1384623 | 1384894 | 1389036 || 1384763 | 1389212 | 1385999
Group2; 5874.362144; 2026-07-03 20:42:45.482857; 1384354 | 1385797 | 1390939 || 1390893 | 1388677 | 1389363 || 1392298 | 1391813 | 1395751 || 1391947 | 1395373 | 1393141
Group2; 5883.514032; 2026-07-03 20:42:54.634745; 1391737 | 1391997 | 1398536 || 1398099 | 1396028 | 1396256 || 1398843 | 1399614 | 1402711 || 1398657 | 1401885 | 1399521
Group2; 5892.649756; 2026-07-03 20:43:03.770469; 1398453 | 1398864 | 1404713 || 1405128 | 1402708 | 1402646 || 1405895 | 1405989 | 1409648 || 1405853 | 1409146 | 1406509
Group2; 5901.801037; 2026-07-03 20:43:12.921750; 1405420 | 1405421 | 1411691 || 1411305 | 1409501 | 1409861 || 1412445 | 1412549 | 1416219 || 1412473 | 1415560 | 1413365
Group2; 5910.953102; 2026-07-03 20:43:22.073815; 1412278 | 1412444 | 1418524 || 1418045 | 1415889 | 1416989 || 1419299 | 1419441 | 1423415 || 1419466 | 1423220 | 1420302
Group2; 5920.104677; 2026-07-03 20:43:31.225390; 1419394 | 1419502 | 1425492 || 1425212 | 1423109 | 1423879 || 1426641 | 1426436 | 1429796 || 1425751 | 1430100 | 1426709
Group2; 5929.256343; 2026-07-03 20:43:40.377056; 1425762 | 1426688 | 1432524 || 1432141 | 1430372 | 1430368 || 1433136 | 1433396 | 1436442 || 1432801 | 1436573 | 1433811
Group2; 5938.408024; 2026-07-03 20:43:49.528737; 1432480 | 1432801 | 1439049 || 1438569 | 1436816 | 1436969 || 1439939 | 1440259 | 1443379 || 1439474 | 1442886 | 1440087
Group2; 5947.559297; 2026-07-03 20:43:58.680010; 1439434 | 1439904 | 1445483 || 1446055 | 1443311 | 1444372 || 1447016 | 1446336 | 1450507 || 1446292 | 1449489 | 1447451
Group2; 5956.710592; 2026-07-03 20:44:07.831305; 1445915 | 1446953 | 1452425 || 1452846 | 1449992 | 1451008 || 1453979 | 1453741 | 1457361 || 1453416 | 1456951 | 1453790
Group2; 5965.846706; 2026-07-03 20:44:16.967419; 1453012 | 1453689 | 1459027 || 1459731 | 1457080 | 1457900 || 1460502 | 1460044 | 1464176 || 1460324 | 1463353 | 1461003
Group2; 5974.998495; 2026-07-03 20:44:26.119208; 1460137 | 1460133 | 1465898 || 1466151 | 1464204 | 1464614 || 1467211 | 1467704 | 1470997 || 1467082 | 1470782 | 1467710
Group2; 5984.149975; 2026-07-03 20:44:35.270688; 1466741 | 1467478 | 1473076 || 1472670 | 1470599 | 1471298 || 1474135 | 1473719 | 1477986 || 1473588 | 1477228 | 1474945
Group2; 5993.301549; 2026-07-03 20:44:44.422262; 1473418 | 1474099 | 1480171 || 1480296 | 1477557 | 1478324 || 1480874 | 1480778 | 1484650 || 1480456 | 1484484 | 1481202
Group2; 6002.453582; 2026-07-03 20:44:53.574295; 1480013 | 1480470 | 1486882 || 1486662 | 1484282 | 1485359 || 1487684 | 1488201 | 1491587 || 1487071 | 1491346 | 1488190
Group2; 6011.605071; 2026-07-03 20:45:02.725784; 1485954 | 1487345 | 1493538 || 1493072 | 1491246 | 1491595 || 1494226 | 1494870 | 1498507 || 1494072 | 1498050 | 1495524
Group2; 6020.756447; 2026-07-03 20:45:11.877160; 1493880 | 1494635 | 1500910 || 1500489 | 1498370 | 1499210 || 1501188 | 1501889 | 1505616 || 1501714 | 1506038 | 1501991
Group2; 6029.892275; 2026-07-03 20:45:21.012988; 1501549 | 1501781 | 1507302 || 1507311 | 1505341 | 1505941 || 1509186 | 1508649 | 1512338 || 1508140 | 1511656 | 1509259
Group2; 6039.044115; 2026-07-03 20:45:30.164828; 1507873 | 1508228 | 1514473 || 1514468 | 1512014 | 1512844 || 1515501 | 1515686 | 1519117 || 1515499 | 1519479 | 1515493
Group2; 6048.195842; 2026-07-03 20:45:39.316555; 1514920 | 1516062 | 1521359 || 1521616 | 1518740 | 1518600 || 1522592 | 1521043 | 1522082 || 1519640 | 1520874 | 1515481
Group2; 6057.347259; 2026-07-03 20:45:48.467972; 1517063 | 1515380 | 1520130 || 1520662 | 1516928 | 1517001 || 1520758 | 1519590 | 1522008 || 1518811 | 1521167 | 1516830
Group2; 6066.499099; 2026-07-03 20:45:57.619812; 1517212 | 1516440 | 1521310 || 1521753 | 1518124 | 1517780 || 1521592 | 1520503 | 1523276 || 1519785 | 1522742 | 1518412
Group2; 6075.650813; 2026-07-03 20:46:06.771526; 1518456 | 1517934 | 1522910 || 1523304 | 1519617 | 1519273 || 1523338 | 1521926 | 1524622 || 1521276 | 1524023 | 1519908
Group2; 6084.802293; 2026-07-03 20:46:15.923006; 1520002 | 1519333 | 1524555 || 1524625 | 1521395 | 1521345 || 1524986 | 1523869 | 1526309 || 1523007 | 1525869 | 1521360
Group2; 6093.938035; 2026-07-03 20:46:25.058748; 1521625 | 1520816 | 1525701 || 1526507 | 1522648 | 1522447 || 1526601 | 1525326 | 1527761 || 1524657 | 1527315 | 1522809
Group2; 6103.08902; 2026-07-03 20:46:34.209733; 1523086 | 1522436 | 1527679 || 1527902 | 1524502 | 1524157 || 1528224 | 1526928 | 1529296 || 1526031 | 1528680 | 1524503
Group2; 6112.241323; 2026-07-03 20:46:43.362036; 1524865 | 1524049 | 1529259 || 1529767 | 1526317 | 1525827 || 1530172 | 1528766 | 1531006 || 1528050 | 1530805 | 1526177
Group2; 6121.39295; 2026-07-03 20:46:52.513663; 1526568 | 1526017 | 1530981 || 1531541 | 1527889 | 1527377 || 1531603 | 1530502 | 1533079 || 1529882 | 1532427 | 1527938
Group2; 6130.544223; 2026-07-03 20:47:01.664936; 1528153 | 1527587 | 1532933 || 1533317 | 1529677 | 1529157 || 1533444 | 1532064 | 1534632 || 1531412 | 1534128 | 1529839
Group2; 6139.69545; 2026-07-03 20:47:10.816163; 1529837 | 1529470 | 1534432 || 1534814 | 1531228 | 1531006 || 1534977 | 1534271 | 1536667 || 1533177 | 1536196 | 1532187
Group3; SecondsElapsed; DateTimePC; N97_NTC1 | N97_NTC2 | N97_TestSB || N98_NTC1 | N98_NTC2 | N98_TestSB || N99_NTC1 | N99_NTC2 | N99_TestSB || N29_NTC1 | N29_NTC2 | N29_TestSB
Group3; 6139.75451; 2026-07-03 20:47:10.875223; New Node Array: 97 98 99 29
Group3; 6139.754715; 2026-07-03 20:47:10.875428; 
Group3; 6148.890296; 2026-07-03 20:47:20.011009; N97_NTC1 | N97_NTC2 | N97_TestSB || N98_NTC1 | N98_NTC2 | N98_TestSB || N99_NTC1 | N99_NTC2 | N99_TestSB || N29_NTC1 | N29_NTC2 | N29_TestSB
Group3; 6158.041748; 2026-07-03 20:47:29.162461; 1532105 | 1536551 | 1537034 || 2274251 | 2160168 | 2089874 || 1539977 | 1537182 | 1533733 || 1538063 | 1539975 | 1535205
Group3; 6167.19352; 2026-07-03 20:47:38.314233; 1534040 | 1538593 | 1538605 || 1968142 | 1882887 | 1831183 || 1542155 | 1539077 | 1534254 || 1539987 | 1541855 | 1537232
Group3; 6176.329821; 2026-07-03 20:47:47.450534; 1536211 | 1540531 | 1540881 || 2409327 | 2282857 | 2181788 || 1544632 | 1540755 | 1536480 || 1541591 | 1543734 | 1538603
Group3; 6185.481056; 2026-07-03 20:47:56.601769; 1537346 | 1542007 | 1542887 || 2086170 | 1963140 | 1889020 || 1546043 | 1542775 | 1539102 || 1543609 | 1545669 | 1540587
Group3; 6194.632492; 2026-07-03 20:48:05.753205; 1539306 | 1543733 | 1543955 || 2199989 | 2101794 | 2033595 || 1547829 | 1544544 | 1539769 || 1545546 | 1547435 | 1542552
Group3; 6203.784038; 2026-07-03 20:48:14.904751; 1541505 | 1545894 | 1546666 || 2072549 | 1954200 | 1882058 || 1549791 | 1545924 | 1541628 || 1547009 | 1548978 | 1544171
Group3; 6212.936078; 2026-07-03 20:48:24.056791; 1542765 | 1547042 | 1548180 || 2345813 | 2212607 | 2125544 || 1551361 | 1548594 | 1544392 || 1549140 | 1550924 | 1545529
Group3; 6222.088059; 2026-07-03 20:48:33.208772; 1544345 | 1548936 | 1549362 || 1985898 | 1889779 | 1827031 || 1553244 | 1549877 | 1545923 || 1550651 | 1552660 | 1547855
Group3; 6231.238681; 2026-07-03 20:48:42.359394; 1546839 | 1550754 | 1551063 || 2420236 | 2286730 | 2165283 || 1554459 | 1551273 | 1545879 || 1552605 | 1554337 | 1549865
Group3; 6240.391227; 2026-07-03 20:48:51.511940; 1548593 | 1552983 | 1553232 || 1908837 | 1845280 | 1793221 || 1556452 | 1552925 | 1548965 || 1553917 | 1555785 | 1551384
Group3; 6249.542771; 2026-07-03 20:49:00.663484; 1550029 | 1554837 | 1555251 || 2406617 | 2270742 | 2145185 || 1558428 | 1554975 | 1550797 || 1555844 | 1557949 | 1552528
Group3; 6258.694246; 2026-07-03 20:49:09.814959; 1551437 | 1555756 | 1556690 || 1979702 | 1876879 | 1810400 || 1560071 | 1557110 | 1553420 || 1557993 | 1559665 | 1554460
Group3; 6267.829245; 2026-07-03 20:49:18.949958; 1553274 | 1557577 | 1558224 || 2305651 | 2168765 | 2081890 || 1562439 | 1558887 | 1554755 || 1559511 | 1561531 | 1556079
Group3; 6276.981899; 2026-07-03 20:49:28.102612; 1555003 | 1559246 | 1559907 || 2023697 | 1906948 | 1830320 || 1563409 | 1560873 | 1556890 || 1561593 | 1563588 | 1558118
Group3; 6286.133497; 2026-07-03 20:49:37.254210; 1556945 | 1561474 | 1561697 || 2253036 | 2126290 | 2040274 || 1565860 | 1562399 | 1558651 || 1563091 | 1565431 | 1560020
Group3; 6295.284756; 2026-07-03 20:49:46.405469; 1559237 | 1563442 | 1563736 || 2221979 | 2059850 | 1949110 || 1567240 | 1563865 | 1559077 || 1564752 | 1566792 | 1561937
Group3; 6304.436794; 2026-07-03 20:49:55.557507; 1560574 | 1565007 | 1565918 || 1943106 | 1875868 | 1814385 || 1569466 | 1566352 | 1562491 || 1567023 | 1569132 | 1563761
Group3; 6313.58805; 2026-07-03 20:50:04.708763; 1562696 | 1567013 | 1567184 || 2324170 | 2176216 | 2051250 || 1571058 | 1567865 | 1563736 || 1568380 | 1570841 | 1565486
Group3; 6322.740093; 2026-07-03 20:50:13.860806; 1564319 | 1568935 | 1569590 || 1929906 | 1860399 | 1799349 || 1572968 | 1569936 | 1565320 || 1570416 | 1572428 | 1568346
Group3; 6331.891641; 2026-07-03 20:50:23.012354; 1566562 | 1571441 | 1571658 || 2289084 | 2136387 | 2007560 || 1575015 | 1571806 | 1567514 || 1572310 | 1574635 | 1569694
Group3; 6341.042315; 2026-07-03 20:50:32.163028; 1568334 | 1573254 | 1573379 || 2061112 | 1974211 | 1902666 || 1576811 | 1574319 | 1569565 || 1574569 | 1576962 | 1571613
Group3; 6350.178938; 2026-07-03 20:50:41.299651; 1570656 | 1575077 | 1575944 || 2073808 | 1933351 | 1837243 || 1579100 | 1576020 | 1573020 || 1576709 | 1578782 | 1573782
Group3; 6359.330659; 2026-07-03 20:50:50.451372; 1572436 | 1576836 | 1577791 || 2326392 | 2172751 | 2070751 || 1581312 | 1577845 | 1574107 || 1578883 | 1580355 | 1575679
Group3; 6368.482215; 2026-07-03 20:50:59.602928; 1574325 | 1578565 | 1578517 || 1938348 | 1832988 | 1757444 || 1582382 | 1579077 | 1574986 || 1579766 | 1582085 | 1576422
Group3; 6377.633239; 2026-07-03 20:51:08.753952; 1575370 | 1579403 | 1579880 || 2332479 | 2174588 | 2039982 || 1582901 | 1579020 | 1574945 || 1579808 | 1582146 | 1576333
Group3; 6386.785619; 2026-07-03 20:51:17.906332; 1575258 | 1579873 | 1580367 || 2272061 | 2123166 | 2021818 || 1582929 | 1578913 | 1575242 || 1579939 | 1582147 | 1576174
Group3; 6395.937003; 2026-07-03 20:51:27.057716; 1575012 | 1579041 | 1579133 || 1906357 | 1822272 | 1753015 || 1582336 | 1578487 | 1574917 || 1579422 | 1581593 | 1575435
Group3; 6405.088832; 2026-07-03 20:51:36.209545; 1574367 | 1578362 | 1578267 || 2160311 | 1988844 | 1872563 || 1581700 | 1577877 | 1574292 || 1578737 | 1580947 | 1574758
Group3; 6414.240309; 2026-07-03 20:51:45.361022; 1573472 | 1577657 | 1577843 || 2395114 | 2235096 | 2098322 || 1580929 | 1577485 | 1574373 || 1578503 | 1580564 | 1574514
Group3; 6423.392156; 2026-07-03 20:51:54.512869; 1573333 | 1577390 | 1577532 || 1922465 | 1838786 | 1766627 || 1580959 | 1577183 | 1574137 || 1578131 | 1580324 | 1574424
Group3; 6432.543663; 2026-07-03 20:52:03.664376; 1573266 | 1577347 | 1577795 || 2025257 | 1892546 | 1796188 || 1581388 | 1577746 | 1574645 || 1578540 | 1580713 | 1575226
Group3; 6441.679437; 2026-07-03 20:52:12.800150; 1573890 | 1578217 | 1578524 || 2310703 | 2149126 | 2008150 || 1582089 | 1578318 | 1574910 || 1579179 | 1581404 | 1576607
Group3; 6450.830368; 2026-07-03 20:52:21.951081; 1575333 | 1579334 | 1579441 || 2343889 | 2179152 | 2060565 || 1583125 | 1579777 | 1576234 || 1580339 | 1582754 | 1577082
Group3; 6459.982824; 2026-07-03 20:52:31.103537; 1575861 | 1579720 | 1580017 || 1929664 | 1846379 | 1771236 || 1583550 | 1580067 | 1576586 || 1580740 | 1582970 | 1577474
Group3; 6469.134446; 2026-07-03 20:52:40.255159; 1576055 | 1580459 | 1580809 || 1916935 | 1800496 | 1719414 || 1584117 | 1579885 | 1576297 || 1580670 | 1583155 | 1577250
Group3; 6478.286106; 2026-07-03 20:52:49.406819; 1575905 | 1580034 | 1580468 || 2214158 | 2028315 | 1891255 || 1584266 | 1580318 | 1576415 || 1580997 | 1583246 | 1576928
Group3; 6487.43775; 2026-07-03 20:52:58.558463; 1575853 | 1580079 | 1580654 || 2401583 | 2240442 | 2090068 || 1583947 | 1579801 | 1576113 || 1580657 | 1582887 | 1576742
Group3; 6496.589393; 2026-07-03 20:53:07.710106; 1575496 | 1579617 | 1580557 || 1958601 | 1869383 | 1787433 || 1583426 | 1579572 | 1576059 || 1580470 | 1582712 | 1576615
Group3; 6505.74055; 2026-07-03 20:53:16.861263; 1575516 | 1579574 | 1579593 || 2114108 | 1945165 | 1825226 || 1582900 | 1579181 | 1575852 || 1580131 | 1582353 | 1576838
Group3; 6514.892654; 2026-07-03 20:53:26.013367; 1575680 | 1579886 | 1580012 || 2365580 | 2195957 | 2048042 || 1583347 | 1579698 | 1576088 || 1580498 | 1582890 | 1577026
Group3; 6524.0437; 2026-07-03 20:53:35.164413; 1575876 | 1580179 | 1580303 || 2344962 | 2181299 | 2050017 || 1583458 | 1579565 | 1576016 || 1580451 | 1582780 | 1576801
Group3; 6533.179981; 2026-07-03 20:53:44.300694; 1575857 | 1579884 | 1580140 || 2003143 | 1906049 | 1819120 || 1583671 | 1579820 | 1575991 || 1580666 | 1583014 | 1577461
Group3; 6542.331202; 2026-07-03 20:53:53.451915; 1576092 | 1580155 | 1580324 || 1939320 | 1815430 | 1725231 || 1583641 | 1580092 | 1576621 || 1580928 | 1583148 | 1577236
Group3; 6551.48337; 2026-07-03 20:54:02.604083; 1576138 | 1580434 | 1580679 || 2262057 | 2084601 | 1935457 || 1584100 | 1580302 | 1576616 || 1581168 | 1583371 | 1577670
Group3; 6560.634988; 2026-07-03 20:54:11.755701; 1576497 | 1580771 | 1581573 || 2284917 | 2119998 | 2003958 || 1584538 | 1580261 | 1576642 || 1581304 | 1583447 | 1577390
Group3; 6569.786961; 2026-07-03 20:54:20.907674; 1576346 | 1580299 | 1580541 || 1899920 | 1806910 | 1724643 || 1583887 | 1580081 | 1576599 || 1581001 | 1583239 | 1577144
Group3; 6578.93738; 2026-07-03 20:54:30.058093; 1576187 | 1580267 | 1580613 || 2026602 | 1876897 | 1771008 || 1583965 | 1580065 | 1576420 || 1581061 | 1583176 | 1577213
Group3; 6588.089517; 2026-07-03 20:54:39.210230; 1576077 | 1580163 | 1580579 || 2385416 | 2214298 | 2057943 || 1583941 | 1580413 | 1577566 || 1581077 | 1583591 | 1577709
Group3; 6597.241556; 2026-07-03 20:54:48.362269; 1576428 | 1580605 | 1580935 || 1924011 | 1832166 | 1748949 || 1584323 | 1580680 | 1577420 || 1581601 | 1583742 | 1577764
Group3; 6606.393009; 2026-07-03 20:54:57.513722; 1576683 | 1580639 | 1581348 || 2184206 | 1990523 | 1855468 || 1584643 | 1581064 | 1577772 || 1581901 | 1584130 | 1577992
Group3; 6615.51538; 2026-07-03 20:55:06.636093; 1576981 | 1580386 | 1580704 || 2025421 | 1920710 | 1829881 || 1584008 | 1580688 | 1577491 || 1581515 | 1583534 | 1577664
Group3; 6624.65783; 2026-07-03 20:55:15.778543; 1576403 | 1580397 | 1580611 || 2303172 | 2127276 | 1974656 || 1583972 | 1579701 | 1576897 || 1580668 | 1583094 | 1577014
Group3; 6633.804423; 2026-07-03 20:55:24.925136; 1575806 | 1579827 | 1579910 || 1890588 | 1776329 | 1689641 || 1583471 | 1579998 | 1576508 || 1580822 | 1582987 | 1576428
Group3; 6642.952928; 2026-07-03 20:55:34.073641; 1575487 | 1579441 | 1579654 || 2371000 | 2194162 | 2055184 || 1583034 | 1579462 | 1576264 || 1580228 | 1582481 | 1576887
Group3; 6652.102438; 2026-07-03 20:55:43.223151; 1575562 | 1579818 | 1580086 || 2008077 | 1861640 | 1753995 || 1583537 | 1580038 | 1576648 || 1580777 | 1582937 | 1576903
Group3; 6661.253465; 2026-07-03 20:55:52.374178; 1575915 | 1580122 | 1580369 || 2290060 | 2118924 | 1997350 || 1584152 | 1580863 | 1577652 || 1581486 | 1583697 | 1578016
Group3; 6670.404541; 2026-07-03 20:56:01.525254; 1576907 | 1580919 | 1581038 || 1888373 | 1775495 | 1688654 || 1584494 | 1581307 | 1577733 || 1582120 | 1584157 | 1578374
Group3; 6679.555959; 2026-07-03 20:56:10.676672; 1577286 | 1581374 | 1581670 || 2292548 | 2116690 | 1967235 || 1585131 | 1581376 | 1578079 || 1582266 | 1584426 | 1578709
Group3; 6688.707896; 2026-07-03 20:56:19.828609; 1577565 | 1581508 | 1581411 || 2048219 | 1934700 | 1836081 || 1584815 | 1581091 | 1577963 || 1581829 | 1584293 | 1578562
Group3; 6697.858963; 2026-07-03 20:56:28.979676; 1577264 | 1581130 | 1580452 || 2055179 | 1890638 | 1772145 || 1583914 | 1580335 | 1576846 || 1581173 | 1583692 | 1577621
Group1; SecondsElapsed; DateTimePC; N88_NTC1 | N88_NTC2 | N88_TestSB || N89_NTC1 | N89_NTC2 | N89_TestSB || N90_NTC1 | N90_NTC2 | N90_TestSB || N91_NTC1 | N91_NTC2 | N91_TestSB
Group1; 6697.918875; 2026-07-03 20:56:29.039588; New Node Array: 88 89 90 91
Group1; 6697.91924; 2026-07-03 20:56:29.039953; 
Group1; 6707.053894; 2026-07-03 20:56:38.174607; N88_NTC1 | N88_NTC2 | N88_TestSB || N89_NTC1 | N89_NTC2 | N89_TestSB || N90_NTC1 | N90_NTC2 | N90_TestSB || N91_NTC1 | N91_NTC2 | N91_TestSB
Group1; 6716.205773; 2026-07-03 20:56:47.326486; 1583560 | 1576165 | 1578647 || 1576654 | 1580297 | 1580388 || 1575315 | 1581022 | 1581509 || 1577175 | 1576589 | 1576479
Group1; 6725.356826; 2026-07-03 20:56:56.477539; 1583625 | 1575968 | 1578311 || 1576694 | 1580304 | 1580361 || 1575258 | 1581083 | 1581237 || 1577277 | 1576335 | 1576286
Group1; 6734.493048; 2026-07-03 20:57:05.613761; 1583451 | 1575703 | 1578213 || 1576540 | 1580633 | 1580486 || 1575548 | 1581253 | 1581282 || 1577443 | 1576552 | 1576354
Group1; 6743.644265; 2026-07-03 20:57:14.764978; 1583581 | 1575890 | 1578293 || 1576949 | 1580775 | 1580627 || 1575779 | 1581737 | 1581806 || 1577942 | 1577014 | 1577243
Group1; 6752.796323; 2026-07-03 20:57:23.917036; 1584189 | 1576393 | 1578861 || 1577504 | 1581506 | 1581386 || 1576353 | 1582259 | 1582358 || 1578424 | 1577542 | 1577358
Group1; 6761.946941; 2026-07-03 20:57:33.067654; 1584570 | 1576797 | 1579151 || 1577501 | 1581150 | 1581082 || 1576198 | 1582009 | 1582815 || 1578194 | 1577904 | 1577583
Group1; 6771.09886; 2026-07-03 20:57:42.219573; 1584891 | 1577006 | 1579369 || 1577784 | 1581295 | 1581278 || 1576378 | 1581927 | 1582251 || 1578210 | 1577363 | 1577532
Group1; 6780.250574; 2026-07-03 20:57:51.371287; 1584447 | 1576792 | 1579343 || 1577423 | 1580987 | 1581070 || 1576119 | 1581875 | 1582329 || 1578116 | 1577539 | 1577256
Group1; 6789.401846; 2026-07-03 20:58:00.522559; 1584642 | 1576813 | 1579240 || 1577169 | 1580345 | 1580784 || 1575623 | 1581114 | 1581577 || 1577340 | 1576489 | 1576558
Group1; 6798.538362; 2026-07-03 20:58:09.659075; 1583559 | 1576044 | 1578574 || 1576555 | 1580264 | 1580320 || 1575323 | 1580899 | 1581146 || 1577114 | 1576262 | 1576156
Group1; 6807.689558; 2026-07-03 20:58:18.810271; 1583318 | 1575710 | 1578195 || 1576319 | 1580044 | 1580025 || 1574930 | 1580720 | 1580965 || 1576954 | 1576102 | 1575982
Group1; 6816.840784; 2026-07-03 20:58:27.961497; 1583205 | 1575518 | 1577926 || 1576171 | 1579956 | 1579953 || 1574786 | 1581177 | 1581086 || 1577074 | 1576334 | 1576331
Group1; 6825.992795; 2026-07-03 20:58:37.113508; 1583264 | 1575725 | 1578065 || 1576397 | 1580075 | 1580056 || 1575100 | 1580765 | 1581271 || 1577071 | 1576413 | 1576344
Group1; 6835.144039; 2026-07-03 20:58:46.264752; 1583458 | 1575714 | 1578219 || 1576494 | 1580162 | 1580000 || 1575224 | 1580986 | 1581689 || 1577435 | 1576887 | 1576584
Group1; 6844.296226; 2026-07-03 20:58:55.416939; 1583958 | 1575938 | 1578416 || 1576820 | 1580691 | 1580582 || 1575548 | 1581409 | 1581666 || 1577619 | 1576624 | 1576688
Group1; 6853.447917; 2026-07-03 20:59:04.568630; 1583703 | 1576063 | 1578638 || 1576780 | 1580451 | 1580598 || 1575440 | 1581353 | 1582054 || 1577708 | 1577031 | 1576807
Group1; 6862.59884; 2026-07-03 20:59:13.719553; 1584161 | 1576387 | 1578835 || 1577054 | 1581075 | 1581016 || 1576063 | 1581742 | 1581690 || 1577986 | 1577097 | 1576805
Group1; 6871.734642; 2026-07-03 20:59:22.855355; 1584229 | 1576375 | 1578819 || 1577050 | 1580820 | 1580681 || 1575821 | 1581604 | 1581805 || 1577806 | 1576906 | 1576957
Group1; 6880.88618; 2026-07-03 20:59:32.006893; 1584100 | 1576343 | 1578892 || 1577323 | 1581387 | 1581392 || 1576258 | 1581817 | 1582061 || 1578037 | 1577048 | 1576546
Group1; 6890.037673; 2026-07-03 20:59:41.158386; 1584084 | 1576271 | 1578851 || 1577034 | 1580891 | 1580628 || 1575901 | 1581711 | 1581979 || 1577980 | 1576802 | 1576141
Group1; 6899.189312; 2026-07-03 20:59:50.310025; 1584007 | 1576069 | 1578370 || 1576808 | 1580753 | 1580207 || 1575760 | 1581286 | 1581255 || 1577518 | 1576518 | 1576288
Group1; 6908.341312; 2026-07-03 20:59:59.462025; 1583572 | 1575925 | 1578274 || 1576427 | 1580102 | 1579978 || 1575075 | 1580742 | 1580960 || 1576965 | 1576101 | 1575892
Group1; 6917.493019; 2026-07-03 21:00:08.613732; 1583190 | 1575550 | 1577936 || 1575966 | 1579726 | 1579715 || 1574659 | 1580449 | 1580864 || 1576744 | 1576006 | 1575813
Group1; 6926.644945; 2026-07-03 21:00:17.765658; 1583092 | 1575397 | 1577764 || 1576042 | 1579374 | 1579203 || 1574443 | 1580041 | 1580185 || 1576355 | 1575716 | 1575904
Group1; 6935.796179; 2026-07-03 21:00:26.916892; 1582830 | 1575266 | 1577644 || 1576176 | 1579750 | 1579592 || 1574733 | 1580272 | 1580586 || 1576567 | 1575679 | 1575820
Group1; 6944.932214; 2026-07-03 21:00:36.052927; 1582693 | 1575155 | 1577676 || 1575853 | 1579547 | 1579424 || 1574498 | 1580255 | 1580429 || 1576435 | 1575579 | 1575184
Group1; 6954.083722; 2026-07-03 21:00:45.204435; 1582614 | 1574937 | 1577231 || 1575522 | 1579246 | 1579103 || 1574220 | 1579883 | 1580127 || 1576098 | 1575215 | 1575220
Group1; 6963.235208; 2026-07-03 21:00:54.355921; 1582296 | 1574728 | 1577105 || 1575321 | 1579253 | 1579144 || 1574184 | 1579728 | 1579941 || 1575815 | 1574893 | 1574906
Group1; 6972.386805; 2026-07-03 21:01:03.507518; 1581997 | 1574466 | 1576867 || 1574958 | 1578830 | 1578848 || 1573983 | 1579639 | 1579909 || 1575867 | 1574906 | 1574890
Group1; 6981.538381; 2026-07-03 21:01:12.659094; 1582010 | 1574307 | 1576880 || 1575146 | 1579692 | 1579354 || 1574245 | 1579738 | 1579741 || 1576033 | 1574955 | 1574850
Group1; 6990.690224; 2026-07-03 21:01:21.810937; 1582099 | 1574382 | 1576940 || 1575101 | 1579004 | 1579049 || 1574099 | 1579794 | 1579920 || 1576056 | 1575145 | 1574901
Group1; 6999.841451; 2026-07-03 21:01:30.962164; 1582252 | 1574435 | 1576896 || 1575287 | 1579378 | 1579218 || 1574252 | 1580007 | 1580390 || 1576206 | 1575418 | 1575632
Group1; 7008.977472; 2026-07-03 21:01:40.098185; 1582619 | 1574899 | 1577288 || 1575651 | 1579125 | 1579185 || 1574144 | 1580074 | 1580470 || 1576275 | 1575563 | 1575791
Group1; 7018.128911; 2026-07-03 21:01:49.249624; 1582961 | 1575179 | 1577460 || 1575776 | 1579802 | 1579706 || 1574531 | 1580435 | 1580761 || 1576650 | 1575801 | 1575732
Group1; 7027.2807; 2026-07-03 21:01:58.401413; 1582891 | 1575191 | 1577805 || 1575947 | 1579891 | 1579676 || 1574571 | 1580143 | 1580458 || 1576204 | 1575428 | 1575416
Group1; 7036.431671; 2026-07-03 21:02:07.552384; 1582563 | 1575082 | 1577466 || 1575570 | 1579639 | 1579481 || 1574431 | 1580188 | 1580161 || 1576340 | 1575236 | 1575148
Group1; 7045.584385; 2026-07-03 21:02:16.705098; 1582333 | 1574753 | 1577195 || 1575385 | 1578910 | 1578853 || 1574064 | 1579561 | 1579868 || 1575937 | 1575005 | 1574812
Group1; 7054.736022; 2026-07-03 21:02:25.856735; 1582078 | 1574416 | 1576820 || 1575018 | 1578517 | 1578534 || 1573506 | 1579249 | 1579521 || 1575375 | 1574578 | 1574364
Group1; 7063.887019; 2026-07-03 21:02:35.007732; 1581672 | 1574095 | 1576409 || 1574617 | 1578058 | 1578247 || 1573035 | 1579346 | 1579480 || 1575320 | 1574662 | 1574334
Group1; 7073.038578; 2026-07-03 21:02:44.159291; 1581554 | 1574040 | 1576367 || 1574399 | 1578177 | 1578078 || 1573102 | 1579259 | 1579240 || 1575641 | 1574802 | 1574959
Group1; 7082.174367; 2026-07-03 21:02:53.295080; 1582061 | 1574181 | 1576584 || 1575064 | 1578446 | 1578425 || 1573444 | 1579329 | 1579499 || 1575598 | 1574903 | 1575370
Group1; 7091.326288; 2026-07-03 21:03:02.447001; 1582022 | 1574227 | 1576896 || 1575394 | 1579121 | 1579045 || 1574074 | 1579749 | 1580088 || 1576060 | 1575340 | 1575488
Group1; 7100.477811; 2026-07-03 21:03:11.598524; 1582391 | 1574674 | 1577164 || 1575440 | 1579217 | 1579129 || 1574310 | 1579931 | 1580283 || 1576218 | 1575492 | 1575388
Group1; 7109.629417; 2026-07-03 21:03:20.750130; 1582510 | 1574781 | 1577274 || 1575565 | 1579449 | 1579236 || 1574361 | 1579932 | 1580171 || 1576247 | 1575183 | 1574770
Group1; 7118.78092; 2026-07-03 21:03:29.901633; 1582318 | 1574510 | 1576935 || 1575154 | 1578825 | 1578704 || 1573721 | 1579892 | 1579955 || 1575979 | 1575288 | 1574383
Group1; 7127.932557; 2026-07-03 21:03:39.053270; 1582234 | 1574402 | 1576782 || 1574774 | 1578467 | 1578317 || 1573533 | 1579194 | 1579299 || 1575460 | 1574570 | 1574235
Group1; 7137.083929; 2026-07-03 21:03:48.204642; 1581655 | 1573965 | 1576319 || 1574575 | 1577940 | 1577938 || 1572835 | 1578668 | 1579018 || 1574810 | 1574173 | 1573945
Group1; 7146.21996; 2026-07-03 21:03:57.340673; 1581196 | 1573624 | 1575962 || 1574257 | 1578027 | 1577972 || 1572985 | 1578920 | 1578984 || 1575015 | 1574348 | 1574102
Group1; 7155.371495; 2026-07-03 21:04:06.492208; 1581259 | 1573693 | 1575984 || 1574438 | 1578189 | 1578042 || 1573140 | 1578925 | 1579090 || 1575207 | 1574413 | 1574463
Group1; 7164.523354; 2026-07-03 21:04:15.644067; 1581572 | 1573905 | 1576164 || 1574761 | 1578707 | 1578534 || 1573633 | 1579527 | 1579700 || 1575785 | 1575103 | 1575100
Group1; 7173.674386; 2026-07-03 21:04:24.795099; 1582260 | 1574401 | 1576768 || 1575273 | 1578818 | 1578918 || 1573977 | 1579618 | 1580057 || 1576012 | 1575259 | 1575183
Group1; 7182.82655; 2026-07-03 21:04:33.947263; 1582321 | 1574584 | 1577019 || 1575377 | 1579367 | 1579033 || 1574312 | 1579829 | 1580038 || 1576199 | 1575276 | 1575116
Group1; 7191.978072; 2026-07-03 21:04:43.098785; 1582487 | 1574727 | 1577021 || 1575594 | 1579140 | 1578901 || 1574084 | 1579605 | 1579719 || 1575795 | 1574803 | 1574591
Group1; 7201.129709; 2026-07-03 21:04:52.250422; 1581901 | 1574348 | 1576644 || 1574952 | 1578485 | 1578495 || 1573347 | 1579412 | 1579690 || 1575460 | 1574708 | 1574213
Group1; 7210.265427; 2026-07-03 21:05:01.386140; 1581586 | 1574005 | 1576293 || 1574470 | 1578113 | 1578429 || 1573193 | 1578740 | 1579109 || 1575056 | 1574195 | 1574110
Group1; 7219.417053; 2026-07-03 21:05:10.537766; 1581268 | 1573625 | 1576049 || 1574305 | 1577842 | 1577931 || 1572959 | 1578553 | 1578850 || 1574850 | 1573957 | 1574306
Group1; 7228.568728; 2026-07-03 21:05:19.689441; 1581114 | 1573439 | 1576083 || 1574247 | 1578054 | 1577707 || 1573058 | 1578944 | 1578918 || 1575196 | 1574415 | 1574215
Group1; 7237.720339; 2026-07-03 21:05:28.841052; 1581423 | 1573720 | 1576076 || 1574364 | 1578018 | 1578030 || 1573058 | 1578856 | 1579163 || 1575118 | 1574305 | 1574391
Group1; 7246.871931; 2026-07-03 21:05:37.992644; 1581588 | 1573801 | 1576148 || 1574728 | 1578892 | 1578580 || 1573895 | 1579651 | 1579694 || 1575934 | 1574889 | 1574454
Group1; 7256.023074; 2026-07-03 21:05:47.143787; 1581927 | 1574125 | 1576422 || 1574747 | 1578557 | 1578396 || 1573401 | 1579495 | 1579544 || 1575615 | 1574795 | 1574520
Group2; SecondsElapsed; DateTimePC; N92_NTC1 | N92_NTC2 | N92_TestSB || N93_NTC1 | N93_NTC2 | N93_TestSB || N94_NTC1 | N94_NTC2 | N94_TestSB || N96_NTC1 | N96_NTC2 | N96_TestSB
Group2; 7256.081303; 2026-07-03 21:05:47.202016; New Node Array: 92 93 94 96
Group2; 7256.081456; 2026-07-03 21:05:47.202169; 
Group2; 7265.217819; 2026-07-03 21:05:56.338532; N92_NTC1 | N92_NTC2 | N92_TestSB || N93_NTC1 | N93_NTC2 | N93_TestSB || N94_NTC1 | N94_NTC2 | N94_TestSB || N96_NTC1 | N96_NTC2 | N96_TestSB
Group2; 7274.369267; 2026-07-03 21:06:05.489980; 1575655 | 1574885 | 1579638 || 1580444 | 1575758 | 1575076 || 1580033 | 1578059 | 1580502 || 1577037 | 1579806 | 1575396
Group2; 7283.52057; 2026-07-03 21:06:14.641283; 1575500 | 1574849 | 1579476 || 1580086 | 1575631 | 1575022 || 1579657 | 1577763 | 1579957 || 1576672 | 1579315 | 1574554
Group2; 7292.656666; 2026-07-03 21:06:23.777379; 1574929 | 1574162 | 1579253 || 1579637 | 1575560 | 1575215 || 1579479 | 1577909 | 1579524 || 1576545 | 1578895 | 1573740
Group2; 7301.808237; 2026-07-03 21:06:32.928950; 1574375 | 1573517 | 1578154 || 1578984 | 1574610 | 1574159 || 1578640 | 1576887 | 1578922 || 1575852 | 1578396 | 1573562
Group2; 7310.959941; 2026-07-03 21:06:42.080654; 1574074 | 1573169 | 1577837 || 1578517 | 1574248 | 1574067 || 1578385 | 1576731 | 1578908 || 1575718 | 1578020 | 1572955
Group2; 7320.111363; 2026-07-03 21:06:51.232076; 1573967 | 1572741 | 1577612 || 1578183 | 1574082 | 1573613 || 1577922 | 1576474 | 1578911 || 1575384 | 1578102 | 1572879
Group2; 7329.262847; 2026-07-03 21:07:00.383560; 1573833 | 1572824 | 1577622 || 1578302 | 1574285 | 1573984 || 1578467 | 1576778 | 1578943 || 1575580 | 1578149 | 1573223
Group2; 7338.414307; 2026-07-03 21:07:09.535020; 1573944 | 1573035 | 1577637 || 1578422 | 1574144 | 1573774 || 1578131 | 1576605 | 1579511 || 1575841 | 1579017 | 1574296
Group2; 7347.566125; 2026-07-03 21:07:18.686838; 1574638 | 1573555 | 1578253 || 1578765 | 1574492 | 1574003 || 1578474 | 1576965 | 1579221 || 1576035 | 1578594 | 1573882
Group2; 7356.717958; 2026-07-03 21:07:27.838671; 1574346 | 1573477 | 1578406 || 1578980 | 1574753 | 1574086 || 1578615 | 1577060 | 1579181 || 1576010 | 1578537 | 1573574
Group2; 7365.853821; 2026-07-03 21:07:36.974534; 1574302 | 1573333 | 1578294 || 1578871 | 1574795 | 1574593 || 1578869 | 1577207 | 1579284 || 1576197 | 1578651 | 1573516
Group2; 7375.00542; 2026-07-03 21:07:46.126133; 1574279 | 1573374 | 1578467 || 1578788 | 1574828 | 1574263 || 1578706 | 1577079 | 1579046 || 1576010 | 1578685 | 1573672
Group2; 7384.157029; 2026-07-03 21:07:55.277742; 1574333 | 1573404 | 1578140 || 1578800 | 1574779 | 1574385 || 1578594 | 1577161 | 1579515 || 1576101 | 1578984 | 1573735
Group2; 7393.308798; 2026-07-03 21:08:04.429511; 1574529 | 1573537 | 1578022 || 1578711 | 1574588 | 1573959 || 1578515 | 1576980 | 1579090 || 1575899 | 1578446 | 1573572
Group2; 7402.46027; 2026-07-03 21:08:13.580983; 1574164 | 1573142 | 1577874 || 1578464 | 1574212 | 1573552 || 1578211 | 1576396 | 1578967 || 1575449 | 1578455 | 1573974
Group2; 7411.611946; 2026-07-03 21:08:22.732659; 1574224 | 1573289 | 1578021 || 1578734 | 1574281 | 1573917 || 1578350 | 1576575 | 1578794 || 1575547 | 1578485 | 1574049
Group2; 7420.763367; 2026-07-03 21:08:31.884080; 1573958 | 1573672 | 1578240 || 1578867 | 1574463 | 1573602 || 1578354 | 1576495 | 1578747 || 1575513 | 1578093 | 1573286
Group2; 7429.898727; 2026-07-03 21:08:41.019440; 1573798 | 1572975 | 1577853 || 1578308 | 1574187 | 1573381 || 1577887 | 1576426 | 1578509 || 1575333 | 1577910 | 1573240
Group2; 7439.051; 2026-07-03 21:08:50.171713; 1573671 | 1573193 | 1578005 || 1578637 | 1574287 | 1573323 || 1578391 | 1576257 | 1578319 || 1574984 | 1577799 | 1573005
Group2; 7448.202657; 2026-07-03 21:08:59.323370; 1573345 | 1572560 | 1577687 || 1578236 | 1574015 | 1573431 || 1577906 | 1576274 | 1578484 || 1575226 | 1577784 | 1572938
Group2; 7457.354132; 2026-07-03 21:09:08.474845; 1573433 | 1572602 | 1577378 || 1578087 | 1573874 | 1573790 || 1577950 | 1576303 | 1578362 || 1574859 | 1577261 | 1572358
Group2; 7466.505019; 2026-07-03 21:09:17.625732; 1573026 | 1572316 | 1577322 || 1577856 | 1573841 | 1573235 || 1577786 | 1576091 | 1577913 || 1574750 | 1577144 | 1572431
Group2; 7475.657578; 2026-07-03 21:09:26.778291; 1572997 | 1572044 | 1577176 || 1577534 | 1573526 | 1573225 || 1577487 | 1575974 | 1577943 || 1574734 | 1577234 | 1572178
Group2; 7484.809136; 2026-07-03 21:09:35.929849; 1572884 | 1572180 | 1577153 || 1577716 | 1573625 | 1573111 || 1577558 | 1575766 | 1577745 || 1574628 | 1577122 | 1571980
Group2; 7493.960203; 2026-07-03 21:09:45.080916; 1572746 | 1571812 | 1576888 || 1577237 | 1573641 | 1573241 || 1577432 | 1575990 | 1577916 || 1574863 | 1577406 | 1572519
Group2; 7503.096023; 2026-07-03 21:09:54.216736; 1573065 | 1572224 | 1577226 || 1577697 | 1573622 | 1573143 || 1577499 | 1575986 | 1578428 || 1574930 | 1577728 | 1572717
Group2; 7512.247995; 2026-07-03 21:10:03.368708; 1573384 | 1572414 | 1577308 || 1577896 | 1573976 | 1573672 || 1578064 | 1576517 | 1578642 || 1575519 | 1577989 | 1572959
Group2; 7521.39942; 2026-07-03 21:10:12.520133; 1573798 | 1572720 | 1577410 || 1578093 | 1573856 | 1573297 || 1577760 | 1576055 | 1578414 || 1575123 | 1578170 | 1573120
Group2; 7530.551077; 2026-07-03 21:10:21.671790; 1573796 | 1572857 | 1577454 || 1578102 | 1573750 | 1573529 || 1577706 | 1576203 | 1578369 || 1575304 | 1577577 | 1572579
Group2; 7539.703119; 2026-07-03 21:10:30.823832; 1573388 | 1572261 | 1577292 || 1577877 | 1574014 | 1573552 || 1578047 | 1576089 | 1577929 || 1574995 | 1577204 | 1572556
Group2; 7548.854535; 2026-07-03 21:10:39.975248; 1573037 | 1571980 | 1577101 || 1577683 | 1573594 | 1573073 || 1577604 | 1575815 | 1577913 || 1574837 | 1577417 | 1572133
Group2; 7558.00583; 2026-07-03 21:10:49.126543; 1573101 | 1572037 | 1576457 || 1577293 | 1573147 | 1573316 || 1577134 | 1575933 | 1578060 || 1575026 | 1577431 | 1572272
Group2; 7567.142206; 2026-07-03 21:10:58.262919; 1573192 | 1572177 | 1576607 || 1577427 | 1573114 | 1572752 || 1577047 | 1575643 | 1578287 || 1574885 | 1577726 | 1572655
Group2; 7576.293435; 2026-07-03 21:11:07.414148; 1573421 | 1572443 | 1577008 || 1577771 | 1573531 | 1572949 || 1577374 | 1575857 | 1578078 || 1574840 | 1577372 | 1572396
Group2; 7585.444253; 2026-07-03 21:11:16.564966; 1573127 | 1572136 | 1576762 || 1577354 | 1573216 | 1572724 || 1577283 | 1575691 | 1577846 || 1574660 | 1577290 | 1572398
Group2; 7594.597014; 2026-07-03 21:11:25.717727; 1573065 | 1572093 | 1576714 || 1577407 | 1573042 | 1572492 || 1576993 | 1575311 | 1577788 || 1574365 | 1577497 | 1572190
Group2; 7603.748609; 2026-07-03 21:11:34.869322; 1573048 | 1572140 | 1576654 || 1577147 | 1573005 | 1572665 || 1576816 | 1575223 | 1577502 || 1574258 | 1576877 | 1571865
Group2; 7612.900202; 2026-07-03 21:11:44.020915; 1572539 | 1571553 | 1576517 || 1577058 | 1573331 | 1573212 || 1577255 | 1575850 | 1577692 || 1574537 | 1576955 | 1572281
Group2; 7622.051859; 2026-07-03 21:11:53.172572; 1572786 | 1571898 | 1576931 || 1577406 | 1573342 | 1573141 || 1577353 | 1575935 | 1578151 || 1575018 | 1577462 | 1572627
Group2; 7631.187507; 2026-07-03 21:12:02.308220; 1573254 | 1572238 | 1577372 || 1577826 | 1573814 | 1573643 || 1577848 | 1576152 | 1578278 || 1575125 | 1577508 | 1572416
Group2; 7640.339118; 2026-07-03 21:12:11.459831; 1573270 | 1572225 | 1576855 || 1577567 | 1573259 | 1572750 || 1577290 | 1575671 | 1577767 || 1574570 | 1576925 | 1571741
Group2; 7649.490763; 2026-07-03 21:12:20.611476; 1572494 | 1571479 | 1576084 || 1576747 | 1572660 | 1572197 || 1576542 | 1574945 | 1577097 || 1573895 | 1576388 | 1571469
Group2; 7658.642161; 2026-07-03 21:12:29.762874; 1572185 | 1571212 | 1575854 || 1576496 | 1572259 | 1571894 || 1576202 | 1574565 | 1576858 || 1573507 | 1575991 | 1571115
Group2; 7667.794078; 2026-07-03 21:12:38.914791; 1571883 | 1570909 | 1575822 || 1576428 | 1572308 | 1571827 || 1576278 | 1574627 | 1577206 || 1573763 | 1576524 | 1571839
Group2; 7676.945788; 2026-07-03 21:12:48.066501; 1572323 | 1571510 | 1576437 || 1576871 | 1572727 | 1572121 || 1576618 | 1574876 | 1577570 || 1573936 | 1577019 | 1572347
Group2; 7686.097225; 2026-07-03 21:12:57.217938; 1572530 | 1572054 | 1576885 || 1577413 | 1573322 | 1572716 || 1577221 | 1575556 | 1577896 || 1574733 | 1577833 | 1573423
Group2; 7695.248915; 2026-07-03 21:13:06.369628; 1573234 | 1572942 | 1577745 || 1578234 | 1573860 | 1573527 || 1577756 | 1576362 | 1578536 || 1575287 | 1577729 | 1573066
Group2; 7704.384774; 2026-07-03 21:13:15.505487; 1573579 | 1572987 | 1577811 || 1578597 | 1574278 | 1573737 || 1578303 | 1576621 | 1578691 || 1575622 | 1577976 | 1572882
Group2; 7713.536314; 2026-07-03 21:13:24.657027; 1573665 | 1572615 | 1577244 || 1577962 | 1573699 | 1573306 || 1577607 | 1576092 | 1578051 || 1574853 | 1577252 | 1572300
Group2; 7722.687928; 2026-07-03 21:13:33.808641; 1573062 | 1572042 | 1577207 || 1577568 | 1573313 | 1572592 || 1577156 | 1575398 | 1577426 || 1574202 | 1576402 | 1571345
Group2; 7731.839668; 2026-07-03 21:13:42.960381; 1572304 | 1571342 | 1576241 || 1576814 | 1572595 | 1571872 || 1576571 | 1574753 | 1576904 || 1573764 | 1576153 | 1570985
Group2; 7740.991311; 2026-07-03 21:13:52.112024; 1571866 | 1570921 | 1575644 || 1576197 | 1571978 | 1571467 || 1575856 | 1574367 | 1576482 || 1573260 | 1575768 | 1570584
Group2; 7750.142645; 2026-07-03 21:14:01.263358; 1571503 | 1570432 | 1575248 || 1575836 | 1571887 | 1571390 || 1575765 | 1574301 | 1576558 || 1573275 | 1576015 | 1571185
Group2; 7759.293952; 2026-07-03 21:14:10.414665; 1571665 | 1571018 | 1575783 || 1576589 | 1572457 | 1571863 || 1576423 | 1574749 | 1577423 || 1573814 | 1576540 | 1571507
Group2; 7768.445591; 2026-07-03 21:14:19.566304; 1572387 | 1571103 | 1576011 || 1576716 | 1572482 | 1572281 || 1576631 | 1575071 | 1577436 || 1574171 | 1576740 | 1572496
Group2; 7777.581663; 2026-07-03 21:14:28.702376; 1572691 | 1571824 | 1576963 || 1577464 | 1573523 | 1572871 || 1577431 | 1575734 | 1577834 || 1574636 | 1577598 | 1572967
Group2; 7786.733124; 2026-07-03 21:14:37.853837; 1573507 | 1572662 | 1577772 || 1578440 | 1574184 | 1573148 || 1577763 | 1575812 | 1578220 || 1574806 | 1577576 | 1572872
Group2; 7795.884244; 2026-07-03 21:14:47.004957; 1573345 | 1572542 | 1577562 || 1578063 | 1574108 | 1573307 || 1577998 | 1576251 | 1578211 || 1575000 | 1577637 | 1572655
Group2; 7805.037038; 2026-07-03 21:14:56.157751; 1573223 | 1572411 | 1577297 || 1578062 | 1573886 | 1573256 || 1577832 | 1576072 | 1577825 || 1574812 | 1577195 | 1572006
Group2; 7814.188008; 2026-07-03 21:15:05.308721; 1572836 | 1571854 | 1576489 || 1577205 | 1572905 | 1572429 || 1576786 | 1575393 | 1577869 || 1574439 | 1576859 | 1571080
Group3; SecondsElapsed; DateTimePC; N97_NTC1 | N97_NTC2 | N97_TestSB || N98_NTC1 | N98_NTC2 | N98_TestSB || N99_NTC1 | N99_NTC2 | N99_TestSB || N29_NTC1 | N29_NTC2 | N29_TestSB
Group3; 7814.248287; 2026-07-03 21:15:05.369000; New Node Array: 97 98 99 29
Group3; 7814.248673; 2026-07-03 21:15:05.369386; 
Group3; 7823.384221; 2026-07-03 21:15:14.504934; N97_NTC1 | N97_NTC2 | N97_TestSB || N98_NTC1 | N98_NTC2 | N98_TestSB || N99_NTC1 | N99_NTC2 | N99_TestSB || N29_NTC1 | N29_NTC2 | N29_TestSB
Group3; 7832.535677; 2026-07-03 21:15:23.656390; 1569992 | 1574378 | 1574643 || 2079798 | 1952755 | 1867413 || 1577778 | 1574090 | 1571304 || 1574873 | 1577185 | 1571339
Group3; 7841.687326; 2026-07-03 21:15:32.808039; 1570060 | 1574269 | 1574962 || 2415800 | 2273539 | 2147252 || 1578562 | 1574877 | 1571313 || 1575582 | 1577586 | 1571547
Group3; 7850.838853; 2026-07-03 21:15:41.959566; 1570230 | 1574735 | 1575384 || 2152416 | 2052891 | 1978473 || 1579027 | 1575144 | 1571723 || 1576151 | 1578130 | 1571996
Group3; 7859.974762; 2026-07-03 21:15:51.095475; 1571009 | 1574914 | 1575263 || 1912536 | 1841341 | 1782799 || 1578894 | 1575242 | 1572238 || 1576061 | 1578288 | 1572243
Group3; 7869.126417; 2026-07-03 21:16:00.247130; 1571145 | 1575057 | 1575079 || 2148534 | 2000101 | 1900222 || 1578808 | 1575410 | 1572194 || 1576212 | 1578445 | 1571961
Group3; 7878.278005; 2026-07-03 21:16:09.398718; 1571028 | 1574685 | 1574851 || 2414711 | 2270695 | 2148701 || 1578134 | 1574365 | 1570893 || 1575253 | 1577490 | 1571589
Group3; 7887.428983; 2026-07-03 21:16:18.549696; 1570444 | 1574739 | 1575071 || 1939136 | 1843208 | 1776251 || 1578576 | 1574643 | 1571313 || 1575442 | 1577718 | 1571512
Group3; 7896.581377; 2026-07-03 21:16:27.702090; 1570392 | 1574714 | 1575678 || 2414197 | 2270044 | 2136916 || 1579057 | 1574306 | 1570641 || 1575560 | 1577403 | 1571468
Group3; 7905.732579; 2026-07-03 21:16:36.853292; 1570242 | 1574571 | 1575395 || 1904803 | 1830111 | 1767725 || 1578133 | 1574785 | 1571343 || 1575573 | 1577727 | 1571783
Group3; 7914.884484; 2026-07-03 21:16:46.005197; 1570467 | 1574795 | 1575392 || 2373315 | 2223856 | 2095250 || 1578535 | 1575141 | 1571859 || 1575900 | 1578147 | 1572271
Group3; 7924.036132; 2026-07-03 21:16:55.156845; 1571030 | 1574862 | 1575163 || 1944169 | 1873616 | 1811760 || 1578850 | 1575332 | 1572229 || 1576065 | 1578203 | 1572355
Group3; 7933.187453; 2026-07-03 21:17:04.308166; 1571164 | 1575204 | 1575463 || 2101660 | 1959302 | 1863257 || 1578786 | 1574740 | 1571007 || 1575806 | 1577980 | 1572088
Group3; 7942.323463; 2026-07-03 21:17:13.444176; 1570919 | 1575068 | 1575271 || 2417270 | 2269624 | 2134883 || 1578472 | 1574540 | 1571176 || 1575483 | 1577674 | 1571715
Group3; 7951.474779; 2026-07-03 21:17:22.595492; 1570512 | 1574484 | 1574989 || 1991768 | 1915153 | 1848206 || 1578259 | 1574383 | 1570856 || 1575310 | 1577462 | 1572064
Group3; 7960.626825; 2026-07-03 21:17:31.747538; 1570683 | 1574306 | 1574403 || 1939666 | 1835504 | 1763745 || 1578171 | 1574772 | 1571307 || 1575735 | 1577850 | 1571953
Group3; 7969.778586; 2026-07-03 21:17:40.899299; 1570984 | 1574522 | 1574344 || 2304766 | 2150577 | 2019082 || 1578231 | 1574624 | 1571272 || 1575381 | 1577788 | 1571979
Group3; 7978.930176; 2026-07-03 21:17:50.050889; 1570823 | 1574593 | 1574790 || 2013962 | 1931594 | 1857006 || 1578193 | 1574684 | 1571585 || 1575473 | 1577655 | 1571914
Group3; 7988.081381; 2026-07-03 21:17:59.202094; 1570737 | 1574794 | 1574702 || 2294292 | 2135949 | 2004522 || 1578483 | 1574962 | 1571231 || 1575663 | 1577823 | 1571888
Group3; 7997.232848; 2026-07-03 21:18:08.353561; 1570760 | 1574869 | 1575425 || 1904718 | 1818297 | 1748314 || 1578954 | 1574963 | 1571849 || 1575803 | 1578042 | 1572248
Group3; 8006.385121; 2026-07-03 21:18:17.505834; 1570776 | 1575302 | 1575555 || 2383516 | 2226480 | 2085442 || 1578607 | 1574823 | 1570820 || 1575684 | 1578079 | 1571907
Group3; 8015.536285; 2026-07-03 21:18:26.656998; 1571241 | 1575070 | 1575311 || 1904823 | 1818449 | 1746775 || 1578864 | 1575062 | 1571815 || 1575950 | 1578230 | 1572452
Group3; 8024.688327; 2026-07-03 21:18:35.809040; 1571128 | 1575392 | 1575642 || 2303287 | 2142133 | 2005939 || 1578896 | 1575046 | 1571644 || 1575799 | 1578168 | 1572079
Group3; 8033.824065; 2026-07-03 21:18:44.944778; 1570908 | 1574906 | 1574852 || 1915669 | 1834563 | 1761648 || 1578252 | 1574377 | 1571149 || 1575210 | 1577614 | 1571724
Group3; 8042.975663; 2026-07-03 21:18:54.096376; 1570567 | 1574705 | 1574894 || 2368232 | 2208382 | 2063568 || 1578488 | 1574496 | 1571235 || 1575403 | 1577577 | 1571410
Group3; 8052.127383; 2026-07-03 21:19:03.248096; 1570334 | 1574646 | 1575132 || 1934492 | 1818933 | 1736542 || 1578066 | 1574031 | 1571383 || 1575175 | 1577411 | 1571657
Group3; 8061.275256; 2026-07-03 21:19:12.395969; 1570531 | 1575003 | 1575287 || 2223354 | 2082308 | 1982591 || 1578628 | 1574675 | 1571338 || 1575558 | 1577788 | 1572312
Group3; 8070.415937; 2026-07-03 21:19:21.536650; 1571145 | 1575164 | 1575046 || 2174872 | 1992440 | 1868064 || 1578836 | 1575026 | 1571350 || 1575798 | 1578034 | 1572018
Group3; 8079.561288; 2026-07-03 21:19:30.682001; 1570907 | 1575027 | 1575346 || 1948885 | 1862075 | 1783323 || 1578770 | 1575123 | 1572202 || 1575990 | 1578191 | 1572416
Group3; 8088.709551; 2026-07-03 21:19:39.830264; 1571306 | 1575140 | 1575249 || 2308141 | 2143069 | 2000690 || 1578637 | 1574604 | 1571584 || 1575578 | 1577831 | 1572362
Group3; 8097.859646; 2026-07-03 21:19:48.980359; 1570822 | 1575181 | 1575840 || 1890451 | 1798783 | 1722032 || 1578767 | 1575077 | 1571643 || 1575765 | 1578039 | 1572219
Group3; 8107.010315; 2026-07-03 21:19:58.131028; 1571004 | 1575264 | 1575767 || 2362758 | 2196409 | 2049385 || 1579222 | 1575207 | 1571643 || 1576129 | 1578166 | 1571673
Group3; 8116.160598; 2026-07-03 21:20:07.281311; 1570695 | 1574884 | 1575376 || 1911576 | 1825609 | 1747812 || 1578857 | 1574922 | 1571302 || 1575615 | 1577964 | 1571901
Group3; 8125.297037; 2026-07-03 21:20:16.417750; 1570690 | 1574942 | 1575072 || 2207399 | 2020574 | 1883324 || 1578291 | 1574424 | 1571027 || 1575306 | 1577590 | 1571432
Group3; 8134.448437; 2026-07-03 21:20:25.569150; 1570300 | 1574248 | 1574390 || 2288457 | 2124348 | 2012428 || 1577923 | 1574042 | 1570608 || 1574905 | 1577292 | 1571339
Group3; 8143.59987; 2026-07-03 21:20:34.720583; 1569884 | 1574583 | 1574701 || 1957836 | 1830240 | 1738206 || 1577719 | 1573830 | 1571054 || 1574716 | 1577049 | 1571199
Group3; 8152.751117; 2026-07-03 21:20:43.871830; 1569983 | 1574078 | 1574746 || 2383994 | 2216940 | 2078950 || 1578166 | 1574826 | 1571262 || 1575565 | 1577681 | 1571345
Group3; 8161.903191; 2026-07-03 21:20:53.023904; 1570255 | 1574234 | 1574652 || 1973917 | 1841329 | 1746117 || 1577965 | 1574299 | 1570709 || 1575209 | 1577463 | 1571724
Group3; 8171.054459; 2026-07-03 21:21:02.175172; 1570724 | 1575014 | 1575534 || 2314846 | 2146121 | 2027080 || 1578416 | 1574752 | 1571592 || 1575567 | 1577750 | 1572119
Group3; 8180.206431; 2026-07-03 21:21:11.327144; 1570853 | 1574994 | 1575122 || 2051191 | 1893036 | 1784762 || 1578855 | 1575124 | 1571528 || 1575983 | 1578105 | 1571920
Group3; 8189.357042; 2026-07-03 21:21:20.477755; 1571066 | 1575395 | 1575745 || 2254203 | 2094613 | 1982720 || 1578997 | 1575079 | 1571910 || 1575877 | 1578138 | 1572049
Group3; 8198.509534; 2026-07-03 21:21:29.630247; 1570906 | 1575202 | 1575412 || 1933147 | 1809265 | 1720818 || 1578992 | 1575266 | 1572133 || 1576094 | 1578291 | 1572284
Group3; 8207.645252; 2026-07-03 21:21:38.765965; 1571116 | 1575216 | 1575763 || 2309464 | 2136579 | 1989511 || 1578861 | 1574855 | 1571506 || 1575787 | 1578049 | 1571861
Group3; 8216.795901; 2026-07-03 21:21:47.916614; 1570753 | 1574875 | 1574992 || 1936982 | 1846177 | 1762516 || 1578120 | 1574297 | 1571046 || 1575283 | 1577518 | 1571227
Group3; 8225.948671; 2026-07-03 21:21:57.069384; 1570271 | 1574109 | 1574168 || 2278061 | 2105032 | 1958174 || 1577500 | 1573675 | 1570662 || 1574463 | 1576812 | 1570398
Group3; 8235.100444; 2026-07-03 21:22:06.221157; 1569381 | 1573347 | 1574008 || 1904397 | 1809329 | 1725255 || 1577395 | 1573511 | 1570297 || 1574391 | 1576517 | 1570742
Group3; 8244.251921; 2026-07-03 21:22:15.372634; 1569179 | 1573419 | 1574027 || 2295810 | 2122536 | 1973827 || 1577614 | 1574122 | 1570959 || 1574977 | 1576869 | 1571022
Group3; 8253.403349; 2026-07-03 21:22:24.524062; 1569931 | 1573871 | 1573731 || 1956573 | 1860730 | 1774569 || 1577831 | 1574372 | 1570929 || 1575046 | 1577307 | 1571455
Group3; 8262.555098; 2026-07-03 21:22:33.675811; 1570438 | 1574504 | 1574909 || 2146161 | 1958296 | 1830299 || 1578282 | 1574551 | 1571690 || 1575466 | 1577705 | 1571626
Group3; 8271.706757; 2026-07-03 21:22:42.827470; 1570635 | 1574649 | 1574935 || 2164250 | 2025728 | 1921991 || 1578609 | 1574656 | 1570527 || 1575489 | 1577620 | 1571950
Group3; 8280.85791; 2026-07-03 21:22:51.978623; 1570525 | 1574807 | 1575272 || 2138865 | 1952079 | 1824170 || 1578646 | 1575052 | 1571822 || 1575927 | 1577892 | 1572318
Group3; 8289.994083; 2026-07-03 21:23:01.114796; 1571024 | 1574890 | 1575005 || 1980837 | 1882413 | 1791864 || 1578893 | 1575246 | 1571960 || 1576021 | 1578177 | 1572346
Group3; 8299.145653; 2026-07-03 21:23:10.266366; 1571293 | 1575711 | 1575648 || 2239710 | 2051645 | 1905353 || 1578608 | 1574718 | 1571503 || 1575724 | 1578123 | 1572349
Group3; 8308.29702; 2026-07-03 21:23:19.417733; 1571280 | 1575159 | 1575026 || 2167384 | 2023787 | 1918720 || 1578401 | 1574381 | 1570968 || 1575189 | 1577721 | 1572208
Group3; 8317.44869; 2026-07-03 21:23:28.569403; 1570795 | 1574482 | 1574413 || 1956346 | 1821068 | 1723265 || 1577901 | 1574092 | 1570902 || 1574890 | 1577079 | 1571106
Group3; 8326.599721; 2026-07-03 21:23:37.720434; 1569895 | 1573998 | 1574486 || 2315847 | 2139343 | 1988279 || 1577758 | 1573797 | 1570553 || 1574637 | 1577071 | 1571412
Group3; 8335.751629; 2026-07-03 21:23:46.872342; 1570203 | 1574470 | 1574237 || 2112918 | 1985670 | 1883781 || 1577650 | 1573614 | 1570084 || 1574567 | 1576768 | 1570697
Group3; 8344.903506; 2026-07-03 21:23:56.024219; 1569647 | 1573776 | 1574349 || 2052519 | 1894753 | 1779651 || 1577532 | 1574254 | 1570850 || 1575052 | 1577096 | 1570725
Group3; 8354.055585; 2026-07-03 21:24:05.176298; 1570044 | 1573676 | 1573848 || 2345384 | 2170066 | 2039194 || 1577907 | 1574015 | 1570807 || 1574786 | 1577078 | 1571049
Group3; 8363.206248; 2026-07-03 21:24:14.326961; 1570071 | 1574020 | 1574599 || 2081400 | 1909457 | 1789078 || 1577963 | 1574147 | 1570747 || 1574957 | 1577158 | 1571290
Group3; 8372.342532; 2026-07-03 21:24:23.463245; 1570126 | 1574212 | 1574525 || 2066501 | 1948669 | 1848642 || 1578148 | 1574317 | 1570879 || 1575214 | 1577279 | 1571294
Group1; SecondsElapsed; DateTimePC; N88_NTC1 | N88_NTC2 | N88_TestSB || N89_NTC1 | N89_NTC2 | N89_TestSB || N90_NTC1 | N90_NTC2 | N90_TestSB || N91_NTC1 | N91_NTC2 | N91_TestSB
Group1; 8372.403281; 2026-07-03 21:24:23.523994; New Node Array: 88 89 90 91
Group1; 8372.40365; 2026-07-03 21:24:23.524363; 
Group1; 8381.538522; 2026-07-03 21:24:32.659235; N88_NTC1 | N88_NTC2 | N88_TestSB || N89_NTC1 | N89_NTC2 | N89_TestSB || N90_NTC1 | N90_NTC2 | N90_TestSB || N91_NTC1 | N91_NTC2 | N91_TestSB
Group1; 8390.690038; 2026-07-03 21:24:41.810751; 1578411 | 1570726 | 1573175 || 1571513 | 1575250 | 1575147 || 1570305 | 1576115 | 1576388 || 1572248 | 1571636 | 1571426
Group1; 8399.841234; 2026-07-03 21:24:50.961947; 1578533 | 1570896 | 1573273 || 1571600 | 1575699 | 1575690 || 1570604 | 1576727 | 1576572 || 1572747 | 1571763 | 1571511
Group1; 8408.976491; 2026-07-03 21:25:00.097204; 1578661 | 1571183 | 1573470 || 1571755 | 1576040 | 1575852 || 1570930 | 1576324 | 1576597 || 1572803 | 1571522 | 1571709
Group1; 8418.128766; 2026-07-03 21:25:09.249479; 1578843 | 1571062 | 1573616 || 1571871 | 1575604 | 1575483 || 1570632 | 1576114 | 1576614 || 1572510 | 1571772 | 1571813
Group1; 8427.28075; 2026-07-03 21:25:18.401463; 1578781 | 1571068 | 1573551 || 1571874 | 1575693 | 1575685 || 1570591 | 1576094 | 1576771 || 1572418 | 1571740 | 1571947
Group1; 8436.432376; 2026-07-03 21:25:27.553089; 1578767 | 1571157 | 1573718 || 1571882 | 1575322 | 1575266 || 1570411 | 1575991 | 1576449 || 1572233 | 1571642 | 1571365
Group1; 8445.584023; 2026-07-03 21:25:36.704736; 1578671 | 1571022 | 1573336 || 1571483 | 1575630 | 1575664 || 1570253 | 1576435 | 1576627 || 1572579 | 1571830 | 1571538
Group1; 8454.735749; 2026-07-03 21:25:45.856462; 1578720 | 1571149 | 1573582 || 1571703 | 1575544 | 1575457 || 1570546 | 1576234 | 1576576 || 1572532 | 1571730 | 1571489
Group1; 8463.886924; 2026-07-03 21:25:55.007637; 1578818 | 1571097 | 1573514 || 1571783 | 1575290 | 1575277 || 1570279 | 1575910 | 1576599 || 1572285 | 1571589 | 1571579
Group1; 8473.038865; 2026-07-03 21:26:04.159578; 1578713 | 1570986 | 1573374 || 1571566 | 1575374 | 1575373 || 1570346 | 1576138 | 1576829 || 1572499 | 1571709 | 1572008
Group1; 8482.174615; 2026-07-03 21:26:13.295328; 1578977 | 1571192 | 1573626 || 1571711 | 1575054 | 1575300 || 1570219 | 1576204 | 1576523 || 1572305 | 1571573 | 1571570
Group1; 8491.32596; 2026-07-03 21:26:22.446673; 1578696 | 1571029 | 1573505 || 1571697 | 1575653 | 1575591 || 1570570 | 1576136 | 1576371 || 1572444 | 1571430 | 1571380
Group1; 8500.477007; 2026-07-03 21:26:31.597720; 1578534 | 1570914 | 1573316 || 1571702 | 1575803 | 1575632 || 1570649 | 1575879 | 1576269 || 1572365 | 1571264 | 1571565
Group1; 8509.629574; 2026-07-03 21:26:40.750287; 1578366 | 1570814 | 1573436 || 1571542 | 1575482 | 1575472 || 1570541 | 1576396 | 1576771 || 1572799 | 1571908 | 1571443
Group1; 8518.781266; 2026-07-03 21:26:49.901979; 1579018 | 1571154 | 1573594 || 1571758 | 1575335 | 1575522 || 1570434 | 1576531 | 1576709 || 1572772 | 1572055 | 1571321
Group1; 8527.932851; 2026-07-03 21:26:59.053564; 1579072 | 1571171 | 1573562 || 1571709 | 1575403 | 1575521 || 1570400 | 1576141 | 1576602 || 1572426 | 1571525 | 1571442
Group1; 8537.084393; 2026-07-03 21:27:08.205106; 1578640 | 1570934 | 1573437 || 1571559 | 1575292 | 1575295 || 1570167 | 1576061 | 1576226 || 1572128 | 1571329 | 1571369
Group1; 8546.219869; 2026-07-03 21:27:17.340582; 1578556 | 1570874 | 1573325 || 1571494 | 1575372 | 1575390 || 1570178 | 1576226 | 1576312 || 1572231 | 1571510 | 1571499
Group1; 8555.371408; 2026-07-03 21:27:26.492121; 1578607 | 1570983 | 1573418 || 1571509 | 1575082 | 1575276 || 1570193 | 1575941 | 1576327 || 1572238 | 1571310 | 1571159
Group1; 8564.52298; 2026-07-03 21:27:35.643693; 1578353 | 1570756 | 1573281 || 1571441 | 1575552 | 1575552 || 1570391 | 1576105 | 1576333 || 1572220 | 1571479 | 1571464
Group1; 8573.675096; 2026-07-03 21:27:44.795809; 1578732 | 1570986 | 1573404 || 1571725 | 1575300 | 1575388 || 1570334 | 1575930 | 1576310 || 1572257 | 1571495 | 1571267
Group1; 8582.826603; 2026-07-03 21:27:53.947316; 1578607 | 1570871 | 1573224 || 1571501 | 1575097 | 1575163 || 1570045 | 1576088 | 1576149 || 1572301 | 1571255 | 1570821
Group1; 8591.978333; 2026-07-03 21:28:03.099046; 1578315 | 1570748 | 1573044 || 1571165 | 1574891 | 1574881 || 1569871 | 1575995 | 1576309 || 1572215 | 1571550 | 1571232
Group1; 8601.130068; 2026-07-03 21:28:12.250781; 1578661 | 1570860 | 1573114 || 1571326 | 1575009 | 1575105 || 1569752 | 1575742 | 1576079 || 1571906 | 1571251 | 1571541
Group1; 8610.281537; 2026-07-03 21:28:21.402250; 1578496 | 1570722 | 1573403 || 1571516 | 1575003 | 1575168 || 1570135 | 1575873 | 1576480 || 1572059 | 1571565 | 1571457
Group1; 8619.417185; 2026-07-03 21:28:30.537898; 1578622 | 1570881 | 1573341 || 1571552 | 1575095 | 1574950 || 1570076 | 1575886 | 1575913 || 1571924 | 1571252 | 1571285
Group1; 8628.568966; 2026-07-03 21:28:39.689679; 1578313 | 1570793 | 1573234 || 1571589 | 1575207 | 1575257 || 1570316 | 1575629 | 1576060 || 1572135 | 1571221 | 1571519
Group1; 8637.72094; 2026-07-03 21:28:48.841653; 1578750 | 1570896 | 1573251 || 1571697 | 1575415 | 1575394 || 1570386 | 1576376 | 1576681 || 1572566 | 1571762 | 1571623
Group1; 8646.872297; 2026-07-03 21:28:57.993010; 1578817 | 1571120 | 1573545 || 1571769 | 1575674 | 1575509 || 1570609 | 1576662 | 1576619 || 1572729 | 1571883 | 1571808
Group1; 8656.023793; 2026-07-03 21:29:07.144506; 1579022 | 1571339 | 1573696 || 1571857 | 1575557 | 1575420 || 1570503 | 1576304 | 1576629 || 1572694 | 1571958 | 1571923
Group1; 8665.175584; 2026-07-03 21:29:16.296297; 1579093 | 1571335 | 1573751 || 1572072 | 1575579 | 1575623 || 1570572 | 1576335 | 1576574 || 1572606 | 1571900 | 1572085
Group1; 8674.326984; 2026-07-03 21:29:25.447697; 1579014 | 1571361 | 1573700 || 1572002 | 1575127 | 1575374 || 1570361 | 1575968 | 1576464 || 1572324 | 1571434 | 1571406
Group1; 8683.478625; 2026-07-03 21:29:34.599338; 1578593 | 1570995 | 1573430 || 1571630 | 1575418 | 1575366 || 1570479 | 1576068 | 1576285 || 1572258 | 1571371 | 1571236
Group1; 8692.614454; 2026-07-03 21:29:43.735167; 1578480 | 1570836 | 1573305 || 1571421 | 1575553 | 1575375 || 1570251 | 1576270 | 1576295 || 1572391 | 1571418 | 1571274
Group1; 8701.76614; 2026-07-03 21:29:52.886853; 1578519 | 1570889 | 1573367 || 1571400 | 1575614 | 1575611 || 1570477 | 1576293 | 1576470 || 1572556 | 1571614 | 1571175
Group1; 8710.917813; 2026-07-03 21:30:02.038526; 1578619 | 1570859 | 1573420 || 1571550 | 1575328 | 1575152 || 1570227 | 1575878 | 1576213 || 1572117 | 1571536 | 1571926
Group1; 8720.069337; 2026-07-03 21:30:11.190050; 1578522 | 1570987 | 1573520 || 1571730 | 1575101 | 1575135 || 1570234 | 1575581 | 1576003 || 1572022 | 1571190 | 1571206
Group1; 8729.221052; 2026-07-03 21:30:20.341765; 1578424 | 1570788 | 1573213 || 1571477 | 1575203 | 1575250 || 1570188 | 1575830 | 1575981 || 1572060 | 1571255 | 1571154
Group1; 8738.372515; 2026-07-03 21:30:29.493228; 1578328 | 1570769 | 1573070 || 1571223 | 1574972 | 1574877 || 1569881 | 1575437 | 1575659 || 1571651 | 1570859 | 1570626
Group1; 8747.523645; 2026-07-03 21:30:38.644358; 1577944 | 1570341 | 1572737 || 1571034 | 1574913 | 1574671 || 1569883 | 1575521 | 1575740 || 1571688 | 1570889 | 1571039
Group1; 8756.660004; 2026-07-03 21:30:47.780717; 1577995 | 1570434 | 1572915 || 1570960 | 1574793 | 1574826 || 1569811 | 1575529 | 1575938 || 1571807 | 1571043 | 1571204
Group1; 8765.811593; 2026-07-03 21:30:56.932306; 1578178 | 1570560 | 1572987 || 1571232 | 1575106 | 1575001 || 1570040 | 1576039 | 1576248 || 1572306 | 1571494 | 1571232
Group1; 8774.963308; 2026-07-03 21:31:06.084021; 1578556 | 1570788 | 1573208 || 1571353 | 1575190 | 1575195 || 1570237 | 1576098 | 1576535 || 1572495 | 1571511 | 1571365
Group1; 8784.113979; 2026-07-03 21:31:15.234692; 1578584 | 1570741 | 1573384 || 1571551 | 1575624 | 1575630 || 1570611 | 1576447 | 1576801 || 1572800 | 1572210 | 1572520
Group1; 8793.266608; 2026-07-03 21:31:24.387321; 1579242 | 1571473 | 1574010 || 1572310 | 1575668 | 1575863 || 1570784 | 1576485 | 1576999 || 1572872 | 1571963 | 1571735
Group1; 8802.418074; 2026-07-03 21:31:33.538787; 1579214 | 1571310 | 1573857 || 1572010 | 1575761 | 1575927 || 1570834 | 1576154 | 1576504 || 1572523 | 1571516 | 1571673
Group1; 8811.569494; 2026-07-03 21:31:42.690207; 1578710 | 1571046 | 1573624 || 1571797 | 1575282 | 1575386 || 1570387 | 1575838 | 1576212 || 1572077 | 1571116 | 1571169
Group1; 8820.720823; 2026-07-03 21:31:51.841536; 1578454 | 1570818 | 1573243 || 1571298 | 1574835 | 1574891 || 1569910 | 1575592 | 1575664 || 1571852 | 1570982 | 1570735
Group1; 8829.856803; 2026-07-03 21:32:00.977516; 1578068 | 1570384 | 1572889 || 1571004 | 1574583 | 1574503 || 1569714 | 1575157 | 1575359 || 1571475 | 1570502 | 1570745
Group1; 8839.00804; 2026-07-03 21:32:10.128753; 1577691 | 1570080 | 1572626 || 1570849 | 1574346 | 1574401 || 1569404 | 1574899 | 1575285 || 1571192 | 1570377 | 1570287
Group1; 8848.159989; 2026-07-03 21:32:19.280702; 1577509 | 1569847 | 1572351 || 1570605 | 1574538 | 1574440 || 1569403 | 1575005 | 1575184 || 1571215 | 1570461 | 1570656
Group1; 8857.312149; 2026-07-03 21:32:28.432862; 1577538 | 1570043 | 1572264 || 1570732 | 1574330 | 1574077 || 1569319 | 1574909 | 1575162 || 1571165 | 1570380 | 1570709
Group1; 8866.463737; 2026-07-03 21:32:37.584450; 1577506 | 1569900 | 1572558 || 1570637 | 1574358 | 1574408 || 1569420 | 1575190 | 1575443 || 1571594 | 1570930 | 1571067
Group1; 8875.615515; 2026-07-03 21:32:46.736228; 1578268 | 1570361 | 1572749 || 1571126 | 1574597 | 1574543 || 1569795 | 1575633 | 1575723 || 1571904 | 1571098 | 1571162
Group1; 8884.767169; 2026-07-03 21:32:55.887882; 1578262 | 1570527 | 1572814 || 1571212 | 1574837 | 1574690 || 1569784 | 1575494 | 1575708 || 1571715 | 1570934 | 1571008
Group1; 8893.902725; 2026-07-03 21:33:05.023438; 1578090 | 1570486 | 1572814 || 1571051 | 1575346 | 1575066 || 1570099 | 1576081 | 1576154 || 1572294 | 1571342 | 1571199
Group1; 8903.054324; 2026-07-03 21:33:14.175037; 1578416 | 1570741 | 1573082 || 1571387 | 1574889 | 1574989 || 1570072 | 1575655 | 1575972 || 1572059 | 1571047 | 1571169
Group1; 8912.206022; 2026-07-03 21:33:23.326735; 1578306 | 1570637 | 1573073 || 1571316 | 1575173 | 1575008 || 1570186 | 1575820 | 1576253 || 1572202 | 1571274 | 1571013
Group1; 8921.35711; 2026-07-03 21:33:32.477823; 1578374 | 1570656 | 1573183 || 1571337 | 1575386 | 1575088 || 1570350 | 1575830 | 1576168 || 1572124 | 1571264 | 1571469
Group1; 8930.508706; 2026-07-03 21:33:41.629419; 1578465 | 1570806 | 1573253 || 1571514 | 1575211 | 1575106 || 1570208 | 1575970 | 1576402 || 1572303 | 1571444 | 1571395
Group2; SecondsElapsed; DateTimePC; N92_NTC1 | N92_NTC2 | N92_TestSB || N93_NTC1 | N93_NTC2 | N93_TestSB || N94_NTC1 | N94_NTC2 | N94_TestSB || N96_NTC1 | N96_NTC2 | N96_TestSB
Group2; 8930.568429; 2026-07-03 21:33:41.689142; New Node Array: 92 93 94 96
Group2; 8930.568796; 2026-07-03 21:33:41.689509; 
Group2; 8939.704015; 2026-07-03 21:33:50.824728; N92_NTC1 | N92_NTC2 | N92_TestSB || N93_NTC1 | N93_NTC2 | N93_TestSB || N94_NTC1 | N94_NTC2 | N94_TestSB || N96_NTC1 | N96_NTC2 | N96_TestSB
Group2; 8948.855429; 2026-07-03 21:33:59.976142; 1572174 | 1570995 | 1575880 || 1576532 | 1572375 | 1572050 || 1576429 | 1574746 | 1577077 || 1573914 | 1576644 | 1571431
Group2; 8958.007028; 2026-07-03 21:34:09.127741; 1572229 | 1571098 | 1575845 || 1576422 | 1572456 | 1572241 || 1576545 | 1575043 | 1576986 || 1574035 | 1576347 | 1571583
Group2; 8967.142728; 2026-07-03 21:34:18.263441; 1572066 | 1571316 | 1576470 || 1576776 | 1572845 | 1571978 || 1576804 | 1574969 | 1577092 || 1573927 | 1576358 | 1571690
Group2; 8976.294417; 2026-07-03 21:34:27.415130; 1572053 | 1571355 | 1576432 || 1576748 | 1572792 | 1572518 || 1576718 | 1575177 | 1577095 || 1574170 | 1576573 | 1570940
Group2; 8985.44606; 2026-07-03 21:34:36.566773; 1572263 | 1570992 | 1575693 || 1576843 | 1572615 | 1572064 || 1576711 | 1574947 | 1577123 || 1573977 | 1576579 | 1571487
Group2; 8994.597733; 2026-07-03 21:34:45.718446; 1572160 | 1571305 | 1576128 || 1576629 | 1572275 | 1571613 || 1576208 | 1574381 | 1576649 || 1573350 | 1576023 | 1571219
Group2; 9003.749455; 2026-07-03 21:34:54.870168; 1571881 | 1571075 | 1575925 || 1576612 | 1572443 | 1571885 || 1576410 | 1574928 | 1577024 || 1573691 | 1576335 | 1571432
Group2; 9012.900916; 2026-07-03 21:35:04.021629; 1572088 | 1571135 | 1575785 || 1576486 | 1572164 | 1571697 || 1576113 | 1574447 | 1576680 || 1573438 | 1575934 | 1570966
Group2; 9022.052525; 2026-07-03 21:35:13.173238; 1571730 | 1570831 | 1575703 || 1576199 | 1572165 | 1571532 || 1576032 | 1574687 | 1576994 || 1573811 | 1576483 | 1571357
Group2; 9031.188109; 2026-07-03 21:35:22.308822; 1572220 | 1571051 | 1575692 || 1576356 | 1572055 | 1571431 || 1576052 | 1574610 | 1576733 || 1573626 | 1576094 | 1571036
Group2; 9040.339593; 2026-07-03 21:35:31.460306; 1571834 | 1570788 | 1575419 || 1576110 | 1571811 | 1571355 || 1575701 | 1574217 | 1576493 || 1573013 | 1575522 | 1570691
Group2; 9049.49145; 2026-07-03 21:35:40.612163; 1571331 | 1570340 | 1575294 || 1575789 | 1571799 | 1571312 || 1575869 | 1574018 | 1576337 || 1573089 | 1575737 | 1570746
Group2; 9058.64324; 2026-07-03 21:35:49.763953; 1571412 | 1570474 | 1575556 || 1575981 | 1571892 | 1571060 || 1575760 | 1573975 | 1576340 || 1573118 | 1575823 | 1570946
Group2; 9067.79441; 2026-07-03 21:35:58.915123; 1571531 | 1570794 | 1575807 || 1576465 | 1572376 | 1571889 || 1576346 | 1574588 | 1576405 || 1573487 | 1575849 | 1571028
Group2; 9076.946336; 2026-07-03 21:36:08.067049; 1571656 | 1570885 | 1575984 || 1576415 | 1572546 | 1572041 || 1576338 | 1574804 | 1577001 || 1573799 | 1576224 | 1571240
Group2; 9086.097952; 2026-07-03 21:36:17.218665; 1572026 | 1570904 | 1575841 || 1576321 | 1572412 | 1572138 || 1576253 | 1575140 | 1577641 || 1574102 | 1576868 | 1571451
Group2; 9095.24944; 2026-07-03 21:36:26.370153; 1572575 | 1571411 | 1575984 || 1576620 | 1572456 | 1572254 || 1576385 | 1575146 | 1578179 || 1574377 | 1577606 | 1571863
Group2; 9104.385291; 2026-07-03 21:36:35.506004; 1572818 | 1571863 | 1576356 || 1576965 | 1572940 | 1572507 || 1576835 | 1575406 | 1577562 || 1574421 | 1576982 | 1572263
Group2; 9113.536428; 2026-07-03 21:36:44.657141; 1572752 | 1571961 | 1576721 || 1577382 | 1572997 | 1571991 || 1576889 | 1575022 | 1577241 || 1573999 | 1576748 | 1571847
Group2; 9122.687637; 2026-07-03 21:36:53.808350; 1572307 | 1571629 | 1576437 || 1576911 | 1572578 | 1571803 || 1576530 | 1574638 | 1576683 || 1573505 | 1576157 | 1571559
Group2; 9131.839326; 2026-07-03 21:37:02.960039; 1571902 | 1571319 | 1576321 || 1576838 | 1572706 | 1572172 || 1576583 | 1574978 | 1576913 || 1573863 | 1576277 | 1570851
Group2; 9140.990828; 2026-07-03 21:37:12.111541; 1571740 | 1570799 | 1575684 || 1576186 | 1572179 | 1571748 || 1576056 | 1574415 | 1576375 || 1573284 | 1575708 | 1570645
Group2; 9150.14247; 2026-07-03 21:37:21.263183; 1571517 | 1570369 | 1575141 || 1575976 | 1571896 | 1571664 || 1575769 | 1574620 | 1577102 || 1573729 | 1576406 | 1571047
Group2; 9159.294218; 2026-07-03 21:37:30.414931; 1572052 | 1570855 | 1575132 || 1576121 | 1571324 | 1570708 || 1575330 | 1573897 | 1576434 || 1573141 | 1576270 | 1571161
Group2; 9168.430133; 2026-07-03 21:37:39.550846; 1571721 | 1570789 | 1574931 || 1575953 | 1571419 | 1570997 || 1575676 | 1574131 | 1576403 || 1573165 | 1575920 | 1570919
Group2; 9177.581398; 2026-07-03 21:37:48.702111; 1571453 | 1570625 | 1575439 || 1575954 | 1571930 | 1571331 || 1575784 | 1574178 | 1576208 || 1573243 | 1575787 | 1570911
Group2; 9186.73304; 2026-07-03 21:37:57.853753; 1571522 | 1570616 | 1575440 || 1576047 | 1571970 | 1571406 || 1575807 | 1574286 | 1576647 || 1573601 | 1576164 | 1571154
Group2; 9195.884471; 2026-07-03 21:38:07.005184; 1571822 | 1570861 | 1575644 || 1576318 | 1572548 | 1572059 || 1576339 | 1574902 | 1576726 || 1573676 | 1575979 | 1571186
Group2; 9205.03608; 2026-07-03 21:38:16.156793; 1571660 | 1570948 | 1575737 || 1576368 | 1572298 | 1571965 || 1576134 | 1574762 | 1577072 || 1574020 | 1576591 | 1571556
Group2; 9214.187689; 2026-07-03 21:38:25.308402; 1572232 | 1571291 | 1575798 || 1576561 | 1572290 | 1571928 || 1576311 | 1574708 | 1577109 || 1573777 | 1576317 | 1571233
Group2; 9223.339254; 2026-07-03 21:38:34.459967; 1572096 | 1570997 | 1575715 || 1576399 | 1572188 | 1572280 || 1576114 | 1574875 | 1577571 || 1574033 | 1576225 | 1571150
Group2; 9232.490799; 2026-07-03 21:38:43.611512; 1572355 | 1570983 | 1575864 || 1576461 | 1572653 | 1572177 || 1576433 | 1575007 | 1577188 || 1573940 | 1576502 | 1571508
Group2; 9241.626673; 2026-07-03 21:38:52.747386; 1572192 | 1571296 | 1576141 || 1576676 | 1572422 | 1571786 || 1576384 | 1574642 | 1577099 || 1573738 | 1576344 | 1571709
Group2; 9250.77825; 2026-07-03 21:39:01.898963; 1572228 | 1571320 | 1576720 || 1576903 | 1573253 | 1572322 || 1576984 | 1575062 | 1576973 || 1573785 | 1576387 | 1571612
Group2; 9259.92988; 2026-07-03 21:39:11.050593; 1572108 | 1571230 | 1576058 || 1576691 | 1572626 | 1572169 || 1576562 | 1574979 | 1577320 || 1574012 | 1576548 | 1571563
Group2; 9269.081299; 2026-07-03 21:39:20.202012; 1572499 | 1571426 | 1576013 || 1576746 | 1572553 | 1572308 || 1576589 | 1575015 | 1577165 || 1574043 | 1576482 | 1571434
Group2; 9278.232994; 2026-07-03 21:39:29.353707; 1572254 | 1571321 | 1575949 || 1576644 | 1572387 | 1572042 || 1576543 | 1575104 | 1577338 || 1574357 | 1576513 | 1571611
Group2; 9287.384468; 2026-07-03 21:39:38.505181; 1572445 | 1571283 | 1576170 || 1576793 | 1572601 | 1571965 || 1576430 | 1574815 | 1577138 || 1573873 | 1576873 | 1571697
Group2; 9296.536081; 2026-07-03 21:39:47.656794; 1572545 | 1571526 | 1576022 || 1576701 | 1572508 | 1571725 || 1576202 | 1574541 | 1576986 || 1573739 | 1576684 | 1571722
Group2; 9305.6717; 2026-07-03 21:39:56.792413; 1572290 | 1571460 | 1575601 || 1576467 | 1571943 | 1571463 || 1575940 | 1574286 | 1576467 || 1573398 | 1575750 | 1571170
Group2; 9314.823425; 2026-07-03 21:40:05.944138; 1571609 | 1570689 | 1576330 || 1576246 | 1572521 | 1571610 || 1576411 | 1574401 | 1576350 || 1573216 | 1575643 | 1571638
Group2; 9323.975019; 2026-07-03 21:40:15.095732; 1571455 | 1571175 | 1575950 || 1576400 | 1572242 | 1571175 || 1576022 | 1574086 | 1576106 || 1573049 | 1575460 | 1570631
Group2; 9333.126571; 2026-07-03 21:40:24.247284; 1571305 | 1570276 | 1575363 || 1575907 | 1571873 | 1571391 || 1575856 | 1574144 | 1576295 || 1573042 | 1575558 | 1571137
Group2; 9342.278129; 2026-07-03 21:40:33.398842; 1571413 | 1570610 | 1575351 || 1575923 | 1571721 | 1571225 || 1575590 | 1573932 | 1576401 || 1572975 | 1576152 | 1571630
Group2; 9351.429742; 2026-07-03 21:40:42.550455; 1571722 | 1571231 | 1575900 || 1576565 | 1572270 | 1571798 || 1576166 | 1574688 | 1577249 || 1573888 | 1576402 | 1571345
Group2; 9360.581378; 2026-07-03 21:40:51.702091; 1572090 | 1571038 | 1575714 || 1576404 | 1572518 | 1572086 || 1576451 | 1574598 | 1576672 || 1573439 | 1576298 | 1571756
Group2; 9369.732941; 2026-07-03 21:41:00.853654; 1572019 | 1571512 | 1576562 || 1577324 | 1573041 | 1572332 || 1576960 | 1574712 | 1576664 || 1573672 | 1576224 | 1571330
Group2; 9378.868561; 2026-07-03 21:41:09.989274; 1571951 | 1571070 | 1575938 || 1576704 | 1572371 | 1571791 || 1576332 | 1574499 | 1576563 || 1573520 | 1576277 | 1571207
Group2; 9388.020195; 2026-07-03 21:41:19.140908; 1572006 | 1571002 | 1575684 || 1576362 | 1572298 | 1571690 || 1576253 | 1574615 | 1576802 || 1573579 | 1576171 | 1571189
Group2; 9397.171783; 2026-07-03 21:41:28.292496; 1571862 | 1571065 | 1575939 || 1576490 | 1572547 | 1572029 || 1576338 | 1574723 | 1576868 || 1573613 | 1575915 | 1571195
Group2; 9406.32343; 2026-07-03 21:41:37.444143; 1571693 | 1570846 | 1575564 || 1576165 | 1572001 | 1571491 || 1575900 | 1574300 | 1576985 || 1573924 | 1576322 | 1571119
Group2; 9415.474986; 2026-07-03 21:41:46.595699; 1571952 | 1570997 | 1575887 || 1576391 | 1572277 | 1571725 || 1576203 | 1574597 | 1576895 || 1573661 | 1576365 | 1571140
Group2; 9424.62659; 2026-07-03 21:41:55.747303; 1571999 | 1571030 | 1575853 || 1576290 | 1572235 | 1571696 || 1575978 | 1574261 | 1577217 || 1573607 | 1576393 | 1571221
Group2; 9433.778357; 2026-07-03 21:42:04.899070; 1572116 | 1571027 | 1575908 || 1576342 | 1572141 | 1571681 || 1576043 | 1574466 | 1576953 || 1573519 | 1575877 | 1570917
Group2; 9442.929722; 2026-07-03 21:42:14.050435; 1571783 | 1570607 | 1575691 || 1576115 | 1572051 | 1571671 || 1575951 | 1574428 | 1576717 || 1573340 | 1576002 | 1570757
Group2; 9452.065361; 2026-07-03 21:42:23.186074; 1571650 | 1570612 | 1575347 || 1575967 | 1571823 | 1572032 || 1575880 | 1574614 | 1576816 || 1573317 | 1575576 | 1570956
Group2; 9461.216908; 2026-07-03 21:42:32.337621; 1571557 | 1570683 | 1575645 || 1576199 | 1572058 | 1571223 || 1575871 | 1574065 | 1576231 || 1572964 | 1575776 | 1571227
Group2; 9470.368725; 2026-07-03 21:42:41.489438; 1571620 | 1570832 | 1575336 || 1575861 | 1571425 | 1571034 || 1575361 | 1573899 | 1576528 || 1573177 | 1576030 | 1570868
Group2; 9479.511686; 2026-07-03 21:42:50.632399; 1571374 | 1570601 | 1575347 || 1575926 | 1571840 | 1571259 || 1575721 | 1574046 | 1576352 || 1573143 | 1575769 | 1570803
Group2; 9488.655901; 2026-07-03 21:42:59.776614; 1571447 | 1570608 | 1575279 || 1575993 | 1571829 | 1571234 || 1575765 | 1574157 | 1576235 || 1573132 | 1575766 | 1571127
Group3; SecondsElapsed; DateTimePC; N97_NTC1 | N97_NTC2 | N97_TestSB || N98_NTC1 | N98_NTC2 | N98_TestSB || N99_NTC1 | N99_NTC2 | N99_TestSB || N29_NTC1 | N29_NTC2 | N29_TestSB
Group3; 9488.715357; 2026-07-03 21:42:59.836070; New Node Array: 97 98 99 29
Group3; 9488.71562; 2026-07-03 21:42:59.836333; 
Group3; 9497.847301; 2026-07-03 21:43:08.968014; N97_NTC1 | N97_NTC2 | N97_TestSB || N98_NTC1 | N98_NTC2 | N98_TestSB || N99_NTC1 | N99_NTC2 | N99_TestSB || N29_NTC1 | N29_NTC2 | N29_TestSB
Group3; 9506.9961; 2026-07-03 21:43:18.116813; 1569428 | 1573733 | 1574235 || 2278158 | 2130747 | 2017407 || 1577605 | 1573769 | 1570252 || 1574639 | 1576834 | 1570661
Group3; 9516.146645; 2026-07-03 21:43:27.267358; 1569602 | 1573871 | 1574365 || 1942545 | 1880398 | 1826116 || 1577595 | 1573749 | 1570006 || 1574507 | 1576754 | 1570975
Group3; 9525.297639; 2026-07-03 21:43:36.418352; 1569699 | 1573801 | 1573846 || 2292229 | 2146149 | 2028940 || 1577234 | 1573770 | 1570164 || 1574612 | 1576914 | 1571269
Group3; 9534.432698; 2026-07-03 21:43:45.553411; 1570040 | 1574196 | 1574411 || 1970315 | 1906204 | 1849263 || 1577672 | 1573869 | 1570652 || 1574738 | 1576984 | 1570964
Group3; 9543.584118; 2026-07-03 21:43:54.704831; 1569764 | 1574017 | 1574277 || 2397433 | 2255624 | 2130296 || 1577659 | 1573688 | 1569781 || 1574775 | 1576916 | 1571380
Group3; 9552.735813; 2026-07-03 21:44:03.856526; 1570052 | 1574066 | 1574010 || 1972535 | 1871396 | 1803920 || 1577443 | 1573672 | 1570622 || 1574557 | 1576806 | 1571229
Group3; 9561.886666; 2026-07-03 21:44:13.007379; 1569913 | 1574074 | 1574149 || 2099006 | 2014353 | 1943184 || 1577681 | 1573989 | 1570741 || 1574823 | 1577005 | 1570962
Group3; 9571.038568; 2026-07-03 21:44:22.159281; 1570035 | 1574195 | 1574701 || 2328527 | 2184094 | 2062200 || 1578312 | 1574271 | 1570690 || 1575079 | 1577324 | 1571200
Group3; 9580.190676; 2026-07-03 21:44:31.311389; 1570038 | 1574143 | 1574952 || 1925653 | 1838148 | 1775727 || 1577930 | 1574642 | 1571264 || 1575353 | 1577491 | 1571447
Group3; 9589.341997; 2026-07-03 21:44:40.462710; 1570351 | 1574382 | 1574728 || 2313589 | 2172257 | 2080639 || 1577930 | 1574254 | 1571414 || 1575168 | 1577384 | 1571573
Group3; 9598.493796; 2026-07-03 21:44:49.614509; 1570399 | 1574462 | 1574758 || 2220712 | 2053821 | 1940657 || 1578150 | 1574419 | 1570873 || 1575276 | 1577496 | 1571512
Group3; 9607.645417; 2026-07-03 21:44:58.766130; 1570431 | 1574515 | 1574776 || 1940478 | 1868606 | 1806156 || 1578205 | 1574431 | 1571221 || 1575278 | 1577433 | 1571534
Group3; 9616.780414; 2026-07-03 21:45:07.901127; 1570335 | 1574465 | 1574735 || 2332209 | 2181221 | 2054249 || 1578315 | 1574747 | 1571490 || 1575472 | 1577673 | 1571777
Group3; 9625.932393; 2026-07-03 21:45:17.053106; 1570519 | 1574542 | 1574853 || 2040262 | 1958816 | 1888959 || 1578318 | 1574510 | 1571287 || 1575299 | 1577562 | 1571317
Group3; 9635.08411; 2026-07-03 21:45:26.204823; 1570308 | 1574408 | 1574548 || 1941436 | 1838496 | 1768237 || 1578146 | 1574327 | 1570947 || 1575110 | 1577418 | 1571710
Group3; 9644.235804; 2026-07-03 21:45:35.356517; 1570455 | 1574960 | 1575000 || 2278566 | 2119643 | 1986662 || 1578166 | 1574027 | 1570957 || 1575004 | 1577207 | 1571294
Group3; 9653.387364; 2026-07-03 21:45:44.508077; 1569988 | 1574171 | 1574250 || 2337939 | 2188099 | 2079460 || 1577702 | 1573729 | 1570631 || 1574702 | 1576949 | 1570636
Group3; 9662.538893; 2026-07-03 21:45:53.659606; 1569455 | 1573338 | 1574256 || 1903872 | 1821273 | 1754195 || 1577483 | 1573873 | 1570566 || 1574691 | 1576768 | 1570730
Group3; 9671.690259; 2026-07-03 21:46:02.810972; 1569626 | 1573934 | 1574428 || 2267612 | 2106815 | 1975853 || 1577324 | 1573413 | 1569942 || 1574104 | 1576659 | 1570702
Group3; 9680.842429; 2026-07-03 21:46:11.963142; 1569637 | 1573749 | 1574032 || 2074968 | 1979107 | 1898282 || 1577454 | 1573801 | 1570556 || 1574567 | 1576838 | 1570698
Group3; 9689.993387; 2026-07-03 21:46:21.114100; 1569648 | 1573753 | 1574097 || 2138393 | 1971436 | 1863820 || 1577723 | 1573829 | 1570599 || 1574808 | 1577012 | 1571131
Group3; 9699.144825; 2026-07-03 21:46:30.265538; 1570129 | 1574091 | 1574176 || 2301182 | 2148467 | 2044199 || 1577694 | 1574269 | 1571005 || 1575000 | 1577205 | 1571206
Group3; 9708.28098; 2026-07-03 21:46:39.401693; 1570291 | 1574042 | 1574349 || 1919041 | 1815428 | 1739384 || 1577880 | 1574361 | 1570808 || 1575144 | 1577352 | 1571322
Group3; 9717.432589; 2026-07-03 21:46:48.553302; 1570324 | 1574291 | 1574418 || 2363327 | 2203431 | 2065583 || 1578160 | 1574256 | 1570807 || 1575150 | 1577492 | 1571470
Group3; 9726.583712; 2026-07-03 21:46:57.704425; 1570215 | 1574196 | 1574192 || 1997024 | 1909693 | 1832690 || 1577754 | 1574607 | 1571461 || 1575364 | 1577555 | 1571400
Group3; 9735.735825; 2026-07-03 21:47:06.856538; 1570209 | 1574038 | 1574051 || 2060848 | 1913189 | 1811708 || 1577665 | 1574039 | 1570798 || 1574666 | 1577200 | 1571004
Group3; 9744.887427; 2026-07-03 21:47:16.008140; 1569940 | 1573953 | 1573948 || 2395522 | 2236427 | 2096929 || 1577409 | 1573849 | 1570556 || 1574802 | 1577091 | 1571244
Group3; 9754.039018; 2026-07-03 21:47:25.159731; 1570128 | 1573834 | 1573734 || 1895175 | 1804878 | 1728532 || 1577001 | 1573646 | 1570656 || 1574171 | 1576596 | 1570548
Group3; 9763.190662; 2026-07-03 21:47:34.311375; 1569280 | 1573321 | 1573608 || 2284820 | 2118276 | 1977925 || 1576984 | 1573236 | 1569740 || 1574018 | 1576252 | 1570560
Group3; 9772.342; 2026-07-03 21:47:43.462713; 1569409 | 1573509 | 1573755 || 2151372 | 2023160 | 1928148 || 1577140 | 1573281 | 1569615 || 1574138 | 1576440 | 1570643
Group3; 9781.494129; 2026-07-03 21:47:52.614842; 1569532 | 1573495 | 1573527 || 1918279 | 1803838 | 1721039 || 1576967 | 1573265 | 1570163 || 1574236 | 1576517 | 1570874
Group3; 9790.629263; 2026-07-03 21:48:01.749976; 1569799 | 1573941 | 1574858 || 2373837 | 2208255 | 2059887 || 1578005 | 1573578 | 1569820 || 1574385 | 1576629 | 1570672
Group3; 9799.781158; 2026-07-03 21:48:10.901871; 1569489 | 1573856 | 1573940 || 1899969 | 1795144 | 1714544 || 1577472 | 1573556 | 1570262 || 1574296 | 1576635 | 1570846
Group3; 9808.932884; 2026-07-03 21:48:20.053597; 1569567 | 1573691 | 1574266 || 2401286 | 2238542 | 2090342 || 1577671 | 1573705 | 1570593 || 1574595 | 1576768 | 1570785
Group3; 9818.084188; 2026-07-03 21:48:29.204901; 1569622 | 1573680 | 1573784 || 1893433 | 1794756 | 1715269 || 1577115 | 1573749 | 1570640 || 1574645 | 1576799 | 1570755
Group3; 9827.235947; 2026-07-03 21:48:38.356660; 1569678 | 1573460 | 1573721 || 2385963 | 2220846 | 2070851 || 1576966 | 1573548 | 1570418 || 1574187 | 1576525 | 1570476
Group3; 9836.387234; 2026-07-03 21:48:47.507947; 1569279 | 1573486 | 1573720 || 1927701 | 1806017 | 1717644 || 1577190 | 1573571 | 1570122 || 1574456 | 1576396 | 1570527
Group3; 9845.539298; 2026-07-03 21:48:56.660011; 1569353 | 1573359 | 1573362 || 2223062 | 2074065 | 1965248 || 1577038 | 1573227 | 1569571 || 1574075 | 1576371 | 1570307
Group3; 9854.69088; 2026-07-03 21:49:05.811593; 1569240 | 1573457 | 1573925 || 2094918 | 1928985 | 1812680 || 1577351 | 1573615 | 1570596 || 1574353 | 1576533 | 1570611
Group3; 9863.84248; 2026-07-03 21:49:14.963193; 1569501 | 1573613 | 1573876 || 2236757 | 2083369 | 1973885 || 1577766 | 1573836 | 1569944 || 1574724 | 1576768 | 1570706
Group3; 9872.993924; 2026-07-03 21:49:24.114637; 1569741 | 1573982 | 1574144 || 2087078 | 1918218 | 1804219 || 1577357 | 1573778 | 1570379 || 1574607 | 1576829 | 1571124
Group3; 9882.129332; 2026-07-03 21:49:33.250045; 1570023 | 1574154 | 1574199 || 2353634 | 2183166 | 2051917 || 1577725 | 1574367 | 1571144 || 1575118 | 1577270 | 1571359
Group3; 9891.281952; 2026-07-03 21:49:42.402665; 1570128 | 1574157 | 1574870 || 1891712 | 1793033 | 1710568 || 1578313 | 1574349 | 1570903 || 1575335 | 1577412 | 1571429
Group3; 9900.433346; 2026-07-03 21:49:51.554059; 1570223 | 1574463 | 1574846 || 2270003 | 2091181 | 1945208 || 1578099 | 1574309 | 1570959 || 1575185 | 1577449 | 1571546
Group3; 9909.584941; 2026-07-03 21:50:00.705654; 1570407 | 1574321 | 1574444 || 2004395 | 1903945 | 1813603 || 1577783 | 1574635 | 1571229 || 1575370 | 1577527 | 1571989
Group3; 9918.736559; 2026-07-03 21:50:09.857272; 1570683 | 1574866 | 1574892 || 2231867 | 2045800 | 1902145 || 1577983 | 1574034 | 1571544 || 1575027 | 1577311 | 1571814
Group3; 9927.887539; 2026-07-03 21:50:19.008252; 1570436 | 1574691 | 1575293 || 2072897 | 1961393 | 1865082 || 1578476 | 1574099 | 1570844 || 1575016 | 1577258 | 1571445
Group3; 9937.039508; 2026-07-03 21:50:28.160221; 1570356 | 1574551 | 1574878 || 2020042 | 1873646 | 1768213 || 1578167 | 1574155 | 1570590 || 1575001 | 1577321 | 1571081
Group3; 9946.191265; 2026-07-03 21:50:37.311978; 1570038 | 1574063 | 1574060 || 2365787 | 2195514 | 2045232 || 1577437 | 1573834 | 1570999 || 1574467 | 1576919 | 1571081
Group3; 9955.342506; 2026-07-03 21:50:46.463219; 1569892 | 1574130 | 1574636 || 2080994 | 1962786 | 1868192 || 1577947 | 1573819 | 1570044 || 1574734 | 1576891 | 1570677
Group3; 9964.494527; 2026-07-03 21:50:55.615240; 1569623 | 1573682 | 1573949 || 1959034 | 1827766 | 1730782 || 1577189 | 1573529 | 1570556 || 1574412 | 1576617 | 1570804
Group3; 9973.630234; 2026-07-03 21:51:04.750947; 1569701 | 1573691 | 1573922 || 2340774 | 2166798 | 2017087 || 1577552 | 1574195 | 1571016 || 1574841 | 1576956 | 1570681
Group3; 9982.782078; 2026-07-03 21:51:13.902791; 1569705 | 1573647 | 1573911 || 2084565 | 1964462 | 1868856 || 1576983 | 1573197 | 1570346 || 1574211 | 1576422 | 1570628
Group3; 9991.933286; 2026-07-03 21:51:23.053999; 1569451 | 1573508 | 1574015 || 1979949 | 1843831 | 1742002 || 1577409 | 1573595 | 1570282 || 1574380 | 1576625 | 1570636
Group3; 10001.084422; 2026-07-03 21:51:32.205135; 1569519 | 1573575 | 1573958 || 2395496 | 2225705 | 2068662 || 1577298 | 1573337 | 1569817 || 1574306 | 1576576 | 1570457
Group3; 10010.236764; 2026-07-03 21:51:41.357477; 1569498 | 1573719 | 1573853 || 1886628 | 1782861 | 1700146 || 1577198 | 1573541 | 1570077 || 1574182 | 1576660 | 1570909
Group3; 10019.388102; 2026-07-03 21:51:50.508815; 1569706 | 1573867 | 1574351 || 2389331 | 2218337 | 2061823 || 1577709 | 1573689 | 1570547 || 1574477 | 1576921 | 1570964
Group3; 10028.539968; 2026-07-03 21:51:59.660681; 1569631 | 1573855 | 1574245 || 1969510 | 1831824 | 1731804 || 1577309 | 1573486 | 1570125 || 1574252 | 1576680 | 1570724
Group3; 10037.691313; 2026-07-03 21:52:08.812026; 1569458 | 1573767 | 1573840 || 2180453 | 2041922 | 1933029 || 1577538 | 1573826 | 1570292 || 1574612 | 1576767 | 1570918
Group3; 10046.843103; 2026-07-03 21:52:17.963816; 1569606 | 1573578 | 1573609 || 2265632 | 2089666 | 1941456 || 1577767 | 1574210 | 1570990 || 1574952 | 1577168 | 1570848
Group1; SecondsElapsed; DateTimePC; N88_NTC1 | N88_NTC2 | N88_TestSB || N89_NTC1 | N89_NTC2 | N89_TestSB || N90_NTC1 | N90_NTC2 | N90_TestSB || N91_NTC1 | N91_NTC2 | N91_TestSB
Group1; 10046.902825; 2026-07-03 21:52:18.023538; New Node Array: 88 89 90 91
Group1; 10046.903083; 2026-07-03 21:52:18.023796; 
Group1; 10056.038944; 2026-07-03 21:52:27.159657; N88_NTC1 | N88_NTC2 | N88_TestSB || N89_NTC1 | N89_NTC2 | N89_TestSB || N90_NTC1 | N90_NTC2 | N90_TestSB || N91_NTC1 | N91_NTC2 | N91_TestSB
Group1; 10065.190485; 2026-07-03 21:52:36.311198; 1577872 | 1570422 | 1572745 || 1571070 | 1574813 | 1574812 || 1569855 | 1575492 | 1575749 || 1571724 | 1570988 | 1571047
Group1; 10074.341823; 2026-07-03 21:52:45.462536; 1578063 | 1570330 | 1572826 || 1571053 | 1574810 | 1574910 || 1569788 | 1575630 | 1575972 || 1571920 | 1571058 | 1570677
Group1; 10083.47791; 2026-07-03 21:52:54.598623; 1577874 | 1570310 | 1572703 || 1570854 | 1574514 | 1574505 || 1569531 | 1575459 | 1575950 || 1571579 | 1571153 | 1571118
Group1; 10092.628517; 2026-07-03 21:53:03.749230; 1578139 | 1570412 | 1572846 || 1571188 | 1574726 | 1574774 || 1569742 | 1575634 | 1575806 || 1571896 | 1571115 | 1570990
Group1; 10101.780711; 2026-07-03 21:53:12.901424; 1578255 | 1570493 | 1572880 || 1571262 | 1574799 | 1574737 || 1569967 | 1575642 | 1575753 || 1571873 | 1571009 | 1571014
Group1; 10110.932421; 2026-07-03 21:53:22.053134; 1578157 | 1570504 | 1572919 || 1571301 | 1575446 | 1575052 || 1570417 | 1576098 | 1576173 || 1572263 | 1571400 | 1570917
Group1; 10120.083842; 2026-07-03 21:53:31.204555; 1578435 | 1570732 | 1572931 || 1571238 | 1574667 | 1574720 || 1569685 | 1575346 | 1576036 || 1571760 | 1570831 | 1570857
Group1; 10129.235609; 2026-07-03 21:53:40.356322; 1577981 | 1570316 | 1572881 || 1570870 | 1575104 | 1575050 || 1569938 | 1575826 | 1575996 || 1571956 | 1571111 | 1570850
Group1; 10138.386725; 2026-07-03 21:53:49.507438; 1578197 | 1570508 | 1572841 || 1571043 | 1574858 | 1574789 || 1569691 | 1575729 | 1575857 || 1571758 | 1570932 | 1570995
Group1; 10147.523282; 2026-07-03 21:53:58.643995; 1578050 | 1570347 | 1572806 || 1570969 | 1574782 | 1574703 || 1569680 | 1575789 | 1576063 || 1571872 | 1571192 | 1570981
Group1; 10156.673965; 2026-07-03 21:54:07.794678; 1578285 | 1570582 | 1572968 || 1571273 | 1574774 | 1574677 || 1569877 | 1575554 | 1575845 || 1571933 | 1571201 | 1571039
Group1; 10165.825776; 2026-07-03 21:54:16.946489; 1578294 | 1570539 | 1572905 || 1571371 | 1575392 | 1575242 || 1570344 | 1576083 | 1576011 || 1572289 | 1571164 | 1571009
Group1; 10174.977667; 2026-07-03 21:54:26.098380; 1578312 | 1570544 | 1573047 || 1571417 | 1575511 | 1575293 || 1570405 | 1575907 | 1576094 || 1572126 | 1571049 | 1571323
Group1; 10184.129873; 2026-07-03 21:54:35.250586; 1578137 | 1570738 | 1573204 || 1571461 | 1575472 | 1575365 || 1570372 | 1575727 | 1576024 || 1572242 | 1571358 | 1571259
Group1; 10193.281398; 2026-07-03 21:54:44.402111; 1578477 | 1570708 | 1573215 || 1571655 | 1575597 | 1575411 || 1570515 | 1576015 | 1576233 || 1572208 | 1571269 | 1570982
Group1; 10202.432607; 2026-07-03 21:54:53.553320; 1578349 | 1570745 | 1573108 || 1571285 | 1575264 | 1575144 || 1570011 | 1575705 | 1575975 || 1571907 | 1571208 | 1571613
Group1; 10211.584066; 2026-07-03 21:55:02.704779; 1578281 | 1570812 | 1573278 || 1571441 | 1575110 | 1575007 || 1570085 | 1575470 | 1576131 || 1571896 | 1571202 | 1571243
Group1; 10220.720371; 2026-07-03 21:55:11.841084; 1578466 | 1570647 | 1573090 || 1571327 | 1574778 | 1574859 || 1569854 | 1575537 | 1575987 || 1571859 | 1571311 | 1571059
Group1; 10229.871909; 2026-07-03 21:55:20.992622; 1578469 | 1570531 | 1572949 || 1571269 | 1575450 | 1575292 || 1570182 | 1576017 | 1576316 || 1572307 | 1571317 | 1571235
Group1; 10239.023213; 2026-07-03 21:55:30.143926; 1578354 | 1570827 | 1573222 || 1571344 | 1575076 | 1575025 || 1570066 | 1575700 | 1576272 || 1572014 | 1571370 | 1571284
Group1; 10248.174228; 2026-07-03 21:55:39.294941; 1578473 | 1570708 | 1573158 || 1571352 | 1575218 | 1575193 || 1570034 | 1575905 | 1576056 || 1572038 | 1571587 | 1571613
Group1; 10257.326462; 2026-07-03 21:55:48.447175; 1578574 | 1570968 | 1573399 || 1571580 | 1575036 | 1575122 || 1569973 | 1576164 | 1576413 || 1572387 | 1571741 | 1571489
Group1; 10266.473784; 2026-07-03 21:55:57.594497; 1578879 | 1571144 | 1573475 || 1571645 | 1575273 | 1575283 || 1570307 | 1575769 | 1576112 || 1572169 | 1571334 | 1571456
Group1; 10275.619383; 2026-07-03 21:56:06.740096; 1578787 | 1570904 | 1573289 || 1571669 | 1575633 | 1575592 || 1570762 | 1576289 | 1576371 || 1572365 | 1571397 | 1571314
Group1; 16399.019136; 2026-07-03 23:38:10.139849; 1578672 |
