Group1; SecondsElapsed; DateTimePC; N95_NTC1 | N95_NTC2 | N95_TestSB || N13_NTC1 | N13_NTC2 | N13_TestSB || N18_NTC1 | N18_NTC2 | N18_TestSB || N19_NTC1 | N19_NTC2 | N19_TestSB || N25_NTC1 | N25_NTC2 | N25_TestSB || N26_NTC1 | N26_NTC2 | N26_TestSB || N28_NTC1 | N28_NTC2 | N28_TestSB || N35_NTC1 | N35_NTC2 | N35_TestSB || N62_NTC1 | N62_NTC2 | N62_TestSB || N85_NTC1 | N85_NTC2 | N85_TestSB || N86_NTC1 | N86_NTC2 | N86_TestSB || N87_NTC1 | N87_NTC2 | N87_TestSB || N98_NTC1 | N98_NTC2 | N98_TestSB
Group1; 0.073502; 2026-07-07 11:06:17.784202; New Node Array: 95 13 18 19 25 26 28 35 62 85 86 87 98; TOFFMS=0
Group1; 0.8094; 2026-07-07 11:06:18.520100; N95_NTC1 | N95_NTC2 | N95_TestSB || N13_NTC1 | N13_NTC2 | N13_TestSB || N18_NTC1 | N18_NTC2 | N18_TestSB || N19_NTC1 | N19_NTC2 | N19_TestSB || N25_NTC1 | N25_NTC2 | N25_TestSB || N26_NTC1 | N26_NTC2 | N26_TestSB || N28_NTC1 | N28_NTC2 | N28_TestSB || N35_NTC1 | N35_NTC2 | N35_TestSB || N62_NTC1 | N62_NTC2 | N62_TestSB || N85_NTC1 | N85_NTC2 | N85_TestSB || N86_NTC1 | N86_NTC2 | N86_TestSB || N87_NTC1 | N87_NTC2 | N87_TestSB || N98_NTC1 | N98_NTC2 | N98_TestSB; TOFFMS=0|768|1536|2288|3056|3824|4576|5344|6112|6864|7631|8400|9151|9919|10672|11439|12207|12959|13727|14495|15247|16015|16783|17535|18303|19071|19823|20591|21359|22112|22879|23631|24399|25167|25919|26687|27455|28207|28975
Group1; 30.552254; 2026-07-07 11:06:48.262954; 863510 | 865325 | 866146 || 864414 | 864407 | 866677 || 865196 | 864281 | 864994 || 865572 | 864062 | 864422 || 864372 | 866294 | 867087 || 865306 | 866584 | 866935 || 864966 | 16777216 | 867397 || 869324 | 866142 | 864748 || 866255 | 869835 | 868481 || 868113 | 866732 | 866233 || 870225 | 870921 | 869727 || 871187 | 871255 | 871875 || 871894 | 873790 | 873041; TOFFMS=0|752|1520|2288|3040|3808|4576|5328|6096|6864|7616|8384|9136|9903|10671|11423|12191|12960|13711|14479|15247|15999|16768|17535|18287|19055|19823|20575|21343|22111|22863|23631|24383|25151|25919|26671|27439|28207|28959
Group1; 60.278913; 2026-07-07 11:07:17.989613; 872119 | 874422 | 875548 || 873279 | 874091 | 877509 || 873374 | 872181 | 875163 || 876122 | 876595 | 877791 || 877348 | 879848 | 880990 || 879334 | 880971 | 881810 || 879957 | 16777216 | 883555 || 885075 | 882759 | 881737 || 883365 | 887428 | 886475 || 884275 | 883373 | 881517 || 887373 | 888582 | 887598 || 889808 | 889269 | 890164 || 890247 | 892770 | 891182; TOFFMS=0|768|1520|2288|3056|3808|4576|5344|6096|6864|7632|8384|9152|9919|10672|11439|12191|12959|13727|14495|15248|16015|16768|17535|18303|19055|19823|20591|21343|22111|22879|23631|24399|25167|25919|26687|27455|28207|28975
Group1; 90.005727; 2026-07-07 11:07:47.716427; 891006 | 893364 | 894148 || 891803 | 893302 | 896918 || 890656 | 889776 | 895189 || 895254 | 895639 | 896580 || 896605 | 899249 | 900545 || 898478 | 900782 | 901577 || 899548 | 16777216 | 903023 || 904115 | 902379 | 901418 || 902560 | 906872 | 905769 || 903421 | 902872 | 901908 || 906246 | 908596 | 907012 || 909176 | 909321 | 909076 || 909877 | 912165 | 910581; TOFFMS=0|768|1537|2288|3056|3824|4576|5344|6112|6864|7632|8400|9152|9919|10687|11439|12207|12975|13727|14495|15247|16015|16783|17535|18303|19071|19823|20591|21359|22111|22879|23647|24399|25167|25935|26687|27455|28223|28975
Group1; 119.748607; 2026-07-07 11:08:17.459307; 910351 | 912580 | 912967 || 911619 | 912106 | 915429 || 910145 | 908164 | 913649 || 913735 | 913983 | 915044 || 914512 | 917300 | 918132 || 916598 | 918530 | 919175 || 917721 | 16777216 | 920994 || 922458 | 919976 | 918947 || 920189 | 924270 | 922928 || 920892 | 919881 | 919993 || 924412 | 925431 | 924043 || 926065 | 925859 | 926031 || 926780 | 929048 | 926707; TOFFMS=0|768|1520|2288|3040|3808|4576|5328|6095|6863|7615|8384|9151|9903|10671|11439|12191|12959|13727|14479|15247|16015|16767|17535|18303|19055|19823|20575|21343|22111|22863|23631|24399|25151|25919|26687|27439|28207|28975
Group1; 149.475029; 2026-07-07 11:08:47.185729; 927049 | 928970 | 929484 || 928258 | 928809 | 931462 || 927427 | 925837 | 929683 || 930190 | 930113 | 930779 || 930865 | 933337 | 934490 || 932485 | 934285 | 935142 || 933546 | 16777216 | 936420 || 938246 | 935252 | 934592 || 935601 | 939756 | 939064 || 936903 | 935676 | 934010 || 939594 | 940416 | 939677 || 941743 | 941374 | 941777 || 942506 | 944458 | 941165; TOFFMS=0|768|1536|2288|3056|3809|4576|5344|6096|6864|7632|8384|9152|9920|10672|11440|12208|12960|13728|14496|15248|16016|16783|17535|18303|19071|19824|20592|21343|22112|22880|23631|24399|25167|25919|26687|27455|28207|28975
Group1; 179.217986; 2026-07-07 11:09:16.928686; 942363 | 944536 | 944574 || 943625 | 943604 | 946254 || 942982 | 941611 | 944770 || 945839 | 945002 | 945816 || 945882 | 948322 | 949797 || 947611 | 949465 | 950142 || 948691 | 16777216 | 951974 || 953873 | 950747 | 949898 || 951164 | 955011 | 953881 || 952120 | 951097 | 949218 || 955139 | 956521 | 954609 || 957281 | 956406 | 956803 || 957428 | 959775 | 956946; TOFFMS=0|752|1520|2288|3040|3808|4576|5328|6096|6864|7616|8384|9136|9904|10672|11424|12192|12960|13711|14480|15248|15999|16767|17535|18287|19055|19823|20575|21343|22111|22863|23631|24383|25151|25919|26671|27439|28207|28959
Group1; 208.944912; 2026-07-07 11:09:46.655612; 957825 | 959810 | 960208 || 958904 | 959413 | 962274 || 958750 | 957117 | 959143 || 961155 | 961076 | 961751 || 961872 | 963929 | 965405 || 963433 | 965116 | 966141 || 964219 | 16777216 | 967261 || 969335 | 966344 | 964806 || 966547 | 970179 | 968933 || 966982 | 965921 | 966160 || 970345 | 971754 | 970316 || 972384 | 972221 | 972670 || 973040 | 974824 | 973043; TOFFMS=0|768|1520|2288|3056|3808|4576|5344|6096|6864|7631|8384|9151|9904|10671|11439|12191|12960|13728|14479|15248|16015|16767|17535|18303|19055|19823|20591|21343|22111|22879|23631|24399|25167|25919|26687|27439|28207|28975
Group1; 238.671643; 2026-07-07 11:10:16.382343; 973330 | 975316 | 976088 || 974079 | 974665 | 977807 || 973743 | 971671 | 976275 || 976601 | 976566 | 977021 || 977421 | 979569 | 980661 || 979007 | 980981 | 981206 || 979791 | 16777216 | 982908 || 984586 | 981550 | 980590 || 981635 | 986196 | 985462 || 982606 | 981285 | 980475 || 985772 | 987567 | 985923 || 987962 | 987596 | 988330 || 988239 | 990608 | 988513; TOFFMS=0|768|1536|2288|3056|3824|4576|5344|6112|6864|7632|8400|9152|9920|10672|11440|12207|12959|13727|14496|15247|16016|16783|17535|18303|19071|19823|20591|21359|22111|22879|23647|24400|25167|25935|26687|27455|28207|28975
Group1; 268.414632; 2026-07-07 11:10:46.125332; 988741 | 991234 | 991529 || 989577 | 990233 | 993261 || 989380 | 989013 | 989853 || 992517 | 992130 | 992621 || 992972 | 994873 | 996426 || 994301 | 996154 | 997562 || 995018 | 16777216 | 998566 || 1000087 | 997320 | 996100 || 997425 | 1001948 | 1000963 || 998363 | 997006 | 997094 || 1001364 | 1003344 | 1001800 || 1003590 | 1003225 | 1003671 || 1004325 | 1006318 | 1004538; TOFFMS=0|752|1520|2288|3040|3807|4576|5328|6096|6863|7616|8384|9151|9904|10671|11439|12191|12959|13727|14479|15247|16015|16768|17535|18287|19055|19823|20575|21343|22111|22863|23631|24399|25151|25919|26687|27439|28207|28974
Group1; 298.141328; 2026-07-07 11:11:15.852028; 1004040 | 1006884 | 1007039 || 1005370 | 1005904 | 1009010 || 1005024 | 1002717 | 1007528 || 1007645 | 1006770 | 1008299 || 1007598 | 1010136 | 1011818 || 1009471 | 1011529 | 1012329 || 1010828 | 16777216 | 1014259 || 1016072 | 1013173 | 1011839 || 1013517 | 1017445 | 1016764 || 1014588 | 1013102 | 1011603 || 1017411 | 1018881 | 1017305 || 1019490 | 1019213 | 1019212 || 1020455 | 1021949 | 1018836; TOFFMS=0|768|1536|2288|3056|3824|4576|5344|6096|6864|7632|8384|9152|9919|10671|11439|12207|12959|13727|14495|15247|16015|16783|17535|18303|19071|19823|20591|21359|22111|22879|23647|24399|25167|25919|26687|27455|28207|28975
Group1; 327.884506; 2026-07-07 11:11:45.595206; 1019989 | 1022395 | 1022783 || 1021250 | 1021614 | 1025162 || 1020353 | 1018632 | 1022904 || 1023643 | 1023016 | 1024191 || 1023733 | 1026535 | 1027983 || 1025718 | 1027808 | 1028399 || 1026760 | 16777216 | 1030126 || 1032277 | 1029077 | 1027795 || 1029531 | 1033984 | 1032436 || 1030383 | 1029171 | 1027528 || 1033447 | 1034844 | 1033232 || 1035357 | 1035018 | 1035611 || 1035834 | 1038216 | 1035988; TOFFMS=0|751|1520|2287|3040|3807|4575|5327|6095|6863|7615|8383|9151|9903|10671|11439|12191|12959|13727|14479|15247|16015|16767|17535|18287|19055|19823|20575|21343|22111|22863|23631|24399|25151|25919|26686|27438|28206|28975
Group1; 357.610852; 2026-07-07 11:12:15.321552; 1036073 | 1038327 | 1038607 || 1037415 | 1037715 | 1040825 || 1036684 | 1033863 | 1038319 || 1039497 | 1039481 | 1039992 || 1040208 | 1042939 | 1043523 || 1042168 | 1043852 | 1044063 || 1042921 | 16777216 | 1046157 || 1048279 | 1044796 | 1043351 || 1045677 | 1049479 | 1047941 || 1046596 | 1044804 | 1044373 || 1049578 | 1051363 | 1049289 || 1051834 | 1051672 | 1051849 || 1052144 | 1054293 | 1051185; TOFFMS=0|768|1536|2288|3056|3824|4576|5344|6112|6864|7632|8400|9152|9920|10672|11440|12208|12959|13727|14495|15247|16015|16783|17535|18303|19071|19823|20591|21359|22111|22879|23647|24399|25167|25935|26687|27455|28223|28975
Group1; 387.353621; 2026-07-07 11:12:45.064321; 1051901 | 1054221 | 1055409 || 1053387 | 1053783 | 1057465 || 1053097 | 1049828 | 1055578 || 1055762 | 1055555 | 1056101 || 1056233 | 1058516 | 1060195 || 1058224 | 1060141 | 1060832 || 1058897 | 16777216 | 1062197 || 1064473 | 1061780 | 1059736 || 1061822 | 1065794 | 1064214 || 1062914 | 1061825 | 1060221 || 1065817 | 1066838 | 1065280 || 1068072 | 1067482 | 1068257 || 1068671 | 1070818 | 1068365; TOFFMS=0|768|1520|2288|3040|3808|4576|5328|6096|6864|7616|8384|9152|9904|10672|11440|12191|12960|13727|14479|15247|16015|16767|17535|18303|19055|19823|20591|21343|22111|22879|23631|24399|25151|25919|26687|27439|28207|28975
Group1; 417.080685; 2026-07-07 11:13:14.791385; 1068533 | 1071106 | 1071607 || 1069280 | 1070132 | 1073362 || 1068550 | 1067461 | 1071287 || 1071881 | 1071389 | 1071885 || 1072067 | 1075221 | 1076458 || 1074651 | 1076766 | 1077555 || 1075422 | 16777216 | 1078814 || 1081346 | 1077582 | 1076214 || 1078195 | 1082204 | 1080982 || 1079061 | 1077386 | 1077020 || 1081615 | 1083797 | 1082604 || 1084113 | 1084315 | 1084384 || 1085331 | 1087573 | 1084441; TOFFMS=0|768|1536|2288|3056|3824|4576|5344|6111|6864|7631|8399|9151|9919|10687|11439|12207|12959|13727|14495|15247|16015|16783|17535|18303|19071|19823|20591|21359|22111|22879|23647|24399|25167|25935|26687|27455|28222|28975
Group1; 446.823181; 2026-07-07 11:13:44.533881; 1085145 | 1087733 | 1088590 || 1086330 | 1086795 | 1090129 || 1085742 | 1084358 | 1088087 || 1089237 | 1088378 | 1088787 || 1089716 | 1091700 | 1093453 || 1091173 | 1093357 | 1094047 || 1092035 | 16777216 | 1094723 || 1097979 | 1094144 | 1092455 || 1094744 | 1099204 | 1097330 || 1095914 | 1093964 | 1093710 || 1099077 | 1100623 | 1098497 || 1101078 | 1100451 | 1101294 || 1101317 | 1103796 | 1100467; TOFFMS=0|768|1520|2288|3056|3808|4576|5344|6096|6864|7616|8384|9152|9904|10672|11440|12192|12959|13728|14480|15247|16015|16767|17535|18303|19056|19824|20591|21343|22111|22879|23631|24399|25167|25919|26687|27455|28207|28975
Group1; 476.565921; 2026-07-07 11:14:14.276621; 1101953 | 1104082 | 1104842 || 1103321 | 1103313 | 1107069 || 1102332 | 1098369 | 1103672 || 1105275 | 1104862 | 1105847 || 1105723 | 1108720 | 1109821 || 1108135 | 1110119 | 1111102 || 1108761 | 16777216 | 1111810 || 1114698 | 1111036 | 1109143 || 1111517 | 1116185 | 1114323 || 1112109 | 1110915 | 1110164 || 1115396 | 1117615 | 1115375 || 1118019 | 1117216 | 1117701 || 1118122 | 1120889 | 1117660; TOFFMS=0|752|1520|2272|3040|3808|4560|5328|6096|6848|7616|8384|9136|9904|10672|11424|12192|12959|13712|14480|15247|15999|16767|17535|18287|19055|19807|20575|21343|22095|22863|23631|24383|25151|25919|26671|27439|28207|28959
Group1; 506.292933; 2026-07-07 11:14:44.003633; 1118439 | 1121132 | 1121793 || 1120122 | 1120532 | 1123635 || 1119549 | 1118020 | 1120735 || 1122587 | 1121670 | 1122311 || 1122657 | 1125192 | 1126842 || 1124150 | 1126826 | 1127465 || 1125468 | 16777216 | 1129175 || 1131017 | 1127801 | 1126232 || 1128097 | 1132652 | 1131297 || 1129616 | 1127392 | 1126284 || 1132622 | 1133805 | 1131914 || 1134813 | 1134190 | 1134319 || 1135727 | 1137718 | 1134313; TOFFMS=0|768|1520|2288|3056|3808|4576|5344|6096|6864|7631|8384|9151|9919|10671|11439|12191|12959|13727|14480|15247|16015|16767|17535|18303|19055|19823|20591|21343|22111|22879|23631|24399|25167|25919|26687|27455|28207|28975
Group1; 536.035338; 2026-07-07 11:15:13.746038; 1135367 | 1138439 | 1138765 || 1136827 | 1137514 | 1141075 || 1135606 | 1133538 | 1138179 || 1139692 | 1138942 | 1139714 || 1139987 | 1142462 | 1144123 || 1141970 | 1144020 | 1145162 || 1142992 | 16777216 | 1146096 || 1148633 | 1145203 | 1143061 || 1145443 | 1150081 | 1148459 || 1146746 | 1144353 | 1143517 || 1149689 | 1151032 | 1149356 || 1151789 | 1151343 | 1152258 || 1152834 | 1154846 | 1152098; TOFFMS=0|752|1520|2288|3041|3808|4560|5328|6096|6848|7616|8384|9136|9904|10672|11424|12192|12960|13712|14480|15248|15999|16768|17535|18288|19056|19823|20576|21343|22095|22863|23631|24383|25151|25919|26671|27439|28207|28959
Group1; 565.762372; 2026-07-07 11:15:43.473072; 1152856 | 1155546 | 1155777 || 1154144 | 1154268 | 1157543 || 1153386 | 1151544 | 1153238 || 1156376 | 1155486 | 1156443 || 1156486 | 1159917 | 1161222 || 1159025 | 1161340 | 1162554 || 1159846 | 16777216 | 1162962 || 1165664 | 1162387 | 1160358 || 1162296 | 1166987 | 1165329 || 1163674 | 1161338 | 1161969 || 1166986 | 1168716 | 1166301 || 1169441 | 1169146 | 1169183 || 1169941 | 1172292 | 1169557; TOFFMS=0|768|1520|2288|3056|3808|4576|5344|6096|6864|7632|8384|9152|9920|10672|11440|12207|12959|13727|14495|15248|16015|16767|17535|18303|19055|19823|20591|21343|22111|22879|23631|24399|25167|25919|26687|27455|28207|28975
Group1; 595.505148; 2026-07-07 11:16:13.215848; 1169868 | 1173084 | 1173429 || 1171016 | 1171994 | 1175866 || 1170533 | 1168916 | 1173048 || 1174061 | 1173556 | 1174407 || 1174729 | 1177356 | 1178639 || 1176593 | 1179019 | 1179777 || 1177613 | 16777216 | 1181043 || 1183600 | 1179874 | 1178162 || 1180369 | 1184744 | 1183717 || 1181236 | 1179511 | 1179471 || 1184819 | 1186303 | 1184654 || 1186984 | 1186769 | 1187344 || 1187890 | 1189893 | 1187051; TOFFMS=0|752|1520|2288|3040|3808|4576|5328|6096|6846|7612|8378|9128|9894|10660|11411|12178|12944|13694|14461|15228|15978|16745|17512|18263|19030|19797|20548|21315|22067|22834|23601|24352|25120|25887|26638|27406|28173|28924
Group1; 625.19723; 2026-07-07 11:16:42.907930; 1187965 | 1190377 | 1190320 || 1189140 | 1189302 | 1193080 || 1188397 | 1184218 | 1190980 || 1191510 | 1190791 | 1192419 || 1192075 | 1194850 | 1196725 || 1194084 | 1196296 | 1197258 || 1195104 | 16777216 | 1198942 || 1200977 | 1197549 | 1196235 || 1197834 | 1202668 | 1201204 || 1199078 | 1197364 | 1195877 || 1202284 | 1204046 | 1201431 || 1204806 | 1204404 | 1204373 || 1205427 | 1207873 | 1204529; TOFFMS=0|767|1519|2287|3054|3806|4573|5341|6092|6861|7628|8380|9147|9915|10667|11435|12202|12954|13722|14490|15241|16009|16761|17529|18296|19048|19816|20584|21336|22104|22872|23623|24391|25159|25911|26679|27447|28198|28966
Group1; 654.931448; 2026-07-07 11:17:12.642148; 1205399 | 1207981 | 1208298 || 1206503 | 1206964 | 1210263 || 1205608 | 1202101 | 1207642 || 1209801 | 1208629 | 1209632 || 1209773 | 1212539 | 1214312 || 1211827 | 1214080 | 1215719 || 1212867 | 16777216 | 1216229 || 1219065 | 1215415 | 1213440 || 1215483 | 1220702 | 1218737 || 1216741 | 1213885 | 1214563 || 1220326 | 1222111 | 1219727 || 1222444 | 1222397 | 1222461 || 1223476 | 1225910 | 1222002; TOFFMS=0|752|1520|2288|3040|3808|4575|5327|6095|6847|7615|8383|9135|9903|10671|11423|12191|12959|13711|14479|15246|15999|16767|17534|18286|19054|19822|20574|21342|22110|22862|23630|24382|25150|25918|26670|27438|28206|28958
Group1; 684.657012; 2026-07-07 11:17:42.367712; 1223233 | 1225999 | 1225735 || 1224505 | 1225097 | 1229110 || 1223249 | 1221445 | 1226612 || 1227198 | 1226865 | 1227528 || 1228022 | 1230545 | 1232144 || 1230004 | 1232467 | 1233169 || 1230897 | 16777216 | 1234458 || 1236968 | 1233310 | 1231447 || 1233816 | 1238879 | 1236504 || 1235085 | 1232705 | 1232105 || 1238627 | 1240521 | 1237655 || 1241084 | 1240445 | 1240334 || 1241613 | 1244192 | 1240459; TOFFMS=0|768|1520|2288|3056|3808|4576|5344|6096|6864|7632|8384|9152|9920|10672|11439|12208|12960|13727|14495|15247|16015|16767|17535|18303|19055|19823|20591|21343|22111|22879|23631|24399|25167|25919|26687|27455|28207|28975
Group1; 714.399428; 2026-07-07 11:18:12.110128; 1242035 | 1244601 | 1244605 || 1243000 | 1243072 | 1246911 || 1242080 | 1239290 | 1244140 || 1245649 | 1244741 | 1245846 || 1246354 | 1249153 | 1250880 || 1248353 | 1250684 | 1251330 || 1249556 | 16777216 | 1252516 || 1256219 | 1252158 | 1249847 || 1252563 | 1257226 | 1255367 || 1253701 | 1251332 | 1251109 || 1256693 | 1258477 | 1256438 || 1259718 | 1258837 | 1259405 || 1260288 | 1262098 | 1258978; TOFFMS=0|752|1520|2288|3041|3808|4576|5328|6096|6848|7616|8384|9136|9904|10672|11424|12192|12960|13712|14480|15248|15999|16768|17536|18288|19055|19823|20575|21343|22111|22863|23632|24383|25151|25919|26671|27439|28207|28959
Group1; 744.126491; 2026-07-07 11:18:41.837191; 1260239 | 1263164 | 1263568 || 1261688 | 1262204 | 1264912 || 1260989 | 1259456 | 1261072 || 1264533 | 1263403 | 1263934 || 1264547 | 1267533 | 1269120 || 1267067 | 1269168 | 1270533 || 1268188 | 16777216 | 1271178 || 1274632 | 1270330 | 1268866 || 1270895 | 1276020 | 1274088 || 1272262 | 1270194 | 1268829 || 1275449 | 1277302 | 1274265 || 1278426 | 1277888 | 1278239 || 1278897 | 1281452 | 1278270; TOFFMS=0|768|1520|2288|3056|3808|4576|5344|6096|6864|7632|8384|9151|9919|10671|11439|12207|12959|13727|14495|15247|16015|16767|17535|18303|19055|19823|20591|21343|22111|22879|23633|24399|25167|25919|26687|27455|28207|28975
Group1; 773.869414; 2026-07-07 11:19:11.580114; 1278727 | 1281744 | 1281789 || 1280152 | 1280826 | 1284407 || 1278794 | 1276080 | 1281829 || 1283284 | 1282608 | 1283332 || 1283958 | 1286512 | 1287770 || 1285740 | 1288599 | 1288975 || 1286954 | 16777216 | 1290605 || 1293740 | 1289477 | 1287068 || 1289861 | 1295304 | 1293308 || 1291480 | 1289551 | 1288088 || 1294347 | 1296673 | 1293539 || 1297881 | 1297218 | 1296002 || 1298192 | 1300887 | 1296764; TOFFMS=0|752|1520|2288|3040|3808|4576|5328|6096|6863|7615|8383|9135|9903|10671|11423|12191|12959|13711|14479|15247|15999|16767|17535|18287|19055|19823|20575|21343|22111|22863|23631|24399|25151|25919|26671|27439|28207|28959
Group1; 803.595946; 2026-07-07 11:19:41.306646; 1298287 | 1301265 | 1301546 || 1299347 | 1300032 | 1303577 || 1298442 | 1295626 | 1298622 || 1302418 | 1301453 | 1302331 || 1303023 | 1305649 | 1307811 || 1304325 | 1307365 | 1308359 || 1306435 | 16777216 | 1310245 || 1313314 | 1308713 | 1307038 || 1309118 | 1314844 | 1313191 || 1310776 | 1308462 | 1306756 || 1313850 | 1315589 | 1313448 || 1316773 | 1315975 | 1316098 || 1317686 | 1319901 | 1316619; TOFFMS=0|768|1520|2288|3056|3808|4576|5344|6096|6864|7632|8384|9152|9920|10672|11440|12207|12959|13728|14495|15247|16015|16783|17535|18303|19055|19823|20591|21343|22111|22879|23631|24399|25167|25919|26687|27455|28207|28975
Group1; 833.338645; 2026-07-07 11:20:11.049345; 1317829 | 1320422 | 1320618 || 1319075 | 1319644 | 1323446 || 1317630 | 1316173 | 1321290 || 1321677 | 1320784 | 1323116 || 1322140 | 1325461 | 1326855 || 1324108 | 1327200 | 1328487 || 1325432 | 16777216 | 1328909 || 1332103 | 1328049 | 1326453 || 1327987 | 1333942 | 1332083 || 1329844 | 1326418 | 1327912 || 1333107 | 1335208 | 1332994 || 1336286 | 1335753 | 1335646 || 1337472 | 1339963 | 1335919; TOFFMS=0|752|1520|2288|3040|3808|4576|5328|6096|6864|7616|8384|9136|9904|10672|11424|12192|12959|13711|14479|15247|15999|16767|17536|18287|19055|19823|20575|21343|22111|22863|23631|24383|25151|25919|26671|27439|28207|28959
Group1; 863.065504; 2026-07-07 11:20:40.776204; 1337138 | 1340033 | 1340810 || 1338512 | 1338473 | 1342380 || 1337313 | 1335802 | 1339535 || 1341488 | 1340455 | 1341482 || 1341787 | 1344766 | 1346590 || 1344310 | 1346694 | 1347869 || 1345212 | 16777216 | 1348371 || 1352172 | 1348065 | 1345871 || 1348431 | 1353858 | 1351248 || 1349452 | 1346898 | 1346074 || 1353199 | 1354959 | 1352711 || 1355874 | 1355511 | 1355428 || 1357020 | 1359499 | 1355999; TOFFMS=0|768|1520|2288|3056|3808|4576|5344|6096|6864|7631|8384|9152|9919|10671|11439|12207|12959|13727|14495|15247|16015|16767|17535|18303|19055|19823|20591|21343|22111|22879|23631|24399|25167|25919|26687|27455|28207|28975
Group1; 892.808065; 2026-07-07 11:21:10.518765; 1356648 | 1359600 | 1360215 || 1358094 | 1358499 | 1363092 || 1356712 | 1352393 | 1360725 || 1360807 | 1359593 | 1360944 || 1361412 | 1364433 | 1366748 || 1363716 | 1366464 | 1367488 || 1365302 | 16777216 | 1369490 || 1372088 | 1368010 | 1365506 || 1368608 | 1373820 | 1371163 || 1369808 | 1366442 | 1365999 || 1373324 | 1374901 | 1371786 || 1376434 | 1375736 | 1376231 || 1377102 | 1379541 | 1374889; TOFFMS=0|752|1520|2288|3040|3808|4576|5328|6096|6848|7616|8384|9136|9904|10672|11424|12192|12960|13712|14480|15248|16000|16767|17535|18287|19055|19823|20575|21343|22111|22863|23631|24383|25151|25919|26671|27439|28207|28959
Group1; 922.535087; 2026-07-07 11:21:40.245787; 1377029 | 1380072 | 1380075 || 1378809 | 1378909 | 1382641 || 1377601 | 1373796 | 1379996 || 1380916 | 1380342 | 1382017 || 1381730 | 1384588 | 1387017 || 1384099 | 1387008 | 1387593 || 1385470 | 16777216 | 1388272 || 1392637 | 1387998 | 1385309 || 1388036 | 1393961 | 1391817 || 1389915 | 1387195 | 1385308 || 1393098 | 1395248 | 1392700 || 1396461 | 1395428 | 1395232 || 1397096 | 1399734 | 1396161; TOFFMS=0|768|1520|2288|3056|3808|4576|5344|6096|6864|7631|8384|9152|9919|10672|11439|12207|12959|13728|14495|15247|16015|16767|17535|18303|19055|19823|20592|21343|22111|22879|23631|24399|25167|25919|26687|27455|28207|28975
Group1; 952.277758; 2026-07-07 11:22:09.988458; 1397256 | 1400577 | 1400958 || 1398549 | 1399541 | 1402413 || 1397446 | 1395606 | 1399263 || 1401738 | 1401136 | 1401699 || 1402678 | 1405162 | 1407640 || 1404237 | 1407267 | 1408289 || 1405951 | 16777216 | 1409724 || 1412835 | 1408275 | 1406613 || 1408696 | 1414545 | 1412627 || 1410115 | 1408035 | 1407117 || 1413590 | 1415622 | 1413386 || 1416011 | 1415522 | 1416437 || 1417865 | 1420727 | 1416308; TOFFMS=0|752|1520|2288|3040|3808|4576|5328|6096|6864|7616|8384|9152|9904|10672|11424|12192|12960|13712|14479|15248|15999|16767|17535|18287|19055|19823|20575|21343|22111|22863|23631|24399|25151|25919|26687|27439|28207|28975
Group1; 982.004804; 2026-07-07 11:22:39.715504; 1417928 | 1420863 | 1420953 || 1418733 | 1419288 | 1423404 || 1417700 | 1415208 | 1419493 || 1422392 | 1421126 | 1422437 || 1422575 | 1425457 | 1427611 || 1424449 | 1427472 | 1428746 || 1425916 | 16777216 | 1429873 || 1433032 | 1428611 | 1426702 || 1428833 | 1434780 | 1432857 || 1430547 | 1428111 | 1426624 || 1434045 | 1436196 | 1433491 || 1436355 | 1436482 | 1437648 || 1437687 | 1441027 | 1436990; TOFFMS=0|768|1520|2288|3056|3808|4576|5343|6095|6863|7632|8383|9151|9919|10671|11439|12207|12959|13727|14495|15247|16015|16783|17535|18303|19071|19823|20591|21359|22111|22879|23631|24399|25167|25919|26687|27455|28207|28975
Group1; 1011.747288; 2026-07-07 11:23:09.457988; 1438061 | 1441355 | 1441806 || 1438892 | 1439755 | 1442973 || 1437837 | 1434111 | 1437646 || 1442501 | 1441170 | 1442616 || 1442675 | 1445969 | 1447973 || 1444835 | 1447842 | 1448489 || 1445889 | 16777216 | 1450289 || 1453438 | 1448962 | 1446220 || 1449646 | 1455020 | 1453740 || 1450766 | 1447732 | 1446788 || 1454328 | 1456753 | 1454190 || 1457649 | 1457194 | 1457358 || 1458732 | 1461493 | 1457509; TOFFMS=0|752|1520|2288|3040|3808|4576|5328|6096|6864|7616|8384|9152|9904|10672|11439|12192|12960|13727|14479|15247|15999|16767|17535|18287|19056|19823|20575|21343|22111|22863|23631|24399|25151|25919|26687|27439|28207|28975
Group1; 1041.474129; 2026-07-07 11:23:39.184829; 1459111 | 1462155 | 1462211 || 1459427 | 1460505 | 1464540 || 1458171 | 1455846 | 1460731 || 1463114 | 1462121 | 1463631 || 1463906 | 1467166 | 1468072 || 1465690 | 1468963 | 1469436 || 1467195 | 16777216 | 1471342 || 1474573 | 1469946 | 1468191 || 1470221 | 1476561 | 1474345 || 1471686 | 1469324 | 1467759 || 1475620 | 1477743 | 1474388 || 1478727 | 1478039 | 1478213 || 1479989 | 1482621 | 1478113; TOFFMS=0|768|1536|2288|3056|3808|4576|5344|6096|6864|7632|8384|9152|9920|10671|11439|12207|12960|13727|14496|15247|16015|16783|17535|18303|19071|19823|20591|21359|22111|22879|23647|24399|25167|25919|26687|27455|28207|28975
Group1; 1071.216626; 2026-07-07 11:24:08.927326; 1479988 | 1482968 | 1483200 || 1481335 | 1481812 | 1485241 || 1480245 | 1475620 | 1480618 || 1484379 | 1483461 | 1484707 || 1484929 | 1487953 | 1490582 || 1487023 | 1490226 | 1491516 || 1488744 | 16777216 | 1492146 || 1496549 | 1491134 | 1488975 || 1491908 | 1497860 | 1495133 || 1493255 | 1488902 | 1490153 || 1497418 | 1499272 | 1495766 || 1500199 | 1499480 | 1499961 || 1501483 | 1503914 | 1500326; TOFFMS=0|752|1520|2288|3040|3808|4576|5328|6096|6864|7616|8384|9152|9904|10672|11440|12192|12960|13728|14480|15248|16016|16767|17535|18303|19055|19823|20591|21343|22111|22863|23631|24399|25151|25919|26687|27439|28207|28975
Group1; 1100.943499; 2026-07-07 11:24:38.654199; 1501815 | 1504906 | 1505318 || 1502621 | 1503790 | 1507190 || 1501426 | 1499651 | 1501345 || 1506149 | 1505255 | 1506602 || 1506982 | 1509665 | 1511831 || 1508617 | 1511825 | 1512614 || 1510265 | 16777216 | 1514654 || 1517995 | 1512997 | 1510261 || 1513344 | 1519891 | 1517656 || 1515208 | 1511486 | 1510408 || 1518575 | 1520545 | 1518212 || 1521822 | 1521161 | 1521246 || 1523234 | 1525935 | 1521425; TOFFMS=0|768|1536|2288|3056|3824|4576|5344|6112|6864|7632|8400|9152|9920|10672|11440|12208|12960|13727|14495|15247|16016|16784|17535|18303|19071|19823|20591|21359|22111|22879|23647|24399|25167|25935|26687|27455|28223|28975
Group1; 1130.686351; 2026-07-07 11:25:08.397051; 1523629 | 1526656 | 1527417 || 1524543 | 1524249 | 1528827 || 1523538 | 1518838 | 1523367 || 1527943 | 1526362 | 1528763 || 1528553 | 1531731 | 1533889 || 1530818 | 1533847 | 1534962 || 1532345 | 16777216 | 1536409 || 1539807 | 1535207 | 1533213 || 1535632 | 1542345 | 1539742 || 1537371 | 1533816 | 1533390 || 1540886 | 1543539 | 1539176 || 1544472 | 1543461 | 1542528 || 1545403 | 1547784 | 1543623; TOFFMS=0|768|1520|2288|3056|3808|4576|5328|6096|6864|7616|8384|9151|9904|10672|11440|12191|12960|13727|14480|15247|16015|16767|17536|18303|19055|19823|20591|21343|22112|22879|23631|24399|25151|25919|26687|27439|28207|28975
Group1; 1160.413255; 2026-07-07 11:25:38.123955; 1545718 | 1548445 | 1548829 || 1547074 | 1547687 | 1551329 || 1546028 | 1543287 | 1545088 || 1550020 | 1548988 | 1549446 || 1550859 | 1554271 | 1556762 || 1552630 | 1556149 | 1557759 || 1554939 | 16777216 | 1558398 || 1562674 | 1557224 | 1554471 || 1557907 | 1564214 | 1562110 || 1559373 | 1556192 | 1555008 || 1563265 | 1565465 | 1561780 || 1566983 | 1565606 | 1566094 || 1567547 | 1570243 | 1566428; TOFFMS=0|768|1536|2288|3056|3824|4576|5344|6112|6864|7632|8400|9152|9920|10687|11440|12207|12959|13727|14495|15247|16015|16783|17535|18303|19071|19823|20591|21359|22111|22879|23647|24399|25167|25935|26687|27455|28223|28975
Group1; 1190.156061; 2026-07-07 11:26:07.866761; 1568366 | 1571527 | 1571869 || 1569670 | 1569911 | 1573555 || 1568329 | 1564766 | 1568550 || 1573067 | 1571557 | 1573256 || 1573437 | 1576334 | 1578108 || 1575345 | 1578423 | 1579269 || 1577273 | 16777216 | 1581553 || 1585447 | 1579734 | 1577074 || 1580895 | 1587306 | 1584320 || 1582361 | 1577648 | 1576922 || 1586375 | 1588285 | 1585013 || 1589727 | 1589216 | 1588268 || 1590986 | 1593514 | 1588420; TOFFMS=0|768|1520|2288|3055|3808|4576|5327|6096|6863|7615|8383|9151|9904|10671|11439|12191|12959|13727|14479|15247|16015|16767|17535|18303|19055|19823|20591|21343|22111|22879|23631|24399|25151|25919|26687|27439|28206|28975
Group1; 1219.882538; 2026-07-07 11:26:37.593238; 1590636 | 1593916 | 1594694 || 1592353 | 1591891 | 1595994 || 1591211 | 1586167 | 1588666 || 1595070 | 1594875 | 1596242 || 1596617 | 1599929 | 1601019 || 1598644 | 1601874 | 1603102 || 1600313 | 16777216 | 1603955 || 1608373 | 1602798 | 1600958 || 1603858 | 1610158 | 1607674 || 1604910 | 1601113 | 1600580 || 1609082 | 1611316 | 1608086 || 1612693 | 1612067 | 1612047 || 1613873 | 1616433 | 1611606; TOFFMS=0|768|1536|2288|3056|3824|4576|5344|6112|6864|7632|8400|9152|9919|10688|11439|12207|12960|13727|14496|15247|16015|16783|17535|18303|19071|19823|20591|21359|22111|22879|23647|24399|25167|25935|26687|27455|28223|28975
Group1; 1249.625247; 2026-07-07 11:27:07.335947; 1613985 | 1616866 | 1617540 || 1615513 | 1615766 | 1620051 || 1613994 | 1607991 | 1616161 || 1618429 | 1617129 | 1616062 || 1618835 | 1622232 | 1622822 || 1621236 | 1624428 | 1623638 || 1623273 | 16777216 | 1627012 || 1631477 | 1625875 | 1623277 || 1626717 | 1633140 | 1631084 || 1627979 | 1624940 | 1622761 || 1631776 | 1634279 | 1630891 || 1635966 | 1634401 | 1634388 || 1636705 | 1639541 | 1634580; TOFFMS=0|768|1520|2288|3040|3808|4576|5328|6096|6864|7616|8384|9152|9904|10672|11439|12191|12959|13728|14480|15248|16015|16768|17535|18303|19055|19823|20591|21343|22111|22863|23631|24399|25151|25919|26687|27439|28207|28975
Group1; 1279.352001; 2026-07-07 11:27:37.062701; 1636836 | 1639942 | 1640957 || 1638123 | 1638233 | 1642603 || 1637027 | 1634301 | 1636807 || 1642016 | 1640934 | 1642346 || 1642404 | 1645631 | 1648299 || 1644499 | 1648373 | 1648646 || 1645862 | 16777216 | 1650450 || 1654692 | 1649219 | 1646439 || 1649708 | 1656206 | 1654056 || 1651135 | 1648357 | 1646707 || 1654995 | 1658409 | 1653933 || 1658542 | 1657134 | 1658310 || 1659686 | 1663145 | 1658564; TOFFMS=0|768|1536|2288|3056|3824|4576|5344|6112|6864|7632|8400|9152|9920|10688|11440|12208|12959|13727|14496|15248|16016|16783|17535|18303|19071|19823|20591|21359|22111|22879|23647|24399|25167|25935|26687|27455|28223|28975
Group1; 1309.094887; 2026-07-07 11:28:06.805587; 1660004 | 1664083 | 1664059 || 1661987 | 1661714 | 1666425 || 1660205 | 1654791 | 1660834 || 1665367 | 1664232 | 1665735 || 1666077 | 1669400 | 1671888 || 1668009 | 1672135 | 1673209 || 1670207 | 16777216 | 1674189 || 1678449 | 1672787 | 1670143 || 1673437 | 1680785 | 1678058 || 1675232 | 1671113 | 1670223 || 1678947 | 1681324 | 1677939 || 1682699 | 1682232 | 1682384 || 1684090 | 1687243 | 1682426; TOFFMS=0|768|1520|2288|3040|3808|4576|5328|6096|6864|7616|8384|9152|9904|10671|11439|12191|12959|13728|14479|15248|16015|16767|17535|18303|19055|19823|20591|21343|22111|22879|23631|24399|25151|25919|26687|27439|28207|28975
Group1; 1338.822084; 2026-07-07 11:28:36.532784; 1683938 | 1687366 | 1688076 || 1685392 | 1686357 | 1689871 || 1684201 | 1678945 | 1682697 || 1688764 | 1688218 | 1689463 || 1690225 | 1693462 | 1695769 || 1692302 | 1695829 | 1695981 || 1694405 | 16777216 | 1698302 || 1702753 | 1696708 | 1693981 || 1697979 | 1704152 | 1701452 || 1699163 | 1695390 | 1694390 || 1703443 | 1705456 | 1702639 || 1706763 | 1706071 | 1706652 || 1708210 | 1711547 | 1707029; TOFFMS=0|767|1535|2287|3055|3823|4575|5343|6111|6863|7631|8399|9151|9919|10687|11439|12207|12959|13727|14495|15247|16015|16783|17535|18303|19071|19823|20591|21359|22111|22879|23646|24399|25166|25934|26687|27454|28222|28974
Group1; 1368.56455; 2026-07-07 11:29:06.275250; 1708935 | 1712703 | 1712626 || 1709509 | 1710272 | 1715035 || 1708349 | 1705236 | 1708273 || 1713988 | 1712938 | 1714454 || 1714884 | 1718058 | 1720293 || 1716930 | 1720359 | 1721702 || 1718704 | 16777216 | 1722323 || 1727336 | 1720964 | 1718391 || 1722199 | 1729071 | 1725238 || 1723953 | 1719277 | 1719100 || 1727466 | 1730401 | 1726527 || 1731648 | 1730755 | 1731422 || 1732026 | 1736102 | 1730782; TOFFMS=0|768|1520|2288|3056|3808|4576|5328|6096|6864|7616|8384|9151|9904|10671|11439|12191|12959|13727|14479|15247|16015|16767|17535|18303|19055|19823|20591|21343|22111|22879|23631|24399|25167|25919|26687|27439|28207|28975
Group1; 1398.291393; 2026-07-07 11:29:36.002093; 1732676 | 1736641 | 1736572 || 1734202 | 1735459 | 1740074 || 1732517 | 1726637 | 1735168 || 1737338 | 1736651 | 1738193 || 1738788 | 1741985 | 1744323 || 1740316 | 1744165 | 1745711 || 1743095 | 16777216 | 1747857 || 1752262 | 1746464 | 1743319 || 1746591 | 1753771 | 1750013 || 1748122 | 1743648 | 1742833 || 1752772 | 1755450 | 1751833 || 1756516 | 1754897 | 1756536 || 1756892 | 1759760 | 1755830; TOFFMS=0|768|1536|2288|3056|3824|4576|5343|6112|6863|7631|8399|9151|9919|10687|11439|12207|12975|13727|14495|15263|16015|16783|17535|18303|19071|19823|20591|21359|22111|22879|23647|24399|25166|25935|26686|27455|28222|28975
Group1; 1428.033899; 2026-07-07 11:30:05.744599; 1757395 | 1761486 | 1762721 || 1758962 | 1759961 | 1763480 || 1757580 | 1751595 | 1757261 || 1763286 | 1761809 | 1762977 || 1763496 | 1767536 | 1770073 || 1766147 | 1770031 | 1769965 || 1768248 | 16777216 | 1772140 || 1776973 | 1770013 | 1767728 || 1771617 | 1778512 | 1775937 || 1773644 | 1768879 | 1767667 || 1777007 | 1780135 | 1776237 || 1781444 | 1780640 | 1781073 || 1783264 | 1786198 | 1780687; TOFFMS=0|768|1520|2288|3056|3808|4576|5344|6096|6864|7632|8384|9152|9904|10672|11440|12191|12960|13727|14479|15247|16015|16767|17535|18303|19055|19823|20591|21343|22111|22879|23631|24399|25167|25919|26687|27455|28207|28975
Group1; 1457.776501; 2026-07-07 11:30:35.487201; 1783214 | 1786552 | 1787737 || 1784404 | 1784132 | 1788952 || 1782756 | 1779201 | 1782888 || 1788310 | 1787538 | 1788336 || 1789393 | 1792417 | 1795081 || 1790793 | 1794605 | 1795864 || 1793388 | 16777216 | 1797549 || 1802319 | 1796490 | 1793640 || 1797031 | 1804410 | 1800873 || 1798088 | 1794676 | 1794892 || 1802656 | 1805280 | 1802115 || 1807069 | 1805642 | 1806492 || 1808393 | 1811824 | 1807361; TOFFMS=0|752|1520|2288|3040|3808|4560|5328|6096|6848|7616|8384|9136|9904|10672|11424|12192|12960|13712|14480|15247|15999|16767|17535|18287|19055|19807|20575|21343|22096|22863|23631|24383|25151|25919|26671|27439|28207|28959
Group1; 1487.503321; 2026-07-07 11:31:05.214021; 1808583 | 1811958 | 1811218 || 1809565 | 1810651 | 1814541 || 1807830 | 1804465 | 1809186 || 1813544 | 1812130 | 1813317 || 1814302 | 1818294 | 1820209 || 1817025 | 1820634 | 1822066 || 1818516 | 16777216 | 1823308 || 1827519 | 1821466 | 1818782 || 1822807 | 1829870 | 1826568 || 1823731 | 1819173 | 1818564 || 1828034 | 1831130 | 1826710 || 1832249 | 1831183 | 1832154 || 1833722 | 1836920 | 1831809; TOFFMS=0|768|1520|2288|3056|3808|4576|5344|6096|6864|7632|8384|9152|9904|10672|11440|12192|12960|13727|14480|15247|16015|16767|17535|18304|19055|19823|20591|21343|22111|22879|23631|24399|25167|25919|26687|27455|28207|28975
Group1; 1517.246223; 2026-07-07 11:31:34.956923; 1833695 | 1838045 | 1838131 || 1834685 | 1836117 | 1840823 || 1833135 | 1827536 | 1835806 || 1839351 | 1837759 | 1838441 || 1840150 | 1843553 | 1845851 || 1842022 | 1846222 | 1847489 || 1844147 | 16777216 | 1848728 || 1853101 | 1847019 | 1844580 || 1848217 | 1855793 | 1851377 || 1849363 | 1844179 | 1844659 || 1854103 | 1856414 | 1851664 || 1858363 | 1856483 | 1857806 || 1859144 | 1862861 | 1858415; TOFFMS=0|752|1520|2288|3040|3808|4560|5328|6096|6848|7616|8383|9136|9904|10671|11423|12192|12960|13711|14479|15247|15999|16767|17535|18287|19055|19823|20575|21343|22095|22863|23631|24383|25151|25919|26671|27439|28207|28959
Group1; 1546.972814; 2026-07-07 11:32:04.683514; 1860097 | 1864159 | 1864074 || 1860887 | 1860098 | 1863994 || 1858966 | 1852459 | 1856794 || 1861840 | 1857023 | 1856248 || 1857532 | 1859097 | 1860636 || 1856838 | 1859846 | 1860247 || 1856318 | 16777216 | 1860289 || 1864998 | 1857897 | 1854575 || 1857139 | 1863829 | 1860652 || 1860461 | 1856104 | 1857774 || 1861565 | 1861371 | 1858735 || 1860712 | 1859935 | 1860061 || 1862080 | 1863863 | 1859145; TOFFMS=0|768|1520|2288|3056|3808|4576|5344|6096|6864|7632|8384|9152|9920|10672|11440|12207|12960|13727|14495|15247|16015|16768|17535|18304|19055|19823|20591|21343|22111|22879|23631|24399|25167|25919|26687|27455|28207|28975
Group1; 1576.715499; 2026-07-07 11:32:34.426199; 1859681 | 1862751 | 1862306 || 1860345 | 1859908 | 1863239 || 1862194 | 1859951 | 1860328 || 1862483 | 1858340 | 1858763 || 1859623 | 1861750 | 1863375 || 1859536 | 1862476 | 1862900 || 1858797 | 16777216 | 1862596 || 1867573 | 1860230 | 1857054 || 1859729 | 1866699 | 1863474 || 1863599 | 1859213 | 1860548 || 1864681 | 1864642 | 1861970 || 1864172 | 1863057 | 1863088 || 1865244 | 1866942 | 1862310; TOFFMS=0|752|1520|2288|3040|3808|4576|5327|6094|6846|7613|8381|9132|9899|10667|11418|12186|12953|13705|14472|15241|15991|16759|17527|18279|19046|19814|20565|21333|22101|22853|23620|24372|25140|25908|26659|27427|28195|28947
Group1; 1606.430188; 2026-07-07 11:33:04.140888; 1862759 | 1865820 | 1865516 || 1863400 | 1862965 | 1866205 || 1865370 | 1863489 | 1863302 || 1865781 | 1861528 | 1861967 || 1862656 | 1864959 | 1866684 || 1862870 | 1865755 | 1866098 || 1862166 | 16777216 | 1865498 || 1870783 | 1863405 | 1860177 || 1863073 | 1869984 | 1866866 || 1867101 | 1862450 | 1863501 || 1867960 | 1867893 | 1864849 || 1867054 | 1866180 | 1866122 || 1868385 | 1870119 | 1865292; TOFFMS=0|768|1520|2288|3055|3807|4575|5343|6095|6863|7630|8382|9150|9918|10670|11438|12206|12958|13726|14494|15245|16014|16782|17534|18301|19053|19821|20589|21341|22109|22877|23629|24397|25164|25917|26685|27453|28204|28972
Group1; 1636.170485; 2026-07-07 11:33:33.881185; 1865925 | 1868899 | 1868700 || 1866437 | 1866089 | 1869899 || 1868525 | 1866636 | 1867051 || 1868930 | 1864836 | 1865170 || 1866055 | 1867925 | 1869527 || 1865965 | 1868850 | 1869306 || 1865947 | 16777216 | 1869458 || 1874461 | 1867028 | 1863648 || 1866603 | 1873455 | 1870031 || 1870304 | 1865814 | 1866952 || 1871270 | 1871668 | 1868442 || 1871070 | 1870017 | 1870035 || 1872260 | 1874011 | 1869056; TOFFMS=0|752|1520|2288|3040|3808|4576|5328|6096|6863|7616|8384|9136|9903|10671|11424|12191|12959|13711|14479|15247|15999|16767|17535|18287|19055|19823|20575|21343|22111|22863|23631|24383|25151|25919|26671|27439|28207|28959
Group1; 1665.896894; 2026-07-07 11:34:03.607594; 1869803 | 1872946 | 1872714 || 1870386 | 1869852 | 1873011 || 1872225 | 1870313 | 1870254 || 1872528 | 1868266 | 1868781 || 1869447 | 1871700 | 1873410 || 1869485 | 1872495 | 1872914 || 1869110 | 16777216 | 1872769 || 1877908 | 1870740 | 1867494 || 1869944 | 1876897 | 1873711 || 1873767 | 1869384 | 1870606 || 1874748 | 1874809 | 1871916 || 1873890 | 1872929 | 1873179 || 1874925 | 1876843 | 1871963; TOFFMS=0|768|1520|2288|3056|3808|4576|5344|6096|6864|7632|8384|9152|9920|10672|11440|12207|12959|13727|14495|15247|16015|16767|17535|18303|19055|19823|20591|21343|22111|22879|23631|24399|25167|25919|26687|27455|28207|28975
Group1; 1695.63969; 2026-07-07 11:34:33.350390; 1872754 | 1875945 | 1875747 || 1873535 | 1873163 | 1876614 || 1875417 | 1873530 | 1873485 || 1875765 | 1871681 | 1871987 || 1872906 | 1875332 | 1877096 || 1873225 | 1876479 | 1876890 || 1873101 | 16777216 | 1876478 || 1881247 | 1874259 | 1871185 || 1873270 | 1880603 | 1877588 || 1877202 | 1872998 | 1874040 || 1878304 | 1878367 | 1875481 || 1877942 | 1876907 | 1876780 || 1879044 | 1880549 | 1875896; TOFFMS=0|752|1520|2288|3040|3808|4576|5328|6096|6864|7616|8384|9136|9904|10672|11424|12192|12960|13711|14479|15247|15999|16767|17535|18287|19055|19823|20575|21343|22111|22863|23631|24399|25151|25919|26671|27439|28207|28959
Group1; 1725.3667; 2026-07-07 11:35:03.077400; 1876389 | 1879662 | 1879720 || 1877302 | 1876891 | 1879966 || 1879187 | 1877228 | 1876849 || 1879495 | 1875438 | 1876058 || 1876730 | 1878957 | 1880801 || 1877013 | 1879817 | 1880563 || 1876713 | 16777216 | 1880266 || 1885183 | 1878022 | 1874685 || 1877573 | 1884455 | 1881238 || 1881380 | 1877012 | 1877794 || 1882471 | 1882376 | 1879300 || 1881457 | 1880439 | 1880592 || 1882530 | 1884584 | 1879952; TOFFMS=0|768|1520|2288|3056|3808|4576|5344|6096|6864|7631|8384|9152|9919|10671|11439|12207|12959|13727|14495|15247|16015|16783|17535|18303|19071|19823|20591|21343|22111|22879|23631|24399|25167|25919|26687|27455|28207|28975
Group1; 1755.109346; 2026-07-07 11:35:32.820046; 1880602 | 1884115 | 1883918 || 1881580 | 1881407 | 1884467 || 1883209 | 1881509 | 1881005 || 1883727 | 1879520 | 1879922 || 1880804 | 1883032 | 1884549 || 1881119 | 1884102 | 1884080 || 1880773 | 16777216 | 1884686 || 1889285 | 1882052 | 1878813 || 1881315 | 1888446 | 1885435 || 1885167 | 1880839 | 1881905 || 1886348 | 1886443 | 1883568 || 1885724 | 1884788 | 1884728 || 1886912 | 1888810 | 1884346; TOFFMS=0|752|1520|2288|3040|3808|4576|5328|6096|6864|7616|8384|9152|9904|10672|11440|12192|12960|13711|14479|15247|15999|16767|17535|18288|19055|19823|20575|21343|22111|22863|23631|24399|25151|25919|26687|27439|28207|28975
Group1; 1784.836246; 2026-07-07 11:36:02.546946; 1884629 | 1888009 | 1887570 || 1885328 | 1885098 | 1888634 || 1887168 | 1885304 | 1885540 || 1887628 | 1883495 | 1883987 || 1884810 | 1887147 | 1888383 || 1884960 | 1888180 | 1887902 || 1884569 | 16777216 | 1888496 || 1893539 | 1886215 | 1882878 || 1885849 | 1892946 | 1889536 || 1889544 | 1885278 | 1886068 || 1890533 | 1890936 | 1887512 || 1890417 | 1889319 | 1888944 || 1891497 | 1893508 | 1888961; TOFFMS=0|768|1536|2288|3056|3808|4576|5344|6096|6864|7632|8384|9151|9920|10671|11439|12208|12959|13727|14495|15248|16015|16783|17535|18303|19071|19823|20591|21359|22111|22879|23631|24399|25167|25919|26687|27455|28207|28975
Group1; 1814.578952; 2026-07-07 11:36:32.289652; 1889338 | 1892608 | 1892101 || 1889752 | 1889733 | 1892985 || 1891538 | 1889692 | 1889693 || 1892379 | 1888263 | 1888955 || 1889594 | 1891810 | 1893430 || 1889917 | 1892897 | 1892980 || 1889546 | 16777216 | 1893784 || 1898309 | 1891193 | 1888027 || 1890313 | 1897765 | 1894647 || 1894197 | 1889754 | 1890803 || 1895160 | 1895263 | 1892397 || 1894627 | 1893630 | 1893860 || 1895907 | 1897766 | 1893158; TOFFMS=0|752|1520|2288|3040|3808|4576|5328|6096|6864|7616|8384|9152|9904|10672|11439|12191|12960|13712|14479|15247|15999|16767|17535|18287|19055|19823|20575|21343|22112|22863|23631|24399|25151|25919|26687|27439|28207|28975
Group1; SecondsElapsed; DateTimePC; N95_NTC1 | N95_NTC2 | N95_TestSB || N13_NTC1 | N13_NTC2 | N13_TestSB || N18_NTC1 | N18_NTC2 | N18_TestSB || N19_NTC1 | N19_NTC2 | N19_TestSB || N25_NTC1 | N25_NTC2 | N25_TestSB || N26_NTC1 | N26_NTC2 | N26_TestSB || N28_NTC1 | N28_NTC2 | N28_TestSB || N35_NTC1 | N35_NTC2 | N35_TestSB || N62_NTC1 | N62_NTC2 | N62_TestSB || N85_NTC1 | N85_NTC2 | N85_TestSB || N86_NTC1 | N86_NTC2 | N86_TestSB || N87_NTC1 | N87_NTC2 | N87_TestSB || N98_NTC1 | N98_NTC2 | N98_TestSB
Group1; 1843.627163; 2026-07-07 11:37:01.337863; New Node Array: 95 13 18 19 25 26 28 35 62 85 86 87 98; TOFFMS=0
Group1; 1844.362704; 2026-07-07 11:37:02.073404; N95_NTC1 | N95_NTC2 | N95_TestSB || N13_NTC1 | N13_NTC2 | N13_TestSB || N18_NTC1 | N18_NTC2 | N18_TestSB || N19_NTC1 | N19_NTC2 | N19_TestSB || N25_NTC1 | N25_NTC2 | N25_TestSB || N26_NTC1 | N26_NTC2 | N26_TestSB || N28_NTC1 | N28_NTC2 | N28_TestSB || N35_NTC1 | N35_NTC2 | N35_TestSB || N62_NTC1 | N62_NTC2 | N62_TestSB || N85_NTC1 | N85_NTC2 | N85_TestSB || N86_NTC1 | N86_NTC2 | N86_TestSB || N87_NTC1 | N87_NTC2 | N87_TestSB || N98_NTC1 | N98_NTC2 | N98_TestSB; TOFFMS=0|768|1536|2288|3056|3824|4576|5344|6112|6864|7632|8400|9152|9920|10672|11440|12208|12960|13727|14496|15247|16016|16783|17536|18303|19071|19823|20591|21343|22111|22879|23631|24399|25167|25919|26687|27455|28207|28975
Group1; 1874.105667; 2026-07-07 11:37:31.816367; 1899029 | 1902385 | 1901779 || 1899796 | 1899675 | 1902778 || 1901457 | 1899140 | 1898926 || 1902160 | 1898134 | 1898448 || 1899337 | 1901676 | 1903423 || 1899544 | 1902579 | 1902690 || 1899279 | 16777216 | 1903678 || 1908220 | 1901089 | 1897653 || 1900580 | 1907934 | 1904920 || 1904098 | 1899898 | 1900413 || 1905390 | 1905672 | 1902461 || 1905207 | 1904163 | 1904168 || 1906326 | 1908605 | 1903124; TOFFMS=0|752|1520|2288|3040|3808|4576|5328|6096|6864|7616|8384|9151|9904|10671|11424|12191|12959|13711|14479|15247|15999|16767|17535|18287|19055|19823|20575|21343|22111|22863|23631|24399|25151|25919|26687|27439|28207|28959
Group1; 1903.832617; 2026-07-07 11:38:01.543317; 1904422 | 1907942 | 1907898 || 1905218 | 1904935 | 1908496 || 1906638 | 1904677 | 1904851 || 1907784 | 1904026 | 1904370 || 1905675 | 1907941 | 1909459 || 1905841 | 1908685 | 1909208 || 1905548 | 16777216 | 1909419 || 1914366 | 1907330 | 1904258 || 1906877 | 1914073 | 1911088 || 1910423 | 1905932 | 1906451 || 1911948 | 1911857 | 1909117 || 1911623 | 1910857 | 1910654 || 1913188 | 1915178 | 1910054; TOFFMS=0|768|1520|2288|3056|3808|4576|5344|6096|6864|7631|8384|9151|9919|10672|11440|12207|12959|13727|14495|15247|16015|16783|17535|18303|19071|19823|20592|21343|22111|22879|23631|24399|25167|25919|26687|27455|28207|28975
Group1; 1933.575238; 2026-07-07 11:38:31.285938; 1911094 | 1914496 | 1914264 || 1911968 | 1911649 | 1914989 || 1913337 | 1910674 | 1910753 || 1914436 | 1910566 | 1911194 || 1912027 | 1914712 | 1916804 || 1912425 | 1915704 | 1916055 || 1911804 | 16777216 | 1915297 || 1920169 | 1912990 | 1909500 || 1912108 | 1919383 | 1916130 || 1915688 | 1911465 | 1912697 || 1916657 | 1916135 | 1913599 || 1914850 | 1913703 | 1913788 || 1915970 | 1917218 | 1912284; TOFFMS=0|752|1520|2288|3040|3808|4576|5328|6096|6864|7616|8384|9152|9904|10672|11423|12191|12959|13711|14480|15247|16000|16767|17535|18287|19055|19823|20575|21343|22111|22863|23631|24399|25151|25919|26687|27439|28207|28975
Group1; 1963.302184; 2026-07-07 11:39:01.012884; 1912399 | 1915276 | 1914897 || 1912667 | 1911602 | 1914338 || 1915464 | 1914375 | 1912398 || 1914023 | 1907603 | 1907778 || 1908398 | 1909624 | 1911084 || 1906726 | 1909422 | 1908882 || 1903619 | 16777216 | 1905956 || 1911363 | 1903470 | 1899686 || 1901475 | 1907899 | 1904904 || 1906564 | 1902878 | 1906222 || 1904993 | 1901535 | 1900081 || 1898001 | 1896965 | 1896632 || 1899208 | 1899712 | 1895108; TOFFMS=0|768|1536|2288|3056|3808|4576|5344|6096|6864|7632|8384|9151|9920|10671|11439|12208|12960|13728|14495|15247|16015|16783|17535|18303|19071|19823|20591|21359|22111|22879|23647|24399|25167|25919|26687|27455|28207|28975
Group1; 1993.045347; 2026-07-07 11:39:30.756047; 1894317 | 1896162 | 1896420 || 1894078 | 1892035 | 1894065 || 1900530 | 1902005 | 1894187 || 1894591 | 1887200 | 1887181 || 1886569 | 1886952 | 1887903 || 1883905 | 1885829 | 1885358 || 1880463 | 16777216 | 1884196 || 1888896 | 1881035 | 1877912 || 1878706 | 1884699 | 1882037 || 1885501 | 1881293 | 1885846 || 1882819 | 1879011 | 1878832 || 1876601 | 1876001 | 1875521 || 1877928 | 1878077 | 1873844; TOFFMS=0|751|1519|2287|3039|3807|4575|5327|6095|6863|7615|8383|9151|9903|10671|11439|12191|12959|13727|14479|15247|16015|16767|17535|18303|19055|19823|20575|21343|22111|22863|23631|24399|25150|25918|26687|27439|28207|28974
Group1; 2022.77185; 2026-07-07 11:40:00.482550; 1872769 | 1875359 | 1874915 || 1873908 | 1871649 | 1874065 || 1879772 | 1881329 | 1873500 || 1874510 | 1867325 | 1867382 || 1867783 | 1868995 | 1870522 || 1866084 | 1868645 | 1868174 || 1863970 | 16777216 | 1867033 || 1872537 | 1864229 | 1860703 || 1862698 | 1869412 | 1866559 || 1868695 | 1864110 | 1867346 || 1866293 | 1863901 | 1863024 || 1861407 | 1860632 | 1860609 || 1862855 | 1864109 | 1859975; TOFFMS=0|768|1536|2288|3056|3824|4576|5344|6112|6864|7631|8383|9151|9919|10671|11439|12207|12959|13727|14495|15247|16015|16783|17535|18303|19071|19823|20591|21360|22111|22879|23647|24399|25167|25935|26687|27455|28207|28975
Group1; 2052.514475; 2026-07-07 11:40:30.225175; 1858872 | 1861392 | 1860940 || 1859472 | 1857689 | 1859628 || 1864683 | 1865299 | 1858136 || 1859993 | 1853144 | 1852943 || 1853254 | 1853678 | 1854831 || 1850656 | 1852732 | 1851351 || 1847386 | 16777216 | 1849658 || 1855118 | 1846861 | 1843248 || 1845135 | 1850531 | 1847419 || 1850248 | 1846659 | 1850335 || 1848081 | 1843971 | 1842584 || 1840835 | 1839193 | 1838636 || 1841779 | 1841893 | 1837026; TOFFMS=0|752|1520|2288|3040|3808|4576|5328|6096|6864|7616|8384|9152|9904|10672|11440|12192|12960|13728|14480|15247|16016|16767|17535|18303|19056|19823|20575|21343|22111|22863|23631|24399|25151|25919|26687|27439|28207|28975
Group1; 2082.241525; 2026-07-07 11:40:59.952225; 1836661 | 1838721 | 1836626 || 1836490 | 1835180 | 1835819 || 1842991 | 1844373 | 1835279 || 1835988 | 1827615 | 1826809 || 1827200 | 1827987 | 1829084 || 1825294 | 1826047 | 1827203 || 1818921 | 16777216 | 1821333 || 1827028 | 1819561 | 1815212 || 1816300 | 1823179 | 1819304 || 1822973 | 1818958 | 1824788 || 1819644 | 1815898 | 1815144 || 1811450 | 1811146 | 1810318 || 1813120 | 1813107 | 1806908; TOFFMS=0|768|1536|2288|3056|3824|4576|5344|6112|6863|7631|8384|9151|9920|10671|11439|12207|12959|13727|14495|15247|16015|16783|17535|18303|19071|19823|20591|21359|22111|22879|23647|24399|25167|25935|26687|27455|28207|28975
Group1; 2111.984112; 2026-07-07 11:41:29.694812; 1806487 | 1808831 | 1810080 || 1806682 | 1805317 | 1807568 || 1815126 | 1819240 | 1808955 || 1807574 | 1799991 | 1798091 || 1799711 | 1799473 | 1800664 || 1797227 | 1798110 | 1798013 || 1793230 | 16777216 | 1795755 || 1801190 | 1792235 | 1788420 || 1790756 | 1796546 | 1793309 || 1797114 | 1793818 | 1797806 || 1794038 | 1789814 | 1789373 || 1786229 | 1785645 | 1784679 || 1788351 | 1788110 | 1782917; TOFFMS=0|752|1520|2288|3040|3808|4576|5328|6096|6864|7616|8384|9152|9904|10672|11439|12192|12960|13727|14479|15247|16015|16767|17535|18303|19055|19823|20591|21343|22111|22863|23631|24399|25151|25919|26687|27439|28207|28975
Group1; 2141.711067; 2026-07-07 11:41:59.421767; 1781860 | 1784504 | 1784058 || 1782488 | 1780281 | 1781475 || 1789624 | 1792170 | 1780664 || 1782625 | 1774903 | 1773711 || 1775032 | 1775221 | 1777168 || 1771962 | 1773924 | 1775515 || 1767749 | 16777216 | 1770375 || 1775730 | 1767332 | 1764530 || 1765579 | 1772080 | 1768394 || 1771762 | 1768212 | 1773794 || 1768428 | 1764198 | 1764058 || 1760519 | 1759308 | 1758566 || 1761557 | 1761457 | 1758175; TOFFMS=0|768|1536|2288|3056|3824|4576|5344|6111|6864|7632|8399|9152|9919|10671|11439|12207|12959|13727|14496|15247|16015|16783|17535|18303|19071|19823|20591|21359|22111|22879|23647|24399|25167|25935|26687|27455|28223|28975
Group1; 2171.453633; 2026-07-07 11:42:29.164333; 1755868 | 1758159 | 1756577 || 1756622 | 1753834 | 1754954 || 1763530 | 1766564 | 1753354 || 1755771 | 1747709 | 1746337 || 1747154 | 1746698 | 1746626 || 1743696 | 1744577 | 1743087 || 1739101 | 16777216 | 1741923 || 1746692 | 1738484 | 1735239 || 1736229 | 1741114 | 1738912 || 1743565 | 1739772 | 1742277 || 1739864 | 1734716 | 1734170 || 1729668 | 1729500 | 1728499 || 1731147 | 1730492 | 1725843; TOFFMS=0|768|1520|2288|3040|3808|4576|5328|6096|6864|7616|8384|9152|9904|10672|11440|12192|12960|13727|14479|15248|16015|16767|17536|18303|19055|19824|20591|21343|22111|22863|23631|24399|25151|25919|26687|27439|28207|28975
Group1; 2201.180559; 2026-07-07 11:42:58.891259; 1724900 | 1726685 | 1725750 || 1725598 | 1723543 | 1725721 || 1733370 | 1735736 | 1727723 || 1724732 | 1717017 | 1715415 || 1716658 | 1716850 | 1717365 || 1713882 | 1715258 | 1714811 || 1708968 | 16777216 | 1710876 || 1715998 | 1708135 | 1704638 || 1705785 | 1712073 | 1708170 || 1713269 | 1710192 | 1712657 || 1708809 | 1703535 | 1702952 || 1701247 | 1699309 | 1699643 || 1702258 | 1701530 | 1697820; TOFFMS=0|768|1536|2288|3056|3824|4576|5344|6112|6864|7632|8400|9152|9920|10672|11440|12207|12960|13727|14495|15247|16015|16784|17535|18303|19071|19823|20591|21359|22112|22879|23647|24399|25167|25935|26687|27455|28223|28975
Group1; 2230.923423; 2026-07-07 11:43:28.634123; 1695694 | 1697747 | 1696405 || 1695323 | 1693434 | 1696351 || 1703543 | 1707207 | 1699392 || 1695857 | 1687731 | 1687219 || 1687054 | 1687815 | 1688829 || 1685144 | 1685916 | 1686276 || 1680219 | 16777216 | 1682162 || 1687771 | 1679060 | 1676823 || 1676726 | 1682501 | 1680090 || 1683563 | 1679009 | 1684971 || 1679707 | 1674583 | 1675105 || 1671260 | 1669860 | 1669738 || 1671904 | 1672410 | 1667770; TOFFMS=0|768|1520|2288|3040|3808|4576|5328|6096|6864|7616|8384|9152|9904|10673|11439|12192|12960|13727|14479|15248|16016|16767|17536|18303|19055|19823|20591|21343|22111|22879|23631|24399|25151|25919|26687|27439|28207|28975
Group1; 2260.650232; 2026-07-07 11:43:58.360932; 1666712 | 1668923 | 1667832 || 1665773 | 1664007 | 1665593 || 1673951 | 1676099 | 1667862 || 1665514 | 1657418 | 1657066 || 1657066 | 1657508 | 1658349 || 1653891 | 1655535 | 1656299 || 1649359 | 16777216 | 1652079 || 1656923 | 1649414 | 1646524 || 1646639 | 1652342 | 1649073 || 1653470 | 1649121 | 1655402 || 1648934 | 1644554 | 1645164 || 1641106 | 1640739 | 1639251 || 1642078 | 1641264 | 1637012; TOFFMS=0|768|1536|2288|3056|3824|4576|5344|6112|6864|7632|8400|9152|9920|10672|11440|12208|12959|13728|14496|15247|16016|16784|17535|18303|19071|19823|20591|21359|22111|22879|23647|24399|25167|25935|26687|27455|28223|28975
Group1; 2290.392952; 2026-07-07 11:44:28.103652; 1636191 | 1638045 | 1637050 || 1635476 | 1634282 | 1635800 || 1643062 | 1646790 | 1636979 || 1635863 | 1627515 | 1626134 || 1627883 | 1626310 | 1628511 || 1623684 | 1624412 | 1625151 || 1619265 | 16777216 | 1621181 || 1626176 | 1618441 | 1615801 || 1616254 | 1621362 | 1618709 || 1623215 | 1619561 | 1624121 || 1619667 | 1615349 | 1613721 || 1610335 | 1609873 | 1609700 || 1611256 | 1611208 | 1607106; TOFFMS=0|768|1520|2288|3040|3808|4576|5328|6096|6864|7616|8384|9152|9904|10672|11440|12192|12960|13728|14480|15248|16016|16768|17535|18303|19055|19823|20591|21343|22111|22879|23631|24399|25151|25919|26687|27439|28207|28975
Group1; 2320.119911; 2026-07-07 11:44:57.830611; 1606466 | 1607995 | 1606715 || 1605397 | 1603724 | 1605107 || 1613134 | 1616768 | 1606826 || 1605772 | 1597828 | 1595975 || 1597250 | 1597399 | 1596307 || 1594094 | 1594692 | 1594544 || 1588891 | 16777216 | 1590841 || 1596492 | 1588498 | 1586090 || 1585929 | 1592180 | 1589200 || 1592813 | 1589205 | 1592388 || 1588266 | 1584978 | 1583386 || 1581512 | 1579429 | 1578314 || 1580678 | 1580302 | 1578632; TOFFMS=0|768|1536|2288|3056|3824|4576|5344|6112|6864|7632|8400|9152|9919|10687|11439|12208|12975|13728|14495|15247|16015|16783|17535|18304|19071|19823|20591|21359|22111|22879|23647|24399|25167|25935|26687|27455|28223|28975
Group1; 2349.862857; 2026-07-07 11:45:27.573557; 1575874 | 1577290 | 1576751 || 1574642 | 1572478 | 1575246 || 1582836 | 1585009 | 1577223 || 1574708 | 1566809 | 1565731 || 1566334 | 1566394 | 1567228 || 1564066 | 1564993 | 1564152 || 1559461 | 16777216 | 1561668 || 1565630 | 1557953 | 1555859 || 1556375 | 1562022 | 1558902 || 1564184 | 1558825 | 1563525 || 1558571 | 1552693 | 1554053 || 1549464 | 1548739 | 1548192 || 1550836 | 1550883 | 1548109; TOFFMS=0|768|1520|2288|3056|3808|4576|5328|6096|6864|7615|8384|9151|9903|10671|11439|12191|12959|13727|14479|15247|16015|16767|17535|18303|19055|19823|20591|21343|22111|22879|23631|24399|25151|25919|26687|27439|28207|28975
Group1; 2379.589673; 2026-07-07 11:45:57.300373; 1545802 | 1547528 | 1547339 || 1545042 | 1543306 | 1544104 || 1552619 | 1554571 | 1545439 || 1544823 | 1536804 | 1536096 || 1535472 | 1535636 | 1537070 || 1532472 | 1533880 | 1535087 || 1528037 | 16777216 | 1529667 || 1535599 | 1527847 | 1524810 || 1525835 | 1529758 | 1526840 || 1531357 | 1528014 | 1534938 || 1527637 | 1524068 | 1522056 || 1520557 | 1519377 | 1518605 || 1519609 | 1519763 | 1515468; TOFFMS=0|768|1536|2288|3056|3824|4576|5344|6112|6864|7632|8400|9152|9919|10687|11439|12207|12959|13727|14495|15247|16015|16783|17535|18303|19071|19823|20591|21359|22111|22879|23647|24399|25167|25935|26687|27455|28223|28975
Group1; 2409.332282; 2026-07-07 11:46:27.042982; 1514002 | 1515961 | 1516099 || 1513971 | 1511845 | 1514138 || 1521627 | 1524201 | 1516159 || 1513398 | 1505720 | 1505258 || 1504705 | 1505284 | 1504861 || 1502075 | 1503633 | 1502472 || 1497582 | 16777216 | 1499741 || 1504225 | 1497061 | 1494560 || 1494632 | 1498845 | 1496951 || 1500738 | 1496888 | 1501235 || 1496713 | 1492439 | 1491778 || 1489050 | 1488351 | 1488227 || 1490330 | 1489751 | 1485692; TOFFMS=0|768|1520|2288|3056|3808|4576|5328|6096|6864|7616|8384|9152|9904|10672|11440|12191|12959|13727|14480|15248|16015|16768|17535|18303|19055|19823|20591|21343|22111|22879|23631|24399|25167|25919|26687|27439|28207|28975
Group1; 2439.059046; 2026-07-07 11:46:56.769746; 1485170 | 1486496 | 1485947 || 1484141 | 1482078 | 1485095 || 1491214 | 1494244 | 1485328 || 1483648 | 1476792 | 1475712 || 1475637 | 1475564 | 1476781 || 1473232 | 1474419 | 1473396 || 1468968 | 16777216 | 1471163 || 1474576 | 1467650 | 1464668 || 1465676 | 1470239 | 1467228 || 1471721 | 1468229 | 1472820 || 1468756 | 1464542 | 1463984 || 1461440 | 1459988 | 1459883 || 1461674 | 1461349 | 1458979; TOFFMS=0|768|1536|2289|3056|3824|4576|5344|6112|6864|7632|8400|9152|9920|10688|11440|12208|12976|13727|14495|15264|16016|16783|17551|18303|19071|19823|20592|21359|22111|22879|23647|24399|25167|25935|26687|27455|28223|28975
Group1; 2468.80192; 2026-07-07 11:47:26.512620; 1456135 | 1457820 | 1458306 || 1455506 | 1453727 | 1455477 || 1462793 | 1463630 | 1455647 || 1455614 | 1447800 | 1447356 || 1447111 | 1447442 | 1448678 || 1444407 | 1445768 | 1446415 || 1439689 | 16777216 | 1441466 || 1446060 | 1438944 | 1436086 || 1437339 | 1441394 | 1437956 || 1442739 | 1439012 | 1444547 || 1438847 | 1434642 | 1434190 || 1431333 | 1430025 | 1430132 || 1431836 | 1431576 | 1428102; TOFFMS=0|768|1520|2288|3056|3808|4576|5344|6096|6864|7632|8384|9152|9904|10672|11440|12191|12959|13727|14480|15248|16015|16767|17535|18303|19055|19823|20591|21343|22111|22879|23631|24399|25167|25919|26687|27455|28207|28975
Group1; 2498.544658; 2026-07-07 11:47:56.255358; 1426744 | 1427969 | 1428349 || 1425811 | 1423971 | 1426087 || 1433247 | 1433153 | 1426105 || 1424974 | 1418330 | 1417925 || 1418144 | 1417394 | 1417386 || 1414759 | 1415648 | 1415851 || 1410185 | 16777216 | 1411719 || 1416263 | 1409497 | 1406131 || 1407655 | 1412737 | 1409643 || 1412989 | 1409887 | 1414164 || 1409328 | 1405430 | 1405899 || 1402255 | 1401674 | 1400924 || 1402894 | 1402320 | 1399092; TOFFMS=0|752|1520|2272|3040|3808|4560|5328|6096|6848|7616|8384|9136|9904|10672|11424|12192|12960|13712|14480|15247|15999|16767|17519|18287|19055|19807|20575|21343|22095|22863|23631|24383|25151|25919|26671|27439|28207|28959
Group1; 2528.271469; 2026-07-07 11:48:25.982169; 1398000 | 1398852 | 1398271 || 1397852 | 1394952 | 1396918 || 1404047 | 1405019 | 1399082 || 1396328 | 1389446 | 1388890 || 1389140 | 1388953 | 1389465 || 1387050 | 1388111 | 1386973 || 1383542 | 16777216 | 1384604 || 1388946 | 1382157 | 1378930 || 1380640 | 1383962 | 1380549 || 1385804 | 1382438 | 1386467 || 1382244 | 1377912 | 1376668 || 1374895 | 1373799 | 1372628 || 1374950 | 1374580 | 1369683; TOFFMS=0|768|1520|2288|3056|3808|4576|5344|6096|6864|7632|8384|9152|9904|10672|11440|12192|12960|13728|14479|15247|16015|16767|17535|18303|19055|19823|20591|21343|22111|22879|23631|24399|25167|25919|26687|27455|28207|28975
Group1; 2558.014198; 2026-07-07 11:48:55.724898; 1369731 | 1371231 | 1370699 || 1370591 | 1368471 | 1369165 || 1377504 | 1377446 | 1367590 || 1369206 | 1362500 | 1362436 || 1361902 | 1362182 | 1363554 || 1359433 | 1360048 | 1360898 || 1355038 | 16777216 | 1355604 || 1361533 | 1353313 | 1350117 || 1352969 | 1355838 | 1353210 || 1358174 | 1353743 | 1359383 || 1353709 | 1350266 | 1350474 || 1346471 | 1345347 | 1345766 || 1346855 | 1346350 | 1343774; TOFFMS=0|752|1520|2288|3040|3808|4560|5328|6096|6848|7616|8384|9136|9904|10672|11424|12192|12960|13712|14480|15248|15999|16767|17535|18287|19055|19807|20575|21343|22095|22863|23631|24383|25151|25919|26671|27439|28207|28959
Group1; 2587.741158; 2026-07-07 11:49:25.451858; 1341763 | 1343280 | 1344263 || 1341380 | 1339608 | 1340923 || 1348647 | 1350360 | 1340790 || 1340493 | 1333866 | 1333302 || 1333429 | 1332957 | 1332620 || 1330310 | 1330599 | 1330195 || 1326059 | 16777216 | 1328113 || 1332368 | 1326123 | 1323466 || 1324314 | 1329208 | 1325888 || 1329552 | 1326640 | 1328698 || 1325851 | 1321970 | 1320625 || 1318238 | 1317373 | 1317188 || 1319021 | 1318891 | 1313254; TOFFMS=0|768|1520|2288|3056|3808|4576|5344|6096|6864|7632|8384|9152|9904|10671|11440|12191|12960|13728|14479|15247|16015|16768|17535|18303|19055|19823|20591|21343|22111|22879|23631|24399|25167|25919|26687|27455|28207|28975
Group1; 2617.483951; 2026-07-07 11:49:55.194651; 1313837 | 1315398 | 1314335 || 1313997 | 1312105 | 1313556 || 1320574 | 1323030 | 1311935 || 1313438 | 1307006 | 1306448 || 1306033 | 1306940 | 1306533 || 1303532 | 1304607 | 1304056 || 1299502 | 16777216 | 1300641 || 1304911 | 1298591 | 1295932 || 1296727 | 1300593 | 1298057 || 1302194 | 1297852 | 1302717 || 1298045 | 1295287 | 1293940 || 1292373 | 1291434 | 1289604 || 1292489 | 1292474 | 1287851; TOFFMS=0|752|1520|2272|3040|3808|4560|5328|6096|6848|7616|8384|9136|9904|10672|11424|12191|12960|13711|14479|15247|16000|16767|17535|18287|19054|19805|20572|21340|22091|22858|23626|24377|25145|25912|26664|27431|28199|28951
Group1; 2647.201585; 2026-07-07 11:50:24.912285; 1287300 | 1288690 | 1287885 || 1287075 | 1285556 | 1287124 || 1293338 | 1295347 | 1286139 || 1286877 | 1280648 | 1279907 || 1280415 | 1280477 | 1280754 || 1277235 | 1278194 | 1278062 || 1273344 | 16777216 | 1274406 || 1279073 | 1272335 | 1269258 || 1270619 | 1274697 | 1271804 || 1276047 | 1271150 | 1275972 || 1272082 | 1268544 | 1268700 || 1266209 | 1265442 | 1264937 || 1266183 | 1265716 | 1262922; TOFFMS=0|768|1519|2287|3054|3806|4574|5342|6093|6861|7628|8380|9148|9900|10667|11435|12187|12955|13723|14475|15242|16010|16762|17530|18298|19049|19817|20585|21337|22105|22873|23625|24392|25161|25912|26680|27448|28200|28968
Group1; 2676.937519; 2026-07-07 11:50:54.648219; 1260967 | 1262851 | 1263561 || 1261164 | 1259526 | 1261108 || 1267632 | 1267508 | 1259487 || 1260983 | 1254701 | 1253172 || 1253927 | 1253620 | 1254294 || 1251288 | 1252149 | 1252616 || 1248156 | 16777216 | 1249125 || 1254167 | 1247564 | 1244253 || 1246597 | 1248563 | 1245963 || 1250514 | 1245900 | 1250971 || 1247161 | 1243390 | 1242128 || 1240791 | 1239692 | 1238989 || 1240533 | 1240926 | 1238421; TOFFMS=0|752|1520|2272|3040|3808|4560|5327|6095|6848|7615|8383|9135|9903|10671|11423|12191|12959|13711|14479|15246|15999|16767|17534|18286|19054|19806|20574|21342|22094|22862|23630|24382|25150|25918|26670|27438|28206|28958
Group1; 2706.663297; 2026-07-07 11:51:24.373997; 1236608 | 1238258 | 1237418 || 1235547 | 1234149 | 1235401 || 1241915 | 1241181 | 1234234 || 1235729 | 1229833 | 1229251 || 1229743 | 1229030 | 1229169 || 1226493 | 1227050 | 1227651 || 1220906 | 16777216 | 1223555 || 1226689 | 1221230 | 1218291 || 1219821 | 1223355 | 1220063 || 1224796 | 1219956 | 1226343 || 1221075 | 1216512 | 1215151 || 1214984 | 1213246 | 1212191 || 1215171 | 1214580 | 1210176; TOFFMS=0|768|1520|2288|3056|3808|4576|5344|6096|6864|7632|8384|9152|9920|10672|11439|12192|12959|13727|14479|15247|16015|16767|17535|18303|19055|19823|20591|21343|22111|22879|23631|24399|25167|25919|26687|27455|28207|28975
Group1; 2736.406463; 2026-07-07 11:51:54.117163; 1210756 | 1211716 | 1210696 || 1209390 | 1208216 | 1210092 || 1215757 | 1217181 | 1207566 || 1209582 | 1203458 | 1202298 || 1202712 | 1202592 | 1202837 || 1200585 | 1200781 | 1201564 || 1196303 | 16777216 | 1197628 || 1201952 | 1196012 | 1193545 || 1193915 | 1197147 | 1195401 || 1198942 | 1194493 | 1199078 || 1195496 | 1191928 | 1191519 || 1189790 | 1188929 | 1187733 || 1190224 | 1189827 | 1185891; TOFFMS=0|752|1520|2272|3039|3807|4559|5327|6095|6848|7615|8383|9135|9903|10671|11423|12191|12959|13711|14479|15247|15999|16767|17535|18287|19055|19807|20575|21343|22095|22863|23631|24383|25151|25919|26670|27438|28206|28958
Group1; 2766.132844; 2026-07-07 11:52:23.843544; 1185564 | 1186563 | 1185861 || 1184734 | 1183230 | 1185458 || 1190377 | 1190896 | 1186876 || 1184214 | 1179102 | 1177945 || 1178681 | 1178504 | 1178031 || 1176016 | 1176925 | 1176358 || 1172596 | 16777216 | 1173461 || 1177493 | 1171249 | 1169021 || 1169853 | 1173482 | 1171742 || 1174466 | 1170383 | 1173526 || 1171817 | 1168248 | 1167536 || 1165636 | 1165198 | 1163864 || 1165781 | 1165671 | 1162083; TOFFMS=0|768|1520|2288|3056|3808|4576|5344|6096|6864|7632|8384|9152|9920|10672|11440|12192|12960|13728|14479|15248|16016|16767|17536|18303|19055|19823|20591|21343|22111|22879|23631|24399|25167|25919|26687|27455|28207|28975
Group1; 2795.87563; 2026-07-07 11:52:53.586330; 1161782 | 1163006 | 1162011 || 1161079 | 1159681 | 1160222 || 1166718 | 1166743 | 1159902 || 1160551 | 1155668 | 1153577 || 1154707 | 1154836 | 1154519 || 1152348 | 1152789 | 1151893 || 1148549 | 16777216 | 1150157 || 1153757 | 1148208 | 1145698 || 1146586 | 1149536 | 1146961 || 1150890 | 1146211 | 1151182 || 1147898 | 1144670 | 1143636 || 1142511 | 1141859 | 1140848 || 1143290 | 1141952 | 1138320; TOFFMS=0|752|1520|2288|3040|3808|4560|5328|6096|6848|7616|8384|9136|9904|10672|11424|12192|12960|13712|14480|15248|16000|16768|17535|18287|19055|19807|20575|21343|22095|22863|23631|24383|25151|25919|26671|27439|28207|28959
Group1; 2825.602736; 2026-07-07 11:53:23.313436; 1138546 | 1139415 | 1138683 || 1137536 | 1135958 | 1137392 || 1143428 | 1144747 | 1135389 || 1137418 | 1132294 | 1131426 || 1131627 | 1131617 | 1133074 || 1129172 | 1129109 | 1129989 || 1124799 | 16777216 | 1126630 || 1130237 | 1124708 | 1122226 || 1123284 | 1125474 | 1123650 || 1127623 | 1123390 | 1127660 || 1124317 | 1121011 | 1120276 || 1118448 | 1117655 | 1116841 || 1118545 | 1118338 | 1115220; TOFFMS=0|768|1520|2288|3056|3808|4576|5344|6096|6864|7632|8384|9152|9920|10671|11440|12191|12959|13728|14479|15247|16015|16767|17535|18303|19056|19823|20591|21343|22111|22879|23631|24399|25167|25919|26687|27455|28207|28975
Group1; 2855.345468; 2026-07-07 11:53:53.056168; 1114507 | 1115523 | 1115200 || 1113893 | 1112341 | 1114232 || 1119308 | 1118064 | 1113282 || 1113572 | 1108322 | 1107356 || 1107507 | 1107097 | 1107841 || 1105124 | 1105776 | 1105921 || 1101943 | 16777216 | 1102679 || 1106717 | 1100630 | 1098518 || 1099686 | 1102414 | 1100572 || 1104341 | 1099606 | 1103809 || 1101363 | 1098269 | 1096553 || 1095853 | 1094903 | 1094053 || 1095791 | 1095620 | 1092924; TOFFMS=0|752|1520|2288|3040|3808|4560|5328|6096|6848|7616|8384|9136|9904|10672|11424|12191|12959|13711|14480|15248|15999|16768|17535|18288|19055|19823|20575|21343|22095|22863|23631|24383|25151|25919|26671|27439|28207|28959
Group1; 2885.072333; 2026-07-07 11:54:22.783033; 1091786 | 1092578 | 1092196 || 1091005 | 1089561 | 1091172 || 1096027 | 1095651 | 1092256 || 1090639 | 1085567 | 1084292 || 1085122 | 1085305 | 1085458 || 1083355 | 1083697 | 1084053 || 1079654 | 16777216 | 1081428 || 1084619 | 1079209 | 1077050 || 1078070 | 1080710 | 1078232 || 1082486 | 1078529 | 1080918 || 1078991 | 1076038 | 1074793 || 1073513 | 1072991 | 1072230 || 1073774 | 1074134 | 1071628; TOFFMS=0|768|1520|2288|3056|3808|4576|5344|6096|6864|7632|8384|9152|9920|10672|11440|12191|12960|13728|14480|15247|16016|16767|17535|18303|19055|19823|20591|21343|22111|22879|23631|24400|25167|25919|26687|27455|28207|28975
Group1; 2914.815167; 2026-07-07 11:54:52.525867; 1070299 | 1071526 | 1070513 || 1069330 | 1068803 | 1069587 || 1073937 | 1072770 | 1070747 || 1068422 | 1063351 | 1063263 || 1063195 | 1063655 | 1064054 || 1061145 | 1062091 | 1062009 || 1058346 | 16777216 | 1059038 || 1063039 | 1057386 | 1055078 || 1056363 | 1058510 | 1055855 || 1060430 | 1055702 | 1059146 || 1057603 | 1054526 | 1053524 || 1052251 | 1051317 | 1049697 || 1051877 | 1051557 | 1048331; TOFFMS=0|752|1520|2288|3040|3808|4560|5328|6096|6848|7616|8385|9136|9904|10672|11424|12192|12960|13711|14480|15247|15999|16767|17535|18287|19055|19823|20575|21343|22095|22863|23631|24383|25151|25919|26671|27439|28207|28959
Group1; 2944.542199; 2026-07-07 11:55:22.252899; 1048225 | 1049437 | 1048795 || 1047406 | 1045645 | 1046815 || 1053057 | 1052960 | 1045667 || 1047166 | 1042287 | 1041547 || 1041591 | 1041815 | 1041889 || 1039817 | 1040251 | 1040100 || 1036319 | 16777216 | 1037599 || 1040825 | 1035955 | 1033291 || 1034205 | 1036990 | 1034631 || 1038852 | 1034480 | 1037986 || 1035717 | 1032931 | 1031023 || 1030940 | 1029869 | 1028489 || 1031077 | 1030532 | 1026718; TOFFMS=0|768|1520|2288|3056|3808|4576|5344|6096|6864|7632|8383|9152|9920|10671|11439|12207|12959|13727|14495|15247|16015|16767|17535|18303|19055|19823|20591|21343|22111|22879|23631|24399|25167|25919|26687|27455|28207|28975
Group1; 2974.284895; 2026-07-07 11:55:51.995595; 1026988 | 1028103 | 1028041 || 1026059 | 1025432 | 1025887 || 1031667 | 1032805 | 1023712 || 1026675 | 1021306 | 1019505 || 1020761 | 1020386 | 1020647 || 1018564 | 1019143 | 1018744 || 1015694 | 16777216 | 1016192 || 1020113 | 1014469 | 1012497 || 1013971 | 1016415 | 1014085 || 1017590 | 1013473 | 1017615 || 1014769 | 1011742 | 1011462 || 1009652 | 1008322 | 1007826 || 1009343 | 1009240 | 1005921; TOFFMS=0|752|1520|2288|3041|3808|4576|5328|6096|6848|7616|8384|9136|9904|10672|11424|12192|12960|13712|14480|15247|15999|16767|17536|18288|19055|19824|20575|21343|22111|22863|23631|24399|25151|25919|26671|27439|28207|28959
Group1; 3004.011933; 2026-07-07 11:56:21.722633; 1005907 | 1007028 | 1006663 || 1005992 | 1004330 | 1005864 || 1010837 | 1011031 | 1004540 || 1005400 | 1000910 | 999671 || 1000413 | 1000135 | 1000265 || 997940 | 998399 | 998611 || 995180 | 16777216 | 996335 || 999194 | 994193 | 991985 || 992916 | 995455 | 993466 || 996842 | 993002 | 996854 || 993987 | 991268 | 990580 || 989818 | 989007 | 988069 || 989906 | 989631 | 987158; TOFFMS=0|768|1520|2288|3056|3808|4576|5344|6096|6864|7632|8384|9152|9920|10672|11440|12207|12960|13728|14495|15247|16016|16767|17535|18303|19055|19823|20591|21343|22111|22879|23631|24399|25167|25919|26687|27455|28207|28975
Group1; 3033.754757; 2026-07-07 11:56:51.465457; 986057 | 986752 | 986404 || 985133 | 983949 | 985451 || 989812 | 989070 | 983757 || 984981 | 980097 | 980130 || 979588 | 979552 | 979582 || 978130 | 978014 | 978207 || 974813 | 16777216 | 976292 || 979103 | 974037 | 972484 || 973381 | 975501 | 974104 || 977170 | 972915 | 977080 || 974106 | 970984 | 969747 || 969580 | 968799 | 967944 || 968982 | 968846 | 965152; TOFFMS=0|752|1520|2288|3040|3808|4560|5328|6096|6848|7616|8384|9136|9904|10672|11424|12192|12959|13711|14480|15247|16000|16767|17535|18287|19055|19807|20575|21343|22095|22863|23631|24383|25151|25919|26671|27439|28207|28959
Group1; 3063.481678; 2026-07-07 11:57:21.192378; 965092 | 966147 | 965937 || 965128 | 963866 | 964826 || 970304 | 970448 | 963212 || 964628 | 959893 | 959331 || 959167 | 959554 | 959364 || 957277 | 957571 | 957422 || 953940 | 16777216 | 955983 || 958588 | 954256 | 952201 || 952996 | 954926 | 953814 || 956407 | 952408 | 955303 || 953668 | 951243 | 950627 || 949181 | 948852 | 948566 || 949058 | 949687 | 946909; TOFFMS=0|768|1520|2288|3056|3808|4576|5344|6096|6864|7616|8384|9152|9903|10672|11439|12191|12959|13727|14479|15247|16015|16767|17535|18303|19055|19823|20592|21343|22111|22879|23631|24399|25151|25919|26687|27439|28207|28975
Group1; 3093.208521; 2026-07-07 11:57:50.919221; 946413 | 947418 | 946669 || 945523 | 944562 | 946069 || 949798 | 949416 | 944241 || 945579 | 940696 | 939894 || 940190 | 940789 | 941018 || 938925 | 939213 | 939193 || 936205 | 16777216 | 937359 || 939772 | 935000 | 933384 || 934257 | 936651 | 935218 || 937711 | 933958 | 937751 || 935169 | 932689 | 932291 || 931009 | 930295 | 930079 || 930837 | 930984 | 928424; TOFFMS=0|768|1536|2288|3056|3824|4576|5344|6112|6864|7632|8400|9152|9920|10672|11440|12208|12960|13728|14496|15247|16015|16784|17535|18303|19071|19823|20591|21359|22111|22879|23647|24399|25167|25935|26687|27455|28207|28975
Group1; 3122.951323; 2026-07-07 11:58:20.662023; 927792 | 928936 | 929136 || 926740 | 925292 | 927154 || 930851 | 929094 | 926831 || 926286 | 922074 | 921826 || 921610 | 922188 | 922255 || 920257 | 920630 | 920527 || 916472 | 16777216 | 917961 || 920656 | 916232 | 914364 || 915263 | 917157 | 915195 || 918127 | 914441 | 918624 || 916145 | 912733 | 912503 || 911825 | 910671 | 910070 || 911329 | 911269 | 908191; TOFFMS=0|752|1520|2288|3040|3808|4576|5328|6096|6864|7616|8384|9152|9904|10672|11440|12192|12960|13727|14479|15248|16015|16768|17535|18287|19056|19823|20575|21343|22111|22863|23631|24399|25151|25919|26687|27439|28207|28975
Group1; 3152.678477; 2026-07-07 11:58:50.389177; 908282 | 909135 | 909033 || 907721 | 905628 | 906955 || 912270 | 911192 | 905092 || 906974 | 902405 | 901569 || 902207 | 902209 | 902471 || 900363 | 900784 | 900814 || 897410 | 16777216 | 898229 || 901008 | 896636 | 895102 || 895818 | 897987 | 896589 || 898753 | 895040 | 898308 || 895845 | 893639 | 892853 || 892093 | 891769 | 891162 || 892203 | 892582 | 889540; TOFFMS=0|768|1536|2288|3056|3808|4576|5344|6096|6864|7631|8384|9151|9920|10671|11440|12207|12959|13727|14495|15247|16015|16783|17535|18303|19071|19823|20591|21343|22111|22879|23631|24399|25167|25919|26687|27455|28207|28975
Group1; 3182.421101; 2026-07-07 11:59:20.131801; 889029 | 889751 | 889004 || 888129 | 887161 | 888666 || 892305 | 893087 | 887192 || 888324 | 883765 | 883084 || 883359 | 883453 | 883554 || 881273 | 881739 | 881621 || 879395 | 16777216 | 880787 || 882776 | 878485 | 876601 || 877784 | 879163 | 877916 || 880552 | 877128 | 878620 || 878121 | 875628 | 875001 || 873953 | 873274 | 872415 || 873924 | 873822 | 870931; TOFFMS=0|752|1520|2288|3040|3808|4576|5328|6096|6864|7616|8384|9136|9904|10672|11424|12192|12960|13712|14480|15247|16000|16767|17535|18288|19055|19823|20575|21343|22111|22864|23631|24383|25151|25919|26671|27439|28207|28959
Group1; 3212.14845; 2026-07-07 11:59:49.859150; 870373 | 870798 | 870457 || 869691 | 868446 | 869751 || 874044 | 871973 | 868090 || 869215 | 864679 | 863984 || 864387 | 864731 | 864643 || 863381 | 863287 | 862153 || 859552 | 16777216 | 860585 || 863194 | 858842 | 856582 || 857498 | 859662 | 858047 || 860946 | 857284 | 860947 || 858270 | 855562 | 854701 || 853858 | 852719 | 851814 || 852762 | 852605 | 850582; TOFFMS=0|767|1519|2287|3056|3807|4576|5343|6095|6864|7631|8383|9152|9919|10671|11439|12207|12959|13727|14495|15247|16015|16767|17535|18303|19055|19823|20591|21343|22111|22879|23631|24399|25167|25919|26687|27455|28207|28975
Group1; 3241.890851; 2026-07-07 12:00:19.601551; 849247 | 850200 | 849733 || 848814 | 847029 | 847682 || 853446 | 851979 | 846189 || 847676 | 842315 | 841784 || 841733 | 841016 | 841930 || 839734 | 839621 | 839069 || 836276 | 16777216 | 835974 || 839179 | 834580 | 832073 || 833694 | 834662 | 832676 || 837143 | 832092 | 835248 || 832613 | 828394 | 828404 || 826457 | 825546 | 824191 || 826094 | 825214 | 821834; TOFFMS=0|752|1520|2288|3040|3808|4560|5328|6096|6848|7616|8384|9136|9904|10672|11424|12192|12960|13712|14479|15247|16000|16767|17519|18287|19055|19807|20575|21343|22095|22863|23631|24383|25151|25919|26671|27439|28207|28959
Group1; 3271.617729; 2026-07-07 12:00:49.328429; 821808 | 821534 | 821151 || 820804 | 818314 | 819063 || 825913 | 822437 | 817012 || 817634 | 812028 | 811140 || 811095 | 811112 | 811030 || 809150 | 808232 | 807699 || 804633 | 16777216 | 804418 || 807351 | 802450 | 800076 || 800902 | 801274 | 799423 || 804015 | 798953 | 805468 || 799022 | 795542 | 794508 || 791979 | 791591 | 791129 || 791371 | 790918 | 788393; TOFFMS=0|768|1520|2288|3056|3808|4576|5328|6096|6864|7616|8384|9152|9904|10672|11439|12192|12960|13728|14480|15247|16016|16767|17536|18303|19055|19823|20591|21343|22111|22863|23631|24399|25151|25919|26687|27439|28207|28975
Group1; 3301.344908; 2026-07-07 12:01:19.055608; 787663 | 787951 | 787767 || 786000 | 785659 | 786010 || 793047 | 794229 | 785023 || 785465 | 781654 | 781066 || 781385 | 781555 | 782052 || 780109 | 780234 | 780319 || 777707 | 16777216 | 778967 || 781419 | 777684 | 776026 || 777384 | 779087 | 777489 || 780302 | 776961 | 779099 || 778605 | 777241 | 776316 || 776327 | 775929 | 775610 || 776298 | 777069 | 774849; TOFFMS=0|768|1536|2288|3056|3824|4576|5344|6111|6864|7632|8384|9151|9919|10671|11439|12207|12960|13727|14496|15247|16015|16783|17535|18303|19071|19823|20591|21359|22111|22879|23647|24399|25167|25919|26687|27455|28207|28975
Group1; 3331.087594; 2026-07-07 12:01:48.798294; 774746 | 776004 | 775937 || 774891 | 774499 | 776190 || 777696 | 776725 | 774716 || 775342 | 773172 | 773335 || 773144 | 774252 | 774913 || 773207 | 774052 | 774515 || 772221 | 16777216 | 774118 || 776062 | 773051 | 771662 || 772833 | 775274 | 774245 || 775020 | 772734 | 773385 || 774901 | 774323 | 773538 || 774083 | 773738 | 773612 || 774148 | 775342 | 773228; TOFFMS=0|752|1520|2288|3040|3808|4576|5328|6096|6864|7616|8384|9152|9904|10672|11439|12192|12959|13712|14480|15247|16000|16767|17535|18287|19055|19824|20575|21343|22111|22863|23631|24399|25151|25919|26687|27439|28207|28959
Group1; 3360.814504; 2026-07-07 12:02:18.525204; 773213 | 774631 | 774841 || 773727 | 773634 | 775571 || 775195 | 774201 | 774078 || 774612 | 772816 | 772865 || 772819 | 774022 | 774593 || 772928 | 773805 | 774019 || 771876 | 16777216 | 773390 || 775162 | 771961 | 770399 || 771573 | 773592 | 771913 || 773067 | 770533 | 772153 || 772263 | 770920 | 769986 || 769832 | 768982 | 768326 || 769367 | 769586 | 767424; TOFFMS=0|768|1520|2288|3056|3808|4576|5344|6096|6864|7632|8384|9152|9920|10672|11440|12208|12959|13727|14495|15247|16015|16767|17535|18303|19055|19823|20591|21343|22111|22879|23631|24399|25167|25919|26687|27455|28207|28975
Group1; 3390.557238; 2026-07-07 12:02:48.267938; 766903 | 767716 | 767668 || 765852 | 765108 | 766316 || 769032 | 767647 | 765541 || 765255 | 761181 | 760557 || 760596 | 760417 | 760555 || 758675 | 758212 | 758335 || 755687 | 16777216 | 756061 || 759185 | 754650 | 752491 || 753812 | 754776 | 753266 || 756619 | 752401 | 756263 || 753093 | 750883 | 749870 || 748514 | 748139 | 747105 || 748538 | 748237 | 746095; TOFFMS=0|752|1520|2288|3040|3808|4560|5328|6096|6848|7616|8384|9136|9904|10672|11424|12192|12960|13712|14480|15247|16000|16768|17536|18287|19056|19808|20576|21343|22095|22863|23631|24383|25151|25919|26671|27439|28207|28959
Group1; 3420.284859; 2026-07-07 12:03:17.995559; 745268 | 745783 | 745275 || 744262 | 743242 | 744258 || 748251 | 749100 | 743565 || 743444 | 739744 | 739417 || 739405 | 739949 | 739989 || 738526 | 738482 | 738346 || 735697 | 16777216 | 736981 || 739181 | 735652 | 734354 || 735336 | 737173 | 735801 || 738142 | 734966 | 737230 || 736446 | 735050 | 734017 || 734516 | 733710 | 733319 || 734062 | 734836 | 732752; TOFFMS=0|767|1519|2287|3055|3807|4575|5327|6095|6863|7615|8384|9151|9903|10671|11439|12191|12959|13727|14479|15247|16015|16767|17535|18303|19055|19823|20591|21343|22111|22863|23630|24399|25150|25918|26686|27438|28206|28975
Group1; 3450.011135; 2026-07-07 12:03:47.721835; 732469 | 733679 | 733880 || 732677 | 732322 | 734103 || 735460 | 734570 | 732787 || 733450 | 731449 | 731581 || 731311 | 732420 | 732869 || 731239 | 732015 | 732410 || 730357 | 16777216 | 732012 || 733805 | 730828 | 729528 || 730565 | 732771 | 731714 || 732613 | 730453 | 731224 || 732372 | 731867 | 730821 || 731065 | 730706 | 730462 || 731081 | 732029 | 729968; TOFFMS=0|768|1536|2289|3056|3824|4576|5344|6112|6864|7632|8399|9152|9920|10672|11440|12208|12960|13727|14495|15248|16016|16783|17535|18303|19071|19824|20591|21359|22112|22879|23647|24399|25167|25935|26687|27455|28207|28975
Group1; 3479.753992; 2026-07-07 12:04:17.464692; 729809 | 730888 | 730680 || 729848 | 729223 | 730916 || 731610 | 730503 | 729456 || 730294 | 727911 | 727800 || 727828 | 728395 | 728774 || 727343 | 727733 | 728021 || 725916 | 16777216 | 727316 || 729231 | 726069 | 724407 || 725699 | 727473 | 726049 || 727442 | 724768 | 726491 || 726290 | 725227 | 724482 || 724545 | 723906 | 723348 || 724056 | 724496 | 721812; TOFFMS=0|752|1520|2288|3040|3808|4576|5328|6097|6864|7616|8384|9152|9904|10672|11440|12192|12959|13727|14480|15247|16000|16768|17535|18287|19055|19823|20575|21343|22111|22863|23631|24399|25151|25919|26687|27439|28207|28959
Group1; 3509.480954; 2026-07-07 12:04:47.191654; 722231 | 723206 | 723057 || 722206 | 721473 | 722514 || 724681 | 723887 | 721182 || 721995 | 719437 | 719508 || 719278 | 719848 | 719740 || 718589 | 719015 | 718851 || 716747 | 16777216 | 718062 || 719941 | 716858 | 715373 || 716556 | 718482 | 717139 || 718715 | 716135 | 717467 || 717759 | 716762 | 715735 || 715844 | 715456 | 714915 || 715754 | 716372 | 714587; TOFFMS=0|768|1520|2288|3056|3808|4576|5344|6096|6864|7632|8384|9152|9920|10672|11440|12207|12960|13727|14495|15248|16015|16783|17535|18303|19055|19823|20591|21343|22111|22879|23631|24399|25167|25919|26687|27455|28207|28975
Group1; 3539.223764; 2026-07-07 12:05:16.934464; 714143 | 715300 | 715414 || 714253 | 713917 | 715642 || 716427 | 715628 | 714240 || 714686 | 712470 | 712423 || 712279 | 713269 | 713800 || 712325 | 713085 | 713397 || 711321 | 16777216 | 712714 || 714561 | 711594 | 710390 || 711426 | 713439 | 712316 || 713320 | 711141 | 712141 || 713074 | 712395 | 711461 || 711890 | 711441 | 711227 || 711769 | 712697 | 710687; TOFFMS=0|752|1520|2288|3040|3808|4560|5328|6096|6848|7616|8384|9136|9904|10672|11424|12192|12959|13712|14480|15247|15999|16767|17535|18287|19055|19807|20575|21343|22095|22863|23631|24383|25151|25919|26671|27439|28207|28959
Group1; 3568.950672; 2026-07-07 12:05:46.661372; 710652 | 711817 | 712003 || 710777 | 710614 | 712508 || 712672 | 711620 | 711016 || 711675 | 709767 | 709759 || 709703 | 710678 | 711187 || 709750 | 710566 | 710721 || 708822 | 16777216 | 710382 || 711981 | 709192 | 707900 || 708938 | 711112 | 710030 || 710830 | 708702 | 709503 || 710606 | 709893 | 709028 || 709399 | 709069 | 708658 || 709348 | 710034 | 707894; TOFFMS=0|768|1520|2288|3056|3808|4576|5328|6096|6864|7616|8384|9152|9904|10671|11440|12192|12959|13728|14479|15247|16015|16767|17535|18303|19055|19824|20591|21343|22111|22863|23631|24399|25151|25919|26687|27439|28207|28975
Group1; 3598.677487; 2026-07-07 12:06:16.388187; 707859 | 708977 | 709122 || 708086 | 707824 | 709560 || 709873 | 708770 | 708257 || 708726 | 706949 | 707012 || 706975 | 708116 | 708762 || 707284 | 708154 | 708521 || 706460 | 16777216 | 708393 || 710093 | 707470 | 706065 || 707282 | 709331 | 708290 || 708908 | 707020 | 707458 || 709145 | 708837 | 708000 || 708685 | 708363 | 708121 || 708634 | 709727 | 707778; TOFFMS=0|768|1536|2288|3056|3824|4576|5344|6112|6864|7632|8384|9152|9920|10672|11440|12208|12960|13728|14496|15248|16015|16783|17535|18303|19071|19823|20591|21359|22111|22879|23647|24399|25167|25919|26687|27455|28207|28975
Group1; 3628.42041; 2026-07-07 12:06:46.131110; 707807 | 709176 | 709639 || 708437 | 708431 | 710377 || 709610 | 708697 | 708932 || 709330 | 708030 | 708161 || 708321 | 709700 | 710467 || 708989 | 710046 | 710394 || 708765 | 16777216 | 710936 || 712393 | 710057 | 709336 || 710301 | 713106 | 712671 || 712059 | 711002 | 710286 || 713617 | 714399 | 713644 || 714970 | 715000 | 715479 || 715435 | 717410 | 715918; TOFFMS=0|752|1520|2288|3040|3808|4576|5328|6096|6864|7616|8384|9152|9904|10672|11440|12192|12960|13711|14479|15247|15999|16767|17535|18287|19055|19823|20575|21343|22111|22863|23631|24399|25151|25919|26687|27439|28207|28959
Group1; 3658.1473; 2026-07-07 12:07:15.858000; 716042 | 717662 | 718395 || 716521 | 717383 | 720068 || 716489 | 717273 | 719013 || 718967 | 718957 | 719718 || 719526 | 721634 | 722571 || 721054 | 722666 | 723123 || 721449 | 16777216 | 724825 || 725769 | 723886 | 723396 || 724116 | 727206 | 726957 || 725183 | 724715 | 723615 || 727989 | 728839 | 728031 || 729429 | 729670 | 730359 || 730391 | 732143 | 730826; TOFFMS=0|768|1520|2288|3057|3808|4576|5344|6096|6864|7632|8384|9152|9920|10672|11440|12207|12960|13728|14495|15247|16015|16767|17535|18303|19055|19823|20591|21343|22111|22879|23631|24399|25167|25919|26687|27455|28207|28975
Group1; SecondsElapsed; DateTimePC; N95_NTC1 | N95_NTC2 | N95_TestSB || N13_NTC1 | N13_NTC2 | N13_TestSB || N18_NTC1 | N18_NTC2 | N18_TestSB || N19_NTC1 | N19_NTC2 | N19_TestSB || N25_NTC1 | N25_NTC2 | N25_TestSB || N26_NTC1 | N26_NTC2 | N26_TestSB || N28_NTC1 | N28_NTC2 | N28_TestSB || N35_NTC1 | N35_NTC2 | N35_TestSB || N62_NTC1 | N62_NTC2 | N62_TestSB || N85_NTC1 | N85_NTC2 | N85_TestSB || N86_NTC1 | N86_NTC2 | N86_TestSB || N87_NTC1 | N87_NTC2 | N87_TestSB || N98_NTC1 | N98_NTC2 | N98_TestSB
Group1; 3687.195453; 2026-07-07 12:07:44.906153; New Node Array: 95 13 18 19 25 26 28 35 62 85 86 87 98; TOFFMS=0
Group1; 3687.931315; 2026-07-07 12:07:45.642015; N95_NTC1 | N95_NTC2 | N95_TestSB || N13_NTC1 | N13_NTC2 | N13_TestSB || N18_NTC1 | N18_NTC2 | N18_TestSB || N19_NTC1 | N19_NTC2 | N19_TestSB || N25_NTC1 | N25_NTC2 | N25_TestSB || N26_NTC1 | N26_NTC2 | N26_TestSB || N28_NTC1 | N28_NTC2 | N28_TestSB || N35_NTC1 | N35_NTC2 | N35_TestSB || N62_NTC1 | N62_NTC2 | N62_TestSB || N85_NTC1 | N85_NTC2 | N85_TestSB || N86_NTC1 | N86_NTC2 | N86_TestSB || N87_NTC1 | N87_NTC2 | N87_TestSB || N98_NTC1 | N98_NTC2 | N98_TestSB; TOFFMS=0|768|1536|2288|3056|3824|4576|5344|6112|6864|7632|8400|9152|9920|10688|11440|12208|12960|13727|14495|15248|16015|16784|17535|18303|19071|19823|20591|21359|22111|22879|23631|24399|25167|25919|26687|27455|28207|28975
Group1; 3717.674162; 2026-07-07 12:08:15.384862; 746558 | 748320 | 748921 || 747765 | 748183 | 750683 || 747665 | 747189 | 749088 || 749934 | 749975 | 750685 || 750461 | 752141 | 753529 || 751546 | 753103 | 753834 || 752416 | 16777216 | 755268 || 756635 | 754547 | 753592 || 755069 | 758103 | 757256 || 755814 | 755206 | 754073 || 758248 | 758969 | 758502 || 759986 | 759826 | 759789 || 760207 | 762152 | 760278; TOFFMS=0|752|1520|2288|3040|3808|4576|5328|6096|6864|7616|8384|9152|9904|10672|11424|12192|12960|13711|14480|15248|16000|16768|17535|18287|19055|19823|20575|21343|22111|22863|23631|24399|25151|25919|26671|27439|28207|28959
Group1; 3747.401229; 2026-07-07 12:08:45.111929; 760406 | 762405 | 762836 || 761404 | 761759 | 764394 || 761080 | 760812 | 762431 || 763597 | 763562 | 764265 || 763943 | 765869 | 766895 || 765200 | 766940 | 767613 || 765915 | 16777216 | 768542 || 770204 | 767820 | 766760 || 768392 | 771543 | 770814 || 768997 | 768500 | 766858 || 771428 | 772273 | 771721 || 772900 | 772857 | 773367 || 773145 | 775497 | 773235; TOFFMS=0|768|1520|2288|3056|3808|4576|5344|6096|6864|7632|8383|9151|9919|10672|11439|12207|12959|13727|14496|15247|16015|16767|17535|18303|19055|19823|20591|21343|22111|22879|23631|24399|25167|25919|26687|27455|28207|28975
Group1; 3777.143924; 2026-07-07 12:09:14.854624; 773613 | 775390 | 775610 || 774474 | 774972 | 777674 || 773929 | 772557 | 776069 || 776404 | 776267 | 777022 || 776798 | 778630 | 779754 || 778105 | 779722 | 780423 || 778709 | 16777216 | 781389 || 783049 | 780941 | 779885 || 781106 | 784171 | 783353 || 781832 | 781207 | 780757 || 784352 | 785209 | 784306 || 785778 | 785547 | 786181 || 785919 | 788082 | 786055; TOFFMS=0|752|1520|2288|3040|3808|4560|5328|6096|6848|7616|8384|9136|9904|10672|11424|12192|12959|13712|14479|15248|16000|16767|17535|18287|19056|19807|20575|21343|22095|22863|23631|24383|25151|25919|26671|27439|28207|28959
Group1; 3806.870938; 2026-07-07 12:09:44.581638; 786062 | 788339 | 788583 || 787150 | 787934 | 790130 || 787095 | 785522 | 788699 || 789218 | 788893 | 789212 || 789318 | 791694 | 792378 || 790843 | 792666 | 793183 || 791550 | 16777216 | 794818 || 795539 | 793854 | 792786 || 793780 | 797425 | 796700 || 794757 | 793887 | 793304 || 797273 | 798039 | 797167 || 798734 | 798635 | 798897 || 799284 | 801176 | 799476; TOFFMS=0|768|1520|2288|3056|3808|4576|5328|6096|6864|7616|8384|9152|9904|10671|11440|12191|12960|13727|14479|15247|16015|16767|17535|18303|19055|19823|20591|21343|22111|22879|23631|24399|25151|25919|26687|27439|28207|28975
Group1; 3836.597866; 2026-07-07 12:10:14.308566; 799274 | 801338 | 801832 || 800365 | 800885 | 803504 || 800399 | 799298 | 802051 || 802499 | 802307 | 803061 || 802788 | 804819 | 805829 || 804235 | 805750 | 806384 || 804627 | 16777216 | 807790 || 808741 | 806597 | 805676 || 806895 | 810174 | 809460 || 807947 | 807399 | 806369 || 810195 | 811296 | 810420 || 811851 | 811751 | 811806 || 812343 | 814114 | 811634; TOFFMS=0|768|1536|2288|3056|3824|4576|5344|6112|6864|7632|8384|9152|9920|10671|11440|12207|12959|13728|14495|15247|16015|16783|17535|18303|19071|19823|20591|21359|22111|22879|23647|24399|25167|25919|26687|27455|28207|28975
Group1; 3866.340773; 2026-07-07 12:10:44.051473; 812429 | 814341 | 814767 || 813543 | 813786 | 816219 || 813537 | 811710 | 813747 || 815400 | 815166 | 815954 || 815716 | 817747 | 819131 || 817093 | 818509 | 819467 || 817638 | 16777216 | 820850 || 822153 | 820045 | 818849 || 820095 | 823290 | 822347 || 820980 | 820245 | 820112 || 823405 | 824618 | 823351 || 825240 | 825060 | 824911 || 825490 | 827321 | 825470; TOFFMS=0|752|1520|2288|3040|3808|4576|5328|6096|6864|7615|8384|9151|9903|10671|11439|12191|12959|13711|14479|15247|15999|16768|17535|18287|19055|19823|20575|21343|22111|22863|23631|24399|25151|25919|26687|27439|28207|28959
Group1; 3896.068012; 2026-07-07 12:11:13.778712; 825590 | 827663 | 828112 || 826387 | 827184 | 830051 || 825730 | 825893 | 828952 || 828592 | 828264 | 829188 || 828831 | 830989 | 832237 || 830425 | 832175 | 832758 || 830896 | 16777216 | 833631 || 835613 | 833414 | 832098 || 833402 | 836958 | 835783 || 834276 | 833658 | 832476 || 836797 | 837844 | 836711 || 838504 | 837935 | 837979 || 838814 | 840801 | 838451; TOFFMS=0|768|1519|2288|3055|3807|4575|5343|6095|6863|7631|8383|9151|9919|10671|11439|12207|12959|13727|14495|15247|16015|16767|17535|18303|19055|19823|20591|21343|22111|22879|23631|24399|25166|25919|26686|27455|28206|28974
Group1; 3925.810304; 2026-07-07 12:11:43.521004; 839040 | 841142 | 841274 || 840191 | 840186 | 843401 || 839782 | 837982 | 841678 || 842046 | 841821 | 842167 || 842342 | 844419 | 845398 || 843870 | 845422 | 846282 || 844325 | 16777216 | 847472 || 848774 | 846709 | 845679 || 846667 | 850288 | 849363 || 847894 | 846942 | 845848 || 850270 | 851394 | 850064 || 851540 | 851521 | 852047 || 852111 | 854074 | 852770; TOFFMS=0|752|1520|2272|3040|3808|4560|5328|6096|6848|7616|8384|9136|9904|10672|11424|12192|12960|13712|14480|15248|15999|16768|17520|18287|19055|19807|20575|21344|22095|22864|23631|24383|25151|25919|26671|27439|28207|28959
Group1; 3955.53728; 2026-07-07 12:12:13.247980; 852351 | 854311 | 855219 || 853032 | 853758 | 856701 || 852928 | 851480 | 855391 || 855352 | 855234 | 856041 || 855877 | 857936 | 858821 || 857362 | 859145 | 859917 || 857721 | 16777216 | 860685 || 862433 | 860322 | 858526 || 860442 | 863655 | 862553 || 861392 | 860682 | 859220 || 863564 | 864867 | 863514 || 865590 | 865320 | 865047 || 865987 | 867939 | 865806; TOFFMS=0|768|1521|2288|3056|3808|4576|5344|6096|6864|7616|8384|9152|9904|10672|11440|12192|12960|13728|14480|15248|16016|16767|17535|18303|19055|19823|20591|21343|22111|22879|23631|24399|25151|25919|26687|27439|28207|28975
Group1; 3985.26441; 2026-07-07 12:12:42.975110; 866053 | 867915 | 868412 || 867285 | 867392 | 870244 || 866826 | 865485 | 867925 || 869492 | 868921 | 869685 || 869623 | 871718 | 872422 || 870952 | 872670 | 873473 || 871817 | 16777216 | 874489 || 876247 | 873833 | 872431 || 874143 | 877553 | 876362 || 875043 | 874230 | 873794 || 877555 | 878709 | 877792 || 879120 | 879079 | 879105 || 879748 | 881619 | 879670; TOFFMS=0|768|1536|2288|3056|3824|4575|5342|6108|6859|7626|8393|9144|9911|10662|11429|12197|12948|13715|14482|15234|16001|16768|17520|18287|19054|19806|20573|21341|22093|22860|23628|24380|25147|25899|26666|27434|28186|28953
Group1; 4014.985562; 2026-07-07 12:13:12.696262; 879696 | 881715 | 882516 || 880976 | 881324 | 884157 || 880363 | 878652 | 882256 || 883004 | 882485 | 883636 || 883134 | 885324 | 886633 || 884642 | 886416 | 887417 || 885407 | 16777216 | 888670 || 889966 | 887493 | 886777 || 887560 | 890781 | 890286 || 888490 | 887636 | 886874 || 891286 | 892787 | 891511 || 893159 | 892908 | 893235 || 893436 | 895731 | 893379; TOFFMS=0|752|1519|2287|3039|3807|4574|5326|6094|6862|7614|8381|9149|9901|10669|11437|12189|12957|13708|14476|15244|15996|16764|17532|18284|19052|19819|20571|21339|22107|22859|23628|24395|25147|25915|26667|27435|28203|28955
Group1; 4044.708187; 2026-07-07 12:13:42.418887; 893765 | 895890 | 896048 || 894661 | 895286 | 898101 || 894244 | 891929 | 896335 || 896748 | 896770 | 896834 || 897475 | 899537 | 900680 || 898851 | 900614 | 901129 || 899486 | 16777216 | 902791 || 904196 | 901564 | 900563 || 901719 | 905457 | 904781 || 902703 | 901906 | 901031 || 905400 | 906649 | 905386 || 907177 | 906763 | 907387 || 907602 | 909604 | 907580; TOFFMS=0|768|1520|2288|3055|3807|4576|5343|6095|6863|7631|8383|9151|9919|10671|11439|12207|12959|13727|14495|15247|16015|16767|17535|18303|19055|19823|20591|21343|22111|22878|23630|24398|25166|25918|26686|27454|28207|28974
Group1; 4074.450204; 2026-07-07 12:14:12.160904; 907585 | 909528 | 910494 || 908546 | 909225 | 912001 || 908270 | 906890 | 909986 || 910941 | 910512 | 910483 || 911400 | 913506 | 914334 || 912901 | 914533 | 915371 || 913819 | 16777216 | 916190 || 918615 | 916044 | 914234 || 916084 | 919716 | 918378 || 917132 | 916004 | 915631 || 919995 | 920910 | 919574 || 921370 | 921213 | 921054 || 922271 | 923900 | 921119; TOFFMS=0|752|1520|2288|3040|3808|4560|5328|6096|6848|7616|8384|9136|9904|10672|11424|12192|12960|13712|14480|15248|16000|16768|17520|18287|19055|19807|20575|21344|22095|22863|23631|24384|25151|25919|26671|27439|28207|28959
Group1; 4104.177244; 2026-07-07 12:14:41.887944; 922359 | 924397 | 924581 || 923512 | 923859 | 926523 || 923111 | 921687 | 924679 || 925495 | 925178 | 925744 || 925859 | 927664 | 928861 || 927213 | 928933 | 929379 || 927677 | 16777216 | 930966 || 933147 | 929881 | 928796 || 930635 | 934132 | 932897 || 931621 | 930039 | 929847 || 934233 | 935601 | 934221 || 935904 | 935686 | 936307 || 936284 | 938280 | 936432; TOFFMS=0|768|1520|2288|3040|3808|4576|5328|6096|6864|7616|8384|9152|9904|10672|11440|12191|12960|13727|14479|15248|16015|16767|17535|18303|19055|19823|20575|21343|22111|22863|23631|24399|25151|25919|26687|27439|28207|28975
Group1; 4133.903971; 2026-07-07 12:15:11.614671; 936361 | 938368 | 938880 || 937838 | 937794 | 941143 || 937417 | 934975 | 939079 || 939729 | 939266 | 939314 || 939943 | 942264 | 943741 || 941741 | 943867 | 944507 || 942184 | 16777216 | 945581 || 947212 | 944923 | 943379 || 944996 | 948692 | 947829 || 946054 | 944975 | 944052 || 948397 | 950076 | 948757 || 950469 | 950354 | 950592 || 951086 | 953198 | 950476; TOFFMS=0|768|1536|2289|3056|3824|4576|5344|6096|6864|7632|8384|9152|9920|10672|11440|12208|12960|13728|14496|15248|16016|16784|17536|18304|19071|19824|20592|21343|22112|22879|23632|24400|25167|25919|26687|27455|28207|28975
Group1; 4163.647125; 2026-07-07 12:15:41.357825; 951217 | 953493 | 954012 || 952290 | 952464 | 955601 || 951623 | 950657 | 954212 || 954489 | 954387 | 954974 || 955236 | 957038 | 958393 || 956642 | 958169 | 958787 || 957225 | 16777216 | 960300 || 962062 | 959238 | 957965 || 959644 | 963700 | 962524 || 961129 | 959136 | 957550 || 963403 | 964516 | 963304 || 965270 | 964924 | 965412 || 965795 | 967938 | 965812; TOFFMS=0|752|1520|2288|3040|3808|4576|5328|6096|6864|7616|8384|9136|9904|10672|11424|12192|12960|13712|14480|15248|15999|16767|17535|18287|19056|19823|20576|21343|22111|22864|23631|24383|25151|25919|26671|27439|28207|28959
Group1; 4193.373944; 2026-07-07 12:16:11.084644; 965711 | 968097 | 968957 || 966706 | 967449 | 970553 || 966325 | 963639 | 968237 || 969170 | 968669 | 969445 || 969709 | 972118 | 973318 || 971360 | 973308 | 973942 || 971960 | 16777216 | 974873 || 977007 | 973960 | 972614 || 974414 | 978678 | 977088 || 975785 | 974725 | 973119 || 978247 | 979657 | 978055 || 979978 | 979941 | 980097 || 980936 | 982717 | 979806; TOFFMS=0|768|1520|2288|3056|3808|4576|5344|6096|6864|7632|8384|9152|9920|10672|11440|12192|12960|13728|14496|15248|16015|16768|17535|18303|19055|19823|20591|21343|22112|22879|23632|24399|25167|25919|26687|27455|28207|28975
Group1; 4223.116931; 2026-07-07 12:16:40.827631; 980873 | 983224 | 983308 || 981891 | 982553 | 985535 || 981495 | 979674 | 982888 || 984434 | 983951 | 984316 || 984546 | 986888 | 987833 || 985966 | 988249 | 988636 || 986865 | 16777216 | 989938 || 992221 | 989077 | 987738 || 989656 | 993633 | 992685 || 990934 | 989701 | 987645 || 993489 | 994883 | 993016 || 995460 | 994972 | 995561 || 995825 | 998005 | 995853; TOFFMS=0|752|1520|2272|3040|3808|4560|5328|6096|6848|7616|8384|9136|9904|10672|11424|12191|12959|13712|14480|15231|15999|16767|17520|18287|19056|19807|20576|21343|22095|22863|23631|24384|25151|25919|26671|27439|28207|28959
Group1; 4252.844071; 2026-07-07 12:17:10.554771; 995894 | 998224 | 998463 || 997211 | 997294 | 1000323 || 996510 | 994906 | 998134 || 999130 | 998610 | 999586 || 999124 | 1001751 | 1003265 || 1001275 | 1003456 | 1003924 || 1002195 | 16777216 | 1005190 || 1007388 | 1004426 | 1003039 || 1004718 | 1009075 | 1007659 || 1005595 | 1004232 | 1003057 || 1008660 | 1009833 | 1008423 || 1010648 | 1010229 | 1010265 || 1011274 | 1013407 | 1010852; TOFFMS=0|768|1520|2288|3040|3808|4576|5328|6096|6864|7615|8383|9151|9904|10671|11440|12191|12959|13727|14479|15247|16015|16768|17535|18303|19055|19823|20591|21343|22111|22879|23631|24399|25151|25919|26687|27439|28207|28975
Group1; 4282.570785; 2026-07-07 12:17:40.281485; 1011352 | 1013534 | 1014271 || 1012435 | 1012692 | 1015888 || 1011700 | 1009274 | 1013353 || 1014246 | 1014018 | 1015051 || 1015056 | 1017787 | 1018416 || 1016947 | 1018839 | 1019053 || 1017657 | 16777216 | 1020921 || 1022833 | 1019865 | 1018352 || 1020502 | 1024497 | 1022935 || 1021354 | 1019502 | 1019133 || 1024286 | 1025745 | 1023455 || 1026535 | 1025985 | 1026210 || 1027128 | 1029040 | 1026407; TOFFMS=0|768|1536|2288|3056|3824|4576|5344|6112|6864|7632|8400|9152|9920|10688|11440|12208|12976|13728|14496|15248|16016|16784|17536|18304|19071|19823|20591|21359|22112|22879|23647|24399|25167|25935|26687|27455|28223|28976
Group1; 4312.314016; 2026-07-07 12:18:10.024716; 1027180 | 1029351 | 1029983 || 1028317 | 1028941 | 1031406 || 1028007 | 1027603 | 1029620 || 1030746 | 1030089 | 1031300 || 1030959 | 1033516 | 1034876 || 1032712 | 1034554 | 1035467 || 1033401 | 16777216 | 1036952 || 1038917 | 1035699 | 1034240 || 1036010 | 1040453 | 1038931 || 1037239 | 1035477 | 1034738 || 1040063 | 1041410 | 1039420 || 1042123 | 1041658 | 1042126 || 1042663 | 1044981 | 1042238; TOFFMS=0|768|1520|2288|3056|3808|4576|5344|6096|6864|7616|8383|9152|9903|10672|11440|12192|12959|13727|14480|15248|16015|16768|17535|18303|19055|19823|20591|21343|22111|22879|23631|24399|25151|25919|26687|27439|28207|28975
Group1; 4342.040999; 2026-07-07 12:18:39.751699; 1042609 | 1045073 | 1045797 || 1044053 | 1044721 | 1047830 || 1043222 | 1040361 | 1046502 || 1045925 | 1046078 | 1046820 || 1047010 | 1049352 | 1050210 || 1048460 | 1050339 | 1051574 || 1049100 | 16777216 | 1052527 || 1054804 | 1051933 | 1050460 || 1052012 | 1056527 | 1055069 || 1053244 | 1051521 | 1050350 || 1055916 | 1057389 | 1055310 || 1058126 | 1057716 | 1057669 || 1058791 | 1061205 | 1058112; TOFFMS=0|768|1536|2288|3056|3824|4576|5344|6112|6864|7632|8400|9152|9919|10687|11439|12208|12976|13727|14495|15263|16015|16783|17535|18303|19071|19823|20591|21359|22111|22880|23647|24399|25167|25935|26687|27455|28223|28975
Group1; 4371.783859; 2026-07-07 12:19:09.494559; 1059078 | 1061285 | 1061906 || 1060035 | 1060545 | 1063765 || 1059653 | 1058661 | 1061249 || 1062394 | 1062065 | 1062670 || 1062797 | 1065383 | 1066235 || 1064618 | 1066691 | 1066898 || 1065111 | 16777216 | 1069229 || 1070744 | 1068043 | 1066432 || 1067764 | 1072563 | 1070763 || 1069308 | 1067628 | 1066721 || 1072056 | 1073718 | 1072097 || 1074264 | 1074241 | 1074658 || 1074967 | 1076868 | 1075027; TOFFMS=0|768|1520|2288|3056|3808|4576|5344|6096|6864|7616|8384|9152|9904|10672|11440|12192|12960|13727|14480|15247|16016|16767|17535|18304|19055|19824|20591|21343|22111|22879|23631|24399|25167|25919|26687|27439|28207|28975
Group1; 4401.511269; 2026-07-07 12:19:39.221969; 1074816 | 1077154 | 1077856 || 1075993 | 1076936 | 1079690 || 1075439 | 1073206 | 1077618 || 1078754 | 1078527 | 1079163 || 1079240 | 1081480 | 1082915 || 1080715 | 1082843 | 1083401 || 1081255 | 16777216 | 1085622 || 1086962 | 1083873 | 1083085 || 1084180 | 1088571 | 1087753 || 1085483 | 1083616 | 1083473 || 1088582 | 1090081 | 1088302 || 1090762 | 1090719 | 1090750 || 1091428 | 1093362 | 1090509; TOFFMS=0|767|1535|2287|3056|3824|4575|5344|6111|6864|7631|8399|9151|9919|10687|11439|12207|12975|13727|14495|15263|16015|16783|17535|18303|19071|19823|20591|21359|22111|22879|23647|24399|25167|25935|26687|27455|28222|28975
Group1; 4431.253756; 2026-07-07 12:20:08.964456; 1091361 | 1093971 | 1094575 || 1092412 | 1093428 | 1096880 || 1091525 | 1090060 | 1094766 || 1094991 | 1094501 | 1095483 || 1095565 | 1097967 | 1099198 || 1097169 | 1099480 | 1099997 || 1098305 | 16777216 | 1101819 || 1103929 | 1100410 | 1099124 || 1100942 | 1105515 | 1103840 || 1102112 | 1100176 | 1100191 || 1105227 | 1106841 | 1104583 || 1107771 | 1106278 | 1106904 || 1107955 | 1109847 | 1107530; TOFFMS=0|768|1520|2288|3056|3808|4576|5344|6096|6864|7616|8384|9152|9904|10672|11440|12192|12960|13728|14480|15248|16015|16768|17536|18303|19055|19824|20592|21343|22111|22879|23631|24399|25167|25919|26687|27455|28207|28975
Group1; 4460.980735; 2026-07-07 12:20:38.691435; 1107870 | 1110453 | 1111180 || 1109324 | 1109783 | 1113009 || 1108638 | 1105178 | 1109408 || 1111687 | 1111361 | 1112450 || 1112604 | 1114932 | 1115968 || 1113863 | 1116223 | 1116057 || 1114521 | 16777216 | 1118517 || 1120188 | 1117037 | 1115515 || 1117519 | 1122113 | 1120689 || 1119133 | 1117231 | 1115398 || 1121727 | 1123204 | 1121066 || 1123988 | 1123607 | 1123441 || 1124522 | 1126894 | 1123405; TOFFMS=0|768|1536|2288|3056|3824|4576|5344|6112|6864|7632|8400|9152|9920|10688|11440|12208|12975|13728|14495|15263|16016|16784|17535|18304|19072|19823|20591|21360|22112|22879|23647|24399|25167|25935|26687|27455|28223|28975
Group1; 4490.724434; 2026-07-07 12:21:08.435134; 1124324 | 1126974 | 1127625 || 1125781 | 1126255 | 1129330 || 1125252 | 1123413 | 1125736 || 1127987 | 1127585 | 1128787 || 1128660 | 1131524 | 1132302 || 1130820 | 1132908 | 1133426 || 1131740 | 16777216 | 1135423 || 1137659 | 1133989 | 1132277 || 1134253 | 1138949 | 1137709 || 1135405 | 1133691 | 1132825 || 1138107 | 1140029 | 1138278 || 1140724 | 1140788 | 1141112 || 1141939 | 1143839 | 1140901; TOFFMS=0|767|1519|2288|3055|3807|4575|5343|6096|6863|7615|8383|9151|9903|10671|11439|12191|12959|13727|14479|15247|16015|16767|17535|18303|19055|19823|20590|21342|22111|22878|23631|24398|25167|25918|26687|27454|28206|28974
Group1; 4520.466581; 2026-07-07 12:21:38.177281; 1141522 | 1144149 | 1144826 || 1143063 | 1143320 | 1146200 || 1142319 | 1141007 | 1141580 || 1145563 | 1144919 | 1146283 || 1146231 | 1148932 | 1150389 || 1148098 | 1150007 | 1150902 || 1148797 | 16777216 | 1152327 || 1154487 | 1150836 | 1149541 || 1151375 | 1156054 | 1154298 || 1152676 | 1151213 | 1150243 || 1155889 | 1157282 | 1155501 || 1158089 | 1158325 | 1157683 || 1159162 | 1161661 | 1157617; TOFFMS=0|752|1520|2272|3040|3808|4560|5328|6096|6848|7616|8384|9136|9904|10672|11424|12192|12960|13712|14480|15248|15999|16767|17535|18287|19056|19807|20575|21343|22095|22863|23631|24383|25152|25919|26671|27439|28207|28959
Group1; 4550.193646; 2026-07-07 12:22:07.904346; 1158923 | 1161830 | 1161794 || 1159718 | 1160932 | 1164503 || 1159311 | 1157187 | 1162002 || 1162949 | 1161697 | 1163299 || 1162594 | 1166022 | 1167469 || 1165036 | 1167378 | 1167767 || 1166200 | 16777216 | 1169901 || 1172039 | 1168466 | 1167077 || 1168913 | 1173833 | 1172235 || 1170494 | 1168234 | 1166016 || 1173285 | 1175064 | 1172454 || 1175925 | 1175452 | 1175909 || 1176394 | 1178915 | 1176081; TOFFMS=0|768|1520|2288|3057|3808|4576|5344|6096|6864|7632|8384|9152|9920|10672|11440|12192|12960|13728|14496|15248|16015|16767|17535|18303|19055|19823|20591|21343|22111|22879|23631|24399|25167|25919|26687|27455|28207|28975
Group1; 4579.936558; 2026-07-07 12:22:37.647258; 1176408 | 1178880 | 1179661 || 1177988 | 1178271 | 1181753 || 1177052 | 1175140 | 1179674 || 1180433 | 1179925 | 1180957 || 1181329 | 1183854 | 1184955 || 1182914 | 1185343 | 1186261 || 1184320 | 16777216 | 1186836 || 1190203 | 1186682 | 1184168 || 1186752 | 1191545 | 1190114 || 1187989 | 1186387 | 1184122 || 1190956 | 1192859 | 1190265 || 1193481 | 1193027 | 1193474 || 1193863 | 1196740 | 1194137; TOFFMS=0|752|1520|2288|3040|3808|4576|5328|6096|6848|7616|8384|9136|9904|10672|11424|12192|12960|13712|14479|15247|16000|16768|17535|18287|19055|19823|20576|21343|22111|22864|23632|24383|25152|25919|26671|27439|28207|28959
Group1; 4609.663615; 2026-07-07 12:23:07.374315; 1194369 | 1196947 | 1197487 || 1195233 | 1196026 | 1199528 || 1194512 | 1191292 | 1196689 || 1198207 | 1197810 | 1198853 || 1199024 | 1201728 | 1203100 || 1200806 | 1203088 | 1204162 || 1201934 | 16777216 | 1205221 || 1207485 | 1204312 | 1202122 || 1204654 | 1209717 | 1208391 || 1205466 | 1204345 | 1202682 || 1209363 | 1210706 | 1208592 || 1211528 | 1211270 | 1211777 || 1212401 | 1214816 | 1211867; TOFFMS=0|768|1520|2288|3056|3808|4576|5344|6096|6864|7632|8384|9152|9919|10672|11440|12207|12960|13728|14495|15248|16016|16767|17535|18303|19055|19823|20591|21343|22111|22879|23631|24399|25167|25919|26687|27455|28207|28975
Group1; 4639.406531; 2026-07-07 12:23:37.117231; 1212110 | 1215391 | 1215599 || 1213328 | 1214147 | 1217087 || 1212254 | 1210869 | 1215397 || 1216268 | 1215384 | 1216303 || 1216170 | 1219534 | 1220911 || 1218164 | 1221039 | 1221741 || 1219665 | 16777216 | 1223530 || 1226187 | 1222509 | 1220719 || 1222793 | 1227794 | 1226516 || 1224124 | 1222521 | 1220782 || 1226845 | 1229132 | 1227029 || 1229679 | 1229160 | 1229450 || 1230838 | 1233100 | 1229699; TOFFMS=0|752|1520|2288|3040|3808|4576|5328|6096|6864|7616|8384|9136|9904|10672|11424|12191|12960|13711|14480|15247|15999|16767|17535|18287|19055|19823|20575|21343|22111|22863|23631|24399|25151|25919|26671|27439|28207|28959
Group1; 4669.13384; 2026-07-07 12:24:06.844540; 1230987 | 1233310 | 1234251 || 1231873 | 1232724 | 1236315 || 1230738 | 1229566 | 1232265 || 1234666 | 1234621 | 1235050 || 1235726 | 1238132 | 1239375 || 1237397 | 1239556 | 1240713 || 1238197 | 16777216 | 1241454 || 1244798 | 1240784 | 1238696 || 1241501 | 1246367 | 1244307 || 1242748 | 1240217 | 1239558 || 1245683 | 1247639 | 1244855 || 1249023 | 1248327 | 1248119 || 1249323 | 1251641 | 1247647; TOFFMS=0|768|1520|2288|3056|3808|4576|5343|6096|6864|7632|8383|9151|9919|10671|11439|12207|12959|13727|14495|15247|16015|16783|17535|18303|19071|19823|20591|21343|22111|22879|23631|24399|25167|25919|26687|27455|28207|28975
Group1; 4698.876539; 2026-07-07 12:24:36.587239; 1249054 | 1252080 | 1252679 || 1251021 | 1250962 | 1254091 || 1249863 | 1247555 | 1249023 || 1253402 | 1252895 | 1253679 || 1254355 | 1256661 | 1258518 || 1255962 | 1258596 | 1259757 || 1256547 | 16777216 | 1260896 || 1263555 | 1259704 | 1257797 || 1259902 | 1264671 | 1263036 || 1261223 | 1258486 | 1257973 || 1264794 | 1266250 | 1264406 || 1267280 | 1266975 | 1267101 || 1268306 | 1270513 | 1266914; TOFFMS=0|752|1520|2288|3040|3808|4576|5328|6096|6864|7616|8384|9152|9904|10672|11424|12192|12959|13711|14480|15248|15999|16767|17535|18287|19055|19823|20575|21343|22111|22863|23631|24399|25151|25919|26671|27439|28207|28959
Group1; 4728.603527; 2026-07-07 12:25:06.314227; 1268057 | 1271014 | 1271293 || 1269615 | 1270138 | 1273238 || 1268434 | 1266040 | 1270173 || 1272268 | 1271525 | 1273020 || 1272580 | 1275577 | 1277493 || 1274793 | 1277478 | 1277969 || 1275499 | 16777216 | 1279860 || 1282155 | 1278461 | 1277166 || 1278915 | 1283891 | 1282554 || 1280034 | 1277871 | 1276550 || 1282944 | 1285087 | 1282793 || 1286343 | 1285767 | 1286391 || 1286621 | 1289938 | 1286640; TOFFMS=0|768|1520|2288|3056|3808|4576|5344|6096|6864|7632|8384|9152|9920|10672|11439|12207|12959|13728|14495|15247|16015|16783|17536|18303|19071|19823|20591|21343|22111|22879|23631|24399|25167|25919|26687|27455|28207|28975
Group1; 4758.346492; 2026-07-07 12:25:36.057192; 1286879 | 1290081 | 1290261 || 1288623 | 1289092 | 1292844 || 1287732 | 1283592 | 1289878 || 1291380 | 1291402 | 1291726 || 1292287 | 1294883 | 1296575 || 1293939 | 1296479 | 1297439 || 1295102 | 16777216 | 1298878 || 1301607 | 1297303 | 1295781 || 1298074 | 1303172 | 1301326 || 1299301 | 1296458 | 1296560 || 1302861 | 1304791 | 1301846 || 1305899 | 1305154 | 1305255 || 1306546 | 1309145 | 1305511; TOFFMS=0|752|1520|2288|3040|3808|4576|5328|6096|6864|7616|8384|9152|9904|10672|11424|12191|12960|13712|14480|15248|16000|16767|17535|18287|19055|19823|20575|21343|22111|22863|23631|24399|25151|25919|26687|27439|28207|28959
Group1; 4788.073861; 2026-07-07 12:26:05.784561; 1306443 | 1309176 | 1310203 || 1308130 | 1308290 | 1311476 || 1306903 | 1304060 | 1307064 || 1310733 | 1309782 | 1311031 || 1311414 | 1313823 | 1315729 || 1312650 | 1315615 | 1316403 || 1314282 | 16777216 | 1318286 || 1321410 | 1316610 | 1314689 || 1317724 | 1322456 | 1320703 || 1319173 | 1315648 | 1315267 || 1322268 | 1324107 | 1321620 || 1325285 | 1324601 | 1325150 || 1325810 | 1328579 | 1324865; TOFFMS=0|767|1520|2287|3055|3807|4575|5343|6095|6863|7631|8383|9151|9919|10671|11439|12207|12959|13727|14495|15247|16015|16783|17535|18303|19055|19823|20591|21343|22111|22879|23631|24399|25167|25919|26687|27455|28206|28975
Group1; 4817.816476; 2026-07-07 12:26:35.527176; 1326032 | 1329068 | 1329635 || 1327729 | 1328395 | 1331157 || 1326215 | 1324219 | 1327256 || 1330269 | 1329820 | 1330040 || 1331069 | 1333950 | 1335860 || 1333172 | 1335328 | 1336345 || 1334509 | 16777216 | 1338047 || 1341362 | 1336973 | 1334383 || 1337645 | 1342646 | 1340557 || 1339003 | 1336437 | 1334415 || 1341993 | 1343651 | 1341432 || 1345379 | 1344458 | 1344722 || 1346135 | 1348775 | 1344747; TOFFMS=0|752|1521|2288|3040|3808|4576|5328|6096|6864|7616|8384|9152|9904|10671|11423|12192|12959|13711|14479|15248|15999|16767|17535|18287|19055|19823|20575|21343|22111|22863|23631|24399|25151|25919|26687|27439|28207|28959
Group1; 4847.543417; 2026-07-07 12:27:05.254117; 1346131 | 1348762 | 1348969 || 1347424 | 1347779 | 1352069 || 1346182 | 1342334 | 1348212 || 1350016 | 1349194 | 1351108 || 1350810 | 1353639 | 1355860 || 1352553 | 1355627 | 1356554 || 1354158 | 16777216 | 1358404 || 1360815 | 1356899 | 1355345 || 1356984 | 1362858 | 1361296 || 1358956 | 1356349 | 1355196 || 1361438 | 1363756 | 1361534 || 1365145 | 1364316 | 1364434 || 1365986 | 1368805 | 1364759; TOFFMS=0|768|1520|2288|3056|3808|4576|5344|6096|6864|7632|8384|9152|9920|10672|11439|12208|12959|13728|14496|15248|16016|16783|17535|18304|19071|19824|20591|21343|22111|22879|23631|24399|25167|25919|26687|27455|28207|28975
Group1; 4877.286296; 2026-07-07 12:27:34.996996; 1366422 | 1369110 | 1369663 || 1367001 | 1368155 | 1371558 || 1366424 | 1362719 | 1366941 || 1370469 | 1369013 | 1370436 || 1370482 | 1373871 | 1375585 || 1372867 | 1376191 | 1377294 || 1374508 | 16777216 | 1377433 || 1381518 | 1376983 | 1374446 || 1377471 | 1382985 | 1380266 || 1379026 | 1375793 | 1375223 || 1382455 | 1383411 | 1381174 || 1385455 | 1384808 | 1384705 || 1385953 | 1388665 | 1384768; TOFFMS=0|752|1520|2288|3040|3808|4576|5328|6096|6864|7616|8384|9152|9904|10672|11440|12192|12960|13712|14480|15247|15999|16767|17535|18288|19055|19824|20575|21343|22111|22863|23631|24399|25151|25919|26688|27439|28207|28975
Group1; 4907.013613; 2026-07-07 12:28:04.724313; 1386265 | 1389749 | 1388960 || 1387735 | 1388192 | 1391243 || 1386520 | 1383036 | 1386353 || 1390399 | 1389763 | 1390497 || 1390966 | 1394579 | 1395845 || 1393122 | 1396369 | 1396170 || 1394497 | 16777216 | 1398891 || 1401911 | 1397434 | 1394902 || 1398161 | 1403103 | 1401139 || 1399098 | 1395712 | 1395155 || 1402636 | 1404460 | 1401888 || 1405208 | 1405624 | 1405364 || 1406894 | 1409565 | 1405077; TOFFMS=0|768|1536|2288|3056|3808|4575|5343|6096|6863|7632|8384|9151|9919|10671|11439|12207|12959|13727|14495|15247|16015|16783|17535|18303|19071|19823|20591|21359|22111|22879|23631|24399|25167|25919|26687|27455|28207|28975
Group1; 4936.756103; 2026-07-07 12:28:34.466803; 1406820 | 1410143 | 1410518 || 1407641 | 1408517 | 1412432 || 1407276 | 1403990 | 1407504 || 1411474 | 1410432 | 1411562 || 1411441 | 1414652 | 1415993 || 1413271 | 1416632 | 1417566 || 1414690 | 16777216 | 1418596 || 1422620 | 1417388 | 1415223 || 1418382 | 1424156 | 1421999 || 1419616 | 1416878 | 1415252 || 1423193 | 1425433 | 1422246 || 1425863 | 1425555 | 1426583 || 1426886 | 1429348 | 1425104; TOFFMS=0|752|1520|2288|3040|3808|4576|5328|6096|6864|7616|8384|9152|9904|10672|11440|12192|12960|13712|14479|15247|16000|16768|17536|18287|19055|19823|20575|21344|22111|22863|23631|24399|25151|25919|26687|27439|28207|28975
Group1; 4966.483092; 2026-07-07 12:29:04.193792; 1427178 | 1430035 | 1430489 || 1428180 | 1428843 | 1432579 || 1426815 | 1425027 | 1427168 || 1431606 | 1430199 | 1431430 || 1431753 | 1434929 | 1436204 || 1434127 | 1436633 | 1436840 || 1435506 | 16777216 | 1439325 || 1442756 | 1438201 | 1435455 || 1438725 | 1444719 | 1442083 || 1439975 | 1437177 | 1436175 || 1443243 | 1445556 | 1442256 || 1446751 | 1446090 | 1447105 || 1448183 | 1450311 | 1446023; TOFFMS=0|768|1536|2288|3056|3808|4576|5344|6096|6864|7632|8384|9152|9920|10672|11440|12207|12960|13728|14496|15248|16016|16784|17535|18303|19071|19823|20591|21359|22111|22879|23631|24399|25167|25919|26687|27456|28207|28975
Group1; 4996.226053; 2026-07-07 12:29:33.936753; 1447864 | 1451039 | 1451229 || 1449036 | 1449581 | 1452926 || 1447851 | 1444411 | 1448225 || 1451946 | 1450878 | 1452394 || 1452707 | 1455971 | 1457754 || 1455245 | 1457723 | 1457982 || 1456570 | 16777216 | 1460295 || 1463908 | 1458745 | 1456877 || 1459775 | 1465650 | 1464009 || 1460505 | 1457221 | 1456012 || 1464208 | 1467549 | 1464200 || 1467882 | 1467834 | 1467072 || 1468685 | 1471233 | 1467069; TOFFMS=0|752|1520|2288|3040|3808|4576|5328|6096|6864|7616|8384|9152|9904|10672|11440|12192|12960|13712|14480|15248|16000|16768|17535|18287|19055|19824|20575|21343|22111|22863|23631|24399|25151|25919|26687|27439|28207|28975
Group1; 5025.953073; 2026-07-07 12:30:03.663773; 1468861 | 1472235 | 1472693 || 1470513 | 1470758 | 1474751 || 1469139 | 1465159 | 1469517 || 1473356 | 1472054 | 1473264 || 1474147 | 1477228 | 1479144 || 1476093 | 1479271 | 1480182 || 1477653 | 16777216 | 1481565 || 1484946 | 1480716 | 1478517 || 1481264 | 1486962 | 1484880 || 1482582 | 1479561 | 1477831 || 1486627 | 1488454 | 1484637 || 1489544 | 1488696 | 1489121 || 1490785 | 1493467 | 1488239; TOFFMS=0|768|1536|2288|3056|3808|4576|5344|6096|6864|7632|8384|9152|9920|10672|11440|12208|12960|13727|14496|15248|16016|16784|17535|18303|19071|19824|20591|21359|22111|22880|23631|24399|25167|25919|26687|27455|28207|28975
Group1; 5055.696314; 2026-07-07 12:30:33.407014; 1490733 | 1493793 | 1494520 || 1491917 | 1492690 | 1497344 || 1490185 | 1488524 | 1493114 || 1495206 | 1494164 | 1495692 || 1495869 | 1498838 | 1500746 || 1497977 | 1501272 | 1501828 || 1499948 | 16777216 | 1503236 || 1506951 | 1501972 | 1500237 || 1502871 | 1508859 | 1505816 || 1504384 | 1500297 | 1500705 || 1508068 | 1509413 | 1506697 || 1511657 | 1510688 | 1511177 || 1511915 | 1514967 | 1510964; TOFFMS=0|752|1520|2288|3040|3808|4576|5327|6096|6863|7616|8384|9152|9904|10671|11440|12192|12959|13727|14479|15247|15999|16767|17535|18287|19056|19823|20575|21343|22111|22863|23631|24399|25151|25919|26687|27439|28207|28975
Group1; 5085.423106; 2026-07-07 12:31:03.133806; 1512675 | 1515555 | 1516552 || 1513681 | 1514540 | 1518539 || 1512631 | 1508815 | 1514950 || 1516946 | 1516107 | 1517300 || 1518155 | 1521116 | 1522520 || 1520178 | 1523425 | 1523360 || 1521435 | 16777216 | 1525972 || 1528843 | 1524455 | 1521925 || 1524806 | 1531528 | 1528949 || 1526046 | 1524341 | 1521299 || 1530065 | 1532980 | 1529749 || 1532998 | 1532487 | 1533794 || 1534715 | 1537762 | 1532960; TOFFMS=0|768|1537|2288|3056|3824|4576|5344|6096|6864|7632|8384|9152|9920|10672|11440|12208|12960|13728|14495|15247|16015|16783|17535|18303|19071|19824|20591|21359|22111|22879|23647|24399|25167|25919|26687|27455|28207|28975
Group1; 5115.166122; 2026-07-07 12:31:32.876822; 1534849 | 1538551 | 1538598 || 1536293 | 1536453 | 1540167 || 1535161 | 1531714 | 1534617 || 1539594 | 1538858 | 1539760 || 1540644 | 1543695 | 1545662 || 1542524 | 1545269 | 1545853 || 1544016 | 16777216 | 1548379 || 1551483 | 1546520 | 1544504 || 1547305 | 1553500 | 1551328 || 1548760 | 1545670 | 1545165 || 1552476 | 1554203 | 1551292 || 1555909 | 1554713 | 1555895 || 1557254 | 1560053 | 1555685; TOFFMS=0|752|1520|2288|3040|3808|4576|5328|6096|6864|7616|8384|9152|9904|10672|11439|12191|12959|13728|14479|15248|16015|16768|17536|18303|19055|19824|20575|21343|22111|22863|23632|24399|25151|25919|26687|27439|28207|28975
Group1; 5144.892919; 2026-07-07 12:32:02.603619; 1557430 | 1560874 | 1561424 || 1558532 | 1559521 | 1563146 || 1557413 | 1552881 | 1557409 || 1562161 | 1560940 | 1562854 || 1563146 | 1566095 | 1568043 || 1564748 | 1567902 | 1569204 || 1566298 | 16777216 | 1570604 || 1574496 | 1569425 | 1566664 || 1569692 | 1576907 | 1574148 || 1571353 | 1567693 | 1566250 || 1574974 | 1576883 | 1573917 || 1579050 | 1578339 | 1578177 || 1580019 | 1582452 | 1577176; TOFFMS=0|768|1536|2288|3056|3824|4576|5344|6112|6864|7632|8384|9152|9920|10672|11440|12208|12960|13728|14496|15248|16016|16784|17535|18304|19071|19823|20591|21360|22111|22880|23647|24399|25167|25935|26687|27455|28207|28975
Group1; 5174.636294; 2026-07-07 12:32:32.346994; 1578872 | 1582583 | 1583657 || 1581469 | 1581798 | 1585046 || 1580064 | 1575319 | 1579657 || 1584107 | 1582785 | 1584939 || 1584478 | 1588899 | 1591084 || 1587188 | 1591175 | 1592709 || 1589543 | 16777216 | 1593354 || 1597408 | 1591879 | 1589978 || 1592767 | 1599228 | 1596507 || 1594033 | 1589823 | 1590645 || 1598121 | 1600332 | 1596903 || 1601863 | 1601134 | 1601005 || 1603135 | 1605842 | 1600535; TOFFMS=0|752|1520|2288|3040|3807|4576|5327|6096|6864|7615|8383|9151|9903|10671|11439|12191|12959|13727|14479|15247|16015|16767|17535|18303|19055|19823|20591|21343|22111|22863|23631|24399|25151|25919|26687|27439|28207|28975
